text,label
"Begal di Tambun Ditangkap Polisi, Modus Tuduh Korban Tabrak Adik Polisi menangkap seorang pria berinisial R diduga begal yang beraksi di Jalan Kalimalang, Tambun Selatan, Kabupaten Bekasi, Jawa Barat (Jabar). Pelaku melancarkan aksinya dengan modus menuduh korban menabrak adiknya. ""Modusnya pelaku secara tiba-tiba memberhentikan korban yang sedang mengendarai sepeda motor, kemudian melontarkan tuduhan palsu bahwa korban telah menabrak adiknya guna melumpuhkan mental korban seketika,"" kata Kasubdit Resmob Ditreskrimum Polda Metro Jaya AKBP Resa Fiardi Marasabessy dalam keterangannya, Selasa (18/8/2026). Peristiwa itu terjadi pada Selasa (11/8) yang lalu. Pelaku ditangkap di persembunyiannya di sebuah kontrakan di kawasan Johar Baru, Jakarta Pusat (Jakpus). SCROLL TO CONTINUE WITH CONTENT Tuduhan pelaku terhadap korban bertujuan untuk membuat korban takut. Saat itu pelaku mengajak korban ikut dengannya hingga berujung merampas motor milik korban. ""Di bawah tekanan dan rasa takut, korban yang panik kemudian menuruti ajakan pelaku untuk dibonceng. Usai ikut dengan pelaku, di tengah jalan korban diturunkan secara paksa dan pelaku melarikan diri membawa sepeda motor Honda Scoopy milik korban,"" jelasnya. Saat ini pelaku sudah ditetapkan sebagai tersangka dan ditahan. Pihak kepolisian masih melakukan serangkaian pendalaman. ""Atas perbuatannya, pelaku dijerat dengan Pasal 479 UU Nomor 1 Tahun 2023 tentang KUHP tentang pencurian dengan kekerasan, dengan ancaman hukuman maksimal 9 tahun penjara,"" jelasnya.",PENCURIAN
"Pengakuan Begal Pantat di Badung: 10 Kali Sasar Pemotor Wanita Pengakuan Begal Pantat di Badung: 10 Kali Sasar Pemotor Wanita Agus Eka Purna Negara - detikBali Pria berinisial IWCA (25) yang ditangkap warga karena nekat melakukan aksi begal bokong atau pantat di wilayah Kecamatan Abiansemal, Kabupaten Badung, Bali, membuat pengakuan saat diperiksa polisi. Pemotor yang bekerja sebagai engineering tersebut mengaku telah berulang kali melancarkan aksi tak senonoh terhadap pengendara wanita di jalan raya. Sebelumnya, video penangkapan IWCA mendadak viral di media sosial sejak Senin (17/8/2026) malam setelah dibekuk warga di Banjar Kutaraga, Desa Bongkasa. Pelaku ditangkap usai nekat meremas bokong seorang mahasiswi berinisial NPS (31) yang sedang melintas mengendarai motor jenis metik hingga korban berteriak histeris di lokasi kejadian. Dari hasil pemeriksaan, polisi kemudian mendapati IWCA diduga telah melakukan aksi serupa berkali-kali. ""Dari hasil pemeriksaan lanjutan, terduga pelaku ini akhirnya mengakui bukan pertama kali. Sudah berkali-kali menyasar wanita pengendara sepeda motor,"" kata PS Kasubsipenmas Sihumas Polres Badung Aiptu Ni Nyoman Ayu Inastuti, Selasa (18/8/2026). SCROLL TO CONTINUE WITH CONTENT Berdasarkan hasil interogasi polisi, pria asal Kecamatan Petang tersebut diduga telah melancarkan aksi pelecehan seksual di jalanan sebanyak 10 kali. Seluruh aksi tersebut dilakukan dengan menyasar perempuan maupun remaja putri yang sedang berkendara sendirian. ""Terduga pelaku mengakui sudah sebanyak sepuluh kali di lokasi berbeda. Modusnya selalu sama, memegang bagian sensitif korban secara spontan dari atas motor,"" ujar Ayu Inastuti. Ayu menjelaskan seluruh aksi tersebut selalu dilakukan pelaku saat perjalanan pulang dari tempatnya bekerja di wilayah Ubud, Gianyar. Sekitar pukul 15.00 Wita, pelaku rutin menyusuri jalur sepi yang biasa dilaluinya menuju rumah di daerah Petang menggunakan sepeda motor. Aksi tersebut selalu dilakukan pada sore hari saat jam pulang kerja di sejumlah jalur yang dilintasinya. Lokasi yang disasar meliputi kawasan Jalan Raya Bongkasa, Banjar Pengembungan Sari, Sawah Petegeh Taman Punggul, hingga Carangsari. Secara terperinci, pelaku mengaku beraksi di Subak Singempel sebanyak tiga kali, Banjar Pengembungan Sari dua kali, wilayah Petegeh empat kali, dan kawasan Carangsari satu kali. Petugas penyidik Unit Reskrim Polsek Abiansemal kini terus mendalami keterangan tersebut guna memastikan kemungkinan adanya korban lain. ""Kami mengimbau kepada masyarakat, khususnya kaum perempuan yang merasa pernah menjadi korban pelecehan serupa di jalur tersebut, untuk tidak ragu melapor. Pelaku saat ini sudah diamankan di Polsek Abiansemal untuk proses hukum lebih lanjut,"" pungkas Ayu Inastuti. BEM UI Bakal Demo di Bundaran HI, Polisi Siapkan Rekayasa Lalu Lintas Tsunami Kebangkrutan Hantam Jepang, 1.000 Usaha Tumbang 2 Bulan Beruntun Tips Awet Muda ala Nindy Ayunda Nyicil Wuling Aira ev Bisa Rp 900 Ribuan/Bulan, DP Minimal Segini Cantiknya Shanna Shannon saat Ngeteh hingga Menikmati Aneka Dessert Manis Investigasi Keracunan MBG di Karo, BGN: Ikan Tak Masuk Freezer 12 Jam Mengisi Usia Senja, Para Petani Desa Timpik Menabuh Gamelan 10 HP dengan Radiasi Tertinggi, Masih Ada yang Pakai? Kejuaraan Dunia 2026: Jonatan Awali dengan Mulus, Singgung soal Venue Dear MU, Izinkan Carrick Bangun Skuad Dulu Potret Hayden Panettiere dari Masa ke Masa, Kini Meninggal di Usia 36 Kemnaker Rekrut Peserta Magang ke Jepang, Cek Syarat dan Cara Daftar di Sini! Cari Kerja di Bali? Ini 3 Lowongan Terbaru 2026 Lengkap dengan Kualifikasi Kopdes Merah Putih Rekrut 30.000 Manajer, Ini Syarat dan Jadwalnya 2 Pekan Usai Diterjang Banjir, Tanggul Jembatan di Kusamba Belum Diperbaiki Kabel Menjuntai Bahayakan Warga di Klungkung, Sudah Lapor Belum Direspons Rusak Bertahun-tahun, Jalan Abimanyu Buleleng Belum Juga Diperbaiki",BEGAL
"Nekat Pegang Pantat Mahasiswi, Pria di Bongkasa Badung Ditangkap Warga Nekat Pegang Pantat Mahasiswi, Pria di Bongkasa Badung Ditangkap Warga Agus Eka - detikBali Pria berinisial IWCA (25) diringkus warga lantaran diduga melakukan pelecehan seksual terhadap seorang mahasiswi inisial NPS (31) di Desa Bongkasa, Kecamatan Abiansemal, Badung, Bali. Video penangkapan terduga pelaku 'begal bokong' terhadap pengendara perempuan itu viral di media sosial. ""Video yang beredar di media sosial memang benar terkait pengamanan seorang pria terduga pelaku pelecehan seksual di wilayah Bongkasa. Anggota UKL Polsek Abiansemal sudah menerima laporan dari warga setempat,"" kata PS Kasubsipenmas Sihumas Polres Badung Aiptu Ni Nyoman Ayu Inastuti, Selasa (18/8/2026). SCROLL TO CONTINUE WITH CONTENT Aksi tak senonoh tersebut bermula saat IWCA mengendarai motor dalam perjalanan pulang bekerja dari daerah Ubud, Gianyar, menuju rumahnya di wilayah Kecamatan Petang, Badung. Saat melintas di depan warung sate Banjar Kutaraga, Bongkasa, pelaku melihat korban yang sedang mengendarai motor. ""Pelaku ini spontan memegang bagian pantat korban satu kali,"" ujar Ayu Inastuti. Berdasarkan video yang beredar di media sosial, terduga pelaku lantas dicegat serta dikepung warga di tepi jalan. Pelaku yang berdiri pasrah terus dicecar sejumlah pria lokal, termasuk beberapa warga yang mengenakan pakaian adat. Saat diinterogasi warga, IWCA tampak memberikan penjelasan yang berbelit-belit. Terduga pelaku sempat mengaku nekat membuntuti karena didasari rasa penasaran. Namun, teriakan korban yang kaget akan kelakuan IWCA langsung memancing perhatian warga dan menghentikan laju kendaraan pria itu. IWCA pun tak berkutik dan hanya menunduk sembari membuka menunjukkan tanda pengenal kepada warga berpakaian adat yang mendekatinya. ""Terduga pelaku sudah diamankan. Saat ini masih di Polsek Abiansemal, masih diperiksa,"" pungkas Ayu Inastuti. BEM UI Bakal Demo di Bundaran HI, Polisi Siapkan Rekayasa Lalu Lintas Apa Itu Kartu Kredit Indonesia? Ini Fungsi dan Cara Pakainya Ardhito Pramono Gugat Sony Music Indonesia Ini 2 Merek Motor Listrik yang Dapat Insentif dari Pemerintah Resep Sayur Lodeh Nangka Muda yang Gurih Sedap Buat Makan Siang Merinding! Ada 10 Larva Bersarang di Hidung Wanita Ini Mengisi Usia Senja, Para Petani Desa Timpik Menabuh Gamelan Deretan Bos AI yang Mendadak Kaya Raya di Usia 20-an Rodri Gabung Barca bukan Kabar Baik untuk Madrid Jika Man City Kalah di Community Shield, Besoknya Juara Liga Inggris Potret Hayden Panettiere dari Masa ke Masa, Kini Meninggal di Usia 36 Kemnaker Rekrut Peserta Magang ke Jepang, Cek Syarat dan Cara Daftar di Sini! Cari Kerja di Bali? Ini 3 Lowongan Terbaru 2026 Lengkap dengan Kualifikasi Kopdes Merah Putih Rekrut 30.000 Manajer, Ini Syarat dan Jadwalnya 2 Pekan Usai Diterjang Banjir, Tanggul Jembatan di Kusamba Belum Diperbaiki Kabel Menjuntai Bahayakan Warga di Klungkung, Sudah Lapor Belum Direspons Rusak Bertahun-tahun, Jalan Abimanyu Buleleng Belum Juga Diperbaiki",BEGAL
"Video: Dua Aksi Begal Beraksi di Probolinggo dalam Semalam, Korbannya Pemotor Wanita Scroll atau gunakan tombol
                                        [ ]
                                        [ ] serta klik panah di sisi kanan untuk menjelajahi feed video. Aksi pembegalan sepeda motor yang disertai ancaman senjata tajam dilaporkan terjadi secara beruntun dalam satu hari di wilayah hukum Polres Probolinggo dan Polres Probolinggo, Jawa Timur. Kejadian pertama menimpa seorang buruh pabrik rokok bernama Hidayati, di mana korban diancam dan sempat disabet celurit pada bagian helm sebelum sepeda motor Honda Beat Street baru serta tas miliknya dirampas. Pada hari yang sama, aksi serupa juga menimpa Kartika Dewi Ningtyas, warga Lumajang, yang kehilangan sepeda motor Honda Scoopy miliknya setelah diadang kawanan begal",BEGAL
"Video Gak Bisa Berkutik! Detik-detik Begal Sadis Majalaya Ditangkap! Scroll atau gunakan tombol
                                        [ ]
                                        [ ] serta klik panah di sisi kanan untuk menjelajahi feed video. Rekaman video penangkapan pelaku begal di Majalaya yang sempat piting leher korban saat jalan pulang malam. Terima kasih tim Kepolisian yang bergerak cepat mengamankan pelaku! Tetap selalu waspada ya guys kalau lewat jalanan sepi malam-malam.",BEGAL
"HUT Ke-81 RI, Polres-Pemkot Jakut Kumpulkan Warga Deklarasi Antitawuran Polres Metro Jakarta Utara bersama Forkopimko melakukan deklarasi anti tawuran . Kegiatan ini dilakukan dalam rangka peringatan hari ulang tahun (HUT) atau Hari Kemerdekaan Indonesia yang ke-81. Kegiatan yang bertajuk 'Jamuan Rakyat' ini dipusatkan di Jakarta International Stadium (JIS), Tanjung Priok. Kegiatan juga digelar di 9 titik, yaitu RPTRA Waduk Pluit dan RTH Kalijodo di Penjaringan, GOR Rawa Badak dan Islamic Center di Koja, GOR Semper Barat dan GOR Sekda Saefullah di Cilincing, JIS dan GOR Sunter di Tanjung Priok, serta area parkir Benyamin Sueb di Pademangan. SCROLL TO CONTINUE WITH CONTENT Kegiatan dipimpin Wali Kota Jakarta Utara Hendra Hidayat, Kapolres Metro Jakarta Utara Kombes Oki Waskito, unsur TNI, dan diikuti ratusan warga lainnya. Oki mengatakan kegiatan itu menjadi momentum mempererat kebersamaan dan mengajak masyarakat menjaga keamanan dan ketertiban lingkungan. ""Dalam kegiatan tersebut, Forkopimko Jakarta Utara bersama masyarakat juga menyampaikan Deklarasi Antitawuran sebagai bentuk komitmen bersama untuk menolak segala bentuk aksi tawuran dan kekerasan,"" kata Oki dalam keterangannya, Selasa (18/8/2026). Berbagai kegiatan turut memeriahkan Jamuan Rakyat, mulai pembagian sembako, pentas hiburan rakyat, bazar UMKM, perlombaan 17 Agustus, hingga pemeriksaan kesehatan gratis. Polisi juga mengajak masyarakat sama-sama menjaga ketertiban. ""Antusiasme masyarakat terlihat dalam kegiatan tersebut. Warga menyambut positif Jamuan Rakyat yang dinilai menjadi ruang untuk berkumpul, bersilaturahmi dan menikmati perayaan HUT Kemerdekaan bersama keluarga dan masyarakat,"" tuturnya. Masyarakat menyambut baik kegiatan itu, terlebih dengan adanya deklarasi anti tawuran. Melalui kegiatan itu, Forkopimko Jakarta Utara mengajak seluruh masyarakat terus menjaga persatuan, mempererat persaudaraan, dan bersama-sama mencegah aksi tawuran.",TAWURAN
"Disdik Sumsel Minta Guru-Orang Tua Awasi Anak untuk Cegah Tawuran di Palembang Dinas Pendidikan (Disdik) Sumatera Selatan (Sumsel) meminta guru dan orang tua siswa untuk mengawasi anak-anaknya untuk mencegah aksi tawuran di Palembang. Hal itu menyusul adanya ajakan aksi tawuran saat HUT ke-81 RI, Senin (17/8/2026). Untuk mencegah itu, Disdik Sumsel sudah membuat surat edaran pencegahan tawuran antarpelajar telah disebar ke seluruh kepala SMK negeri dan swasta di Palembang. ""Kita sudah berkoordinasi dengan pihak kepolisian untuk pencegahan dan penanganan jika terjadi aksi kenakalan remaja. Mudah-mudahan surat edaran yang kita sampaikan ke sekolah ditindaklanjuti,"" ujar Kepala Disdik Sumsel Mondyaboni, Senin (17/8/2026). SCROLL TO CONTINUE WITH CONTENT Dalam SE itu, sekolah juga diminta membentuk tim pencegahan dan penanganan kekerasan (TPPK) atau satgas di sekolah untuk mengantisipasi tindakan kekerasan. Selain pihak sekolah yang diminta menyampaikan imbauan kepada siswa agar tidak melakukan tawuran, orang tua juga diminta ikut mengawasi anaknya. Dalam SE itu, orang tua diimbau melarang anaknya keluar pada malam hari dan melakukan tindakan yang mengarah pada aksi tawuran serta kenakalan remaja lainnya. Selain itu, orang tua juga diminta mewaspadainya dengan memeriksa barang bawaan anaknya, mengecek tas dan perlengkapan sekolah secara berkala. Hal itu untuk memastikan tidak ada barang tajam, senjata, atau atribut tertentu. Kemudian, pantauan juga diminta dilakukan dalam pergaulan anak, aktivitas media sosial, dan lainnya. ""Koordinasi juga saya minta lakukan dengan para orang tua siswa. Mudah-mudahan di Sumsel selalu dalam keadaan aman,"" katanya. Dia juga meminta para siswa tidak mudah terprovokasi dengan ajakan-ajakan yang mengarah pada aksi tidak baik. Dia meminta agar para siswa ikut menjaga kondusivitas. ""Jika ada yang terlibat akan ada sanksi tegas sesuai dengan peraturan yang berlaku di sekolah dan perundang-perundangan,"" ungkapnya. ""Kita ingin di hari kemerdekaan RI ini, pendidikan Sumsel semakin maju,"" sambungnya.",TAWURAN
"Tawuran Remaja Sedang Marak Terjadi di Palembang, Ini Kata Ratu Dewa Aksi tawuran yang melibatkan anak remaja kembali menjadi perhatian Pemerintah Kota Palembang. Wali Kota Palembang Ratu Dewa meminta jajaran Dinas Pendidikan Kota Palembang turun langsung ke sekolah-sekolah untuk memberikan edukasi kepada para siswa mengenai bahaya dan dampak tawuran. Ratu Dewa menilai pencegahan tawuran tidak cukup hanya dilakukan melalui penindakan. Edukasi sejak di lingkungan sekolah dinilai penting agar para pelajar memahami bahwa tawuran dapat membahayakan diri sendiri maupun orang lain serta berpotensi menimbulkan persoalan hukum. ""Saya sudah meminta Dinas Pendidikan untuk turun ke sekolah-sekolah. Berikan edukasi kepada anak-anak kita tentang bahaya tawuran, jangan sampai mereka terlibat dalam aksi yang bisa merugikan diri sendiri dan orang lain,"" katanya kepada wartawan, Senin (17/8/2026). SCROLL TO CONTINUE WITH CONTENT Menurut Dewa, sekolah harus menjadi salah satu garda terdepan dalam mencegah keterlibatan pelajar dalam aksi tawuran. Guru dan pihak sekolah diminta lebih aktif memantau perilaku siswa, termasuk memberikan pembinaan apabila ditemukan indikasi adanya kelompok atau siswa yang berpotensi terlibat tawuran. Selain menggandeng Dinas Pendidikan, Ratu Dewa juga telah berkoordinasi dengan Kapolrestabes Palembang untuk menangani maraknya aksi tawuran remaja. Dewa mengatakan, koordinasi tersebut langsung ditindaklanjuti pihak kepolisian. Anggota kepolisian telah diturunkan ke sejumlah sekolah yang terdeteksi memiliki siswa yang diduga terlibat atau berkaitan dengan aksi tawuran. ""Kemarin saya juga sudah koordinasi langsung dengan Kapolrestabes Palembang. Alhamdulillah, Kapolres bergerak cepat. Anggota sudah diturunkan ke sekolah-sekolah yang terdeteksi anak-anaknya terlibat tawuran,"" ungkapnya. Dewa berharap langkah tersebut dapat menjadi upaya bersama untuk memutus mata rantai tawuran di kalangan pelajar. Menurutnya, penanganan persoalan tersebut membutuhkan kolaborasi antara pemerintah, kepolisian, sekolah, keluarga, hingga lingkungan masyarakat. Dia juga secara khusus meminta para orang tua meningkatkan pengawasan terhadap anak-anak mereka. Pengawasan keluarga, kata Dewa, sangat penting karena aktivitas anak tidak hanya berlangsung di sekolah, tetapi juga ketika berada di luar rumah. ""Saya juga meminta peran aktif orang tua. Tolong awasi anak-anak kita. Jangan dibiarkan berkeliaran pada malam hari tanpa pengawasan,"" tegasnya. Orang tua juga diminta mengetahui lingkungan pergaulan anak. Dewa mengingatkan agar orang tua tidak segan menanyakan dengan siapa anak mereka berteman dan mengetahui aktivitas yang dilakukan di luar rumah. ""Awasi pergaulan mereka, mereka berteman dengan siapa, aktivitasnya apa. Bahkan kalau perlu cek HP anak-anak, sehingga orang tua tahu komunikasi dan lingkungan pergaulan mereka,"" katanya. Dewa menilai pengawasan tersebut bukan semata-mata bentuk pembatasan terhadap anak, melainkan bagian dari upaya melindungi mereka dari pengaruh lingkungan yang dapat mendorong terjadinya kenakalan remaja hingga tawuran. ""Ini tanggung jawab kita bersama. Pemerintah tidak bisa bekerja sendiri. Sekolah tidak bisa bekerja sendiri, polisi juga tidak bisa sendiri. Orang tua harus ikut mengawasi dan memberikan pemahaman kepada anak-anak,"" sambungnya. Pemkot Palembang berharap sinergi antara sekolah, kepolisian dan keluarga dapat mencegah aksi tawuran kembali terjadi. Edukasi kepada pelajar juga diharapkan membuat para siswa lebih memahami konsekuensi dari tindakan mereka serta memilih kegiatan yang lebih positif. Dewa menegaskan bahwa anak-anak dan pelajar merupakan generasi penerus yang harus dijaga. Karena itu, setiap potensi yang dapat membawa mereka ke dalam aksi kekerasan harus dicegah sejak dini. ""Kita ingin anak-anak Palembang tumbuh menjadi generasi yang baik, berprestasi dan punya masa depan. Jangan sampai masa depan mereka rusak hanya karena ikut-ikutan tawuran,"" pungkasnya.",TAWURAN
"Video: Pecah Bentrokan di Menteng Tewaskan 1 Orang Dipicu Geber Motor saat Sarapan Scroll atau gunakan tombol
                                        [ ]
                                        [ ] serta klik panah di sisi kanan untuk menjelajahi feed video. Bentrokan maut antara warga dengan sekelompok orang terjadi di Jalan Tambak, Menteng, Jakarta Pusat (Jakpus), menewaskan satu orang. Bentrokan warga dengan sekelompok orang tersebut dipicu karena cekcok soal sarapan nasi uduk.",TAWURAN
"Video: Bentrok Geng Motor Vs Warga di Makassar, 1 Motor Dibakar Scroll atau gunakan tombol
                                        [ ]
                                        [ ] serta klik panah di sisi kanan untuk menjelajahi feed video. Puluhan anggota geng motor terlibat bentrok dengan warga di Kota Makassar pada Jumat (17/7) dini hari tadi. Peristiwa tersebut terjadi di Jalan Veteran Selatan-Rappocini. Warga juga membakar satu motor trail yang diduga milik anggota geng motor pada peristiwa tersebut. Kini kasus bentrokan ini tengah didalami oleh kepolisian. Klik di sini untuk melihat video lainnya!",TAWURAN
"Cekcok soal Uang dan Perempuan, Pria di Muara Enim Dibacok Pria di Muara Enim, Sumatera Selatan, bernama Edi Kiswanto (36) dibacok oleh Hengki Cristiandi (39). Pembacokan itu dipicu soal ribut wanita dan uang. Akibat pembacokan itu, korban Edi mengalami luka robek di bagian kening. Peristiwa itu terjadi di sebuah kontrakan di Jalan Kamboja II, Desa Tegal Rejo, Kecamatan Lawang Kidul, Muara Enim, pada Senin (17/8/2026) sekitar pukul 15.15 WIB. ""Benar, telah terjadi dugaan tindak pidana penganiayaan. Korban mengalami luka pada bagian kening akibat senjata tajam,"" Kasat Reskrim Polres Muara Enim AKP M Adrian, Selasa (18/8/2026). Adrian menjelaskan, persoalan tersebut bermula dari hubungan antara Hengki dan seorang perempuan bernama Riyan Marsela. Hengki kerap memberikan uang kepada Riyan karena menyukainya. SCROLL TO CONTINUE WITH CONTENT Namun, pelaku menyadari bahwa dirinya merasa dipermainkan. Uang yang sebelumnya sering diberikannya kepada Riyan kemudian dianggap sebagai utang. Mengetahui itu, orang tua Riyan yakni Winarno mendatangi rumah Hengki untuk menyelesaikan persoalan tersebut. Tak lama kemudian, Edi yang merupakan pacar Riyan juga datang ke lokasi. Di kontrakan itulah terjadi cekcok antara Edi dan Hengki. Adu mulut tersebut kemudian memanas hingga pelaku mengambil badik yang disimpannya di dalam laci lemari. ""Pelaku kemudian mengeluarkan senjata tajam jenis badik dan mengayunkannya ke arah korban hingga mengenai bagian kening,"" ujarnya. Korban yang terkena sabetan berusaha merebut badik tersebut. Dalam perebutan itu, jari manis tangan kanannya juga mengalami luka lecet. Winarno yang berada di lokasi kemudian ikut membantu merebut senjata tajam tersebut. Setelah berhasil diamankan, badik diserahkan kepada Riyan. Setelah kejadian itu, Edi dibawa ke Rumah Sakit Bukit Asam Medika (BAM) untuk mendapatkan perawatan. ""Korban mendapatkan enam jahitan di bagian kening dan mengalami luka lecet pada jari manis tangan kanan,"" jelasnya. Polisi yang menerima laporan langsung mendatangi lokasi dan berhasil mengamankan Hengki untuk dilakukan pemeriksaan. Seain pelaku, petugas juga mengamankan barang bukti berupa sebilah badik bergagang kayu warna hitam yang dibalut lakban yang digunakan pelaku untuk menyerang korban. ""Hengki kini diproses hukum. Dia dijerat Pasal 466 Undang-Undang Nomor 1 Tahun 2023 tentang KUHP terkait tindak pidana penganiayaan,"" tegasnya.",PEMBACOKAN
"Ayah dan Anak Diperiksa di Kasus Penagih Utang Rp 500 Ribu Dibacok Kasus pembacokan Supandang (40), warga Desa Jrebeng, Kecamatan Wonomerto, Kabupaten Probolinggo, terus bergulir setelah korban meninggal dunia. Polisi kini masih memeriksa intensif dua orang yang diamankan dalam kasus tersebut, sementara keluarga korban sempat berencana menggelar demonstrasi karena mengira hanya satu pelaku yang ditangkap. Kepala Desa Jrebeng, Ruslan mengatakan, dua orang yang kini menjalani pemeriksaan tersebut merupakan Riyadi (60) dan anaknya, Kosnadi (35), warga Desa Tunggakcerme, Kecamatan Wonomerto. Kosnadi sebelumnya telah ditetapkan sebagai tersangka, sedangkan keterlibatan Riyadi masih didalami penyidik. SCROLL TO CONTINUE WITH CONTENT ""Benar kalau pelakunya dua orang ini sekarang masih diperiksa intensif pihak kepolisian,"" kata Ruslan. Informasi awal yang diterima keluarga korban sempat menyebut hanya satu orang yang diamankan polisi. Kondisi itu kemudian memicu rencana keluarga untuk melakukan aksi demonstrasi karena mengira satu orang lainnya belum ditangkap. ""Rencana keluarga mau demo, karena keluarga mengira hanya satu pelaku yang ditangkap dan satu pelaku tidak,"" ungkapnya. Namun, rencana tersebut akhirnya batal setelah anggota Polsek Wonomerto mendatangi rumah korban. Polisi memberikan penjelasan kepada keluarga mengenai proses pemeriksaan yang masih berlangsung. ""Beruntung gak jadi, karena Polsek sudah ke rumah korban, ngasih pengarahan dan penjelasan, masih proses pemeriksaan,"" ujar Ruslan. Kasus tersebut bermula ketika Supandang diduga hendak menagih sisa utang Rp 500 ribu kepada terduga pelaku pada Selasa (11/8/2026). Keduanya kemudian berpapasan di Jalan Desa Tunggakcerme hingga terjadi cekcok yang berujung pada pembacokan. Supandang mengalami luka serius di sejumlah bagian tubuh, termasuk leher dan punggung. Setelah menjalani perawatan medis, korban akhirnya meninggal dunia pada Sabtu (15/8/2026) dan dimakamkan sekitar pukul 22.00 WIB di RSUD dr Soebandi, Jember. ""Benar meninggal hari Sabtu, di rumah sakit Jember, sudah dimakamkan malam kira-kira jam 22.00 WIB,"" ujar Ruslan. Polisi kini masih melakukan pemeriksaan intensif untuk mengungkap secara utuh kronologi, motif pembacokan, serta peran masing-masing pihak yang diamankan.",PEMBACOKAN
"Pria Probolinggo Dibacok Saat Tagih Utang Rp 500 Ribu Meninggal Dunia Niat menagih sisa utang Rp 500 ribu berujung maut bagi Supandang (40), warga Desa Jrebeng, Kecamatan Wonomerto, Kabupaten Probolinggo. Supandang meninggal dunia setelah lima hari menjalani perawatan akibat luka bacok serius yang dideritanya dalam insiden di Jalan Desa Tunggakcerme. Supandang mengembuskan napas terakhir pada Sabtu (15/8/2026) setelah sempat mendapatkan perawatan medis di sejumlah fasilitas kesehatan. Jenazah korban kemudian dimakamkan pada malam hari sekitar pukul 22.00 WIB di RSUD dr Soebandi, Jember. Kepala Desa Jrebeng, Kecamatan Wonomerto, Ruslan, membenarkan kabar tersebut. SCROLL TO CONTINUE WITH CONTENT ""Benar meninggal hari Sabtu, di rumah sakit Jember, sudah dimakamkan malam kira-kira jam 22.00 WIB,"" ujar Ruslan saat dikonfirmasi detikJatim, Senin (18/8/2026). Sebelumnya, Supandang menjadi korban pembacokan di Jalan Desa Tunggakcerme pada Selasa (11/8/2026). Peristiwa itu diduga bermula saat korban hendak menagih sisa utang kepada terduga pelaku. Korban dan terduga pelaku kemudian berpapasan di jalan desa. Keduanya diduga terlibat cekcok hingga berujung pembacokan. Akibat kejadian tersebut, Supandang mengalami sejumlah luka serius, termasuk pada bagian leher dan punggung. Korban sempat dievakuasi ke IGD Rumah Sakit Ar Rozy, Kota Probolinggo, sebelum mendapatkan perawatan lebih lanjut di rumah sakit di Jember. Polisi kemudian mengamankan dua orang yang merupakan bapak dan anak, yakni Riyadi (60) dan Kosnadi (35), warga Desa Tunggakcerme, Kecamatan Wonomerto. Dalam perkembangan awal penyidikan, Kosnadi telah ditetapkan sebagai tersangka. Sementara itu, keterlibatan Riyadi masih didalami penyidik.",PEMBACOKAN
"Video Niat Tagih Utang 500 Ribu, Pria di Probolinggo Malah Dibacok! Scroll atau gunakan tombol
                                        [ ]
                                        [ ] serta klik panah di sisi kanan untuk menjelajahi feed video. Niat menagih sisa utang sebesar 500 ribu rupiah, seorang warga di Probolinggo, Jawa Timur, justru menjadi korban pembacokan di jalan desa. Korban yang mengalami luka cukup serius langsung dievakuasi ke IGD RS Ar Rozy Probolinggo. Saat ini, terduga pelaku sudah diamankan oleh Pihak Kepolisian Polres Probolinggo Kota untuk proses hukum lebih lanjut.",PEMBACOKAN
"Video Marbot Masjid di Purwakarta Tewas Dibacok saat Hendak Azan Scroll atau gunakan tombol
                                        [ ]
                                        [ ] serta klik panah di sisi kanan untuk menjelajahi feed video. Seorang marbot masjid di Desa Cibodas, Bungursari, Purwakarta, ditemukan tewas bersimbah darah di area masjid. Sejumlah luka akibat senjata tajam ditemukan di tubuh korban. Polisi mengamankan barang bukti senjata tajam. Pelaku sudah teridentifikasi dan saat ini tengah diburu oleh polisi.",PEMBACOKAN
"Asap Makin Pekat, Dinkes Palangka Raya Bagikan Masker-Siapkan Oksigen Kabut asap yang menyelimuti sejumlah kawasan di Kota Palangka Raya membuat Dinas Kesehatan (Dinkes) meningkatkan kewaspadaan. Puluhan kotak berisi ratusan masker dibagikan gratis kepada pengendara sebagai langkah perlindungan dari paparan asap. Sebanyak 50 kotak masker dibagikan Dinkes Kota Palangka Raya kepada masyarakat yang melintas di kawasan Bundaran Besar, Selasa (18/8/2026) pagi. Kondisi asap yang terlihat cukup pekat menjadi alasan pembagian masker dilakukan di kawasan tersebut. Kepala Dinkes Kota Palangka Raya Riduan mengatakan, pembagian masker merupakan bentuk respons pemerintah terhadap kondisi udara yang kurang baik akibat kabut asap. ADVERTISEMENT SCROLL TO CONTINUE WITH CONTENT ""Kami dari Pemerintah Kota melalui Dinas Kesehatan membagikan masker untuk yang melewati bundaran,"" ujar Riduan, Selasa (18/8/2026). Aksi tersebut tidak hanya dilakukan sekali. Dinkes berencana memindahkan lokasi pembagian masker ke sejumlah titik lain agar perlindungan dapat menjangkau lebih banyak masyarakat. ""Lokasinya akan kita pindah-pindah. Hari ini pagi kita melaksanakan di Bundaran Burung. Mungkin nanti sore di Bundaran Kecil akan kita bagikan,"" katanya. Dinkes memberikan perhatian khusus kepada kelompok yang dinilai lebih rentan terhadap dampak kabut asap. Mereka yakni anak-anak usia sekolah tingkat SD hingga SMA, ibu hamil, serta lanjut usia (lansia). ""Selain pembagian masker, tenaga kesehatan dan fasilitas pelayanan kesehatan juga diminta meningkatkan kesiapsiagaan untuk menghadapi kemungkinan meningkatnya keluhan kesehatan akibat paparan asap,"" katanya. Riduan menjelaskan, paparan asap dapat memicu Infeksi Saluran Pernapasan Akut (ISPA). Kondisi tersebut juga berpotensi memperburuk penyakit pernapasan yang sudah dimiliki seseorang, termasuk asma. ""Yang jelas asap biasanya ISPA. Yang kedua, mereka yang asma mungkin kambuh. Bagi penderita asma, segera mungkin berobat,"" ujarnya. Sebagai langkah antisipasi apabila ada warga yang mengalami sesak napas, Dinkes juga menyiapkan dukungan oksigen di fasilitas kesehatan. ""Sedikitnya lima tabung oksigen disiapkan dan dapat dimanfaatkan masyarakat secara gratis apabila membutuhkan bantuan pernapasan,"" ujarnya. Meski kabut asap mulai mengganggu aktivitas warga, hingga kini belum terdapat laporan kematian yang dikaitkan dengan dampak asap. Keluhan kesehatan yang ditemukan masih didominasi kasus ISPA ringan. Dinkes berharap hujan segera turun sehingga kabut asap dapat berkurang. Masyarakat juga diminta tidak mengabaikan kondisi udara dan tetap menggunakan masker, terutama ketika harus beraktivitas di luar ruangan. ""Warga tetap waspada dan gunakan masker saat beraktivitas di luar ruangan,"" pungkasnya. Sebelumnya, Sehari setelah perayaan HUT ke-81 Kemerdekaan Republik Indonesia, kabut asap kembali menyelimuti Kota Palangka Raya. Kondisi cukup pekat terlihat pada Selasa (18/8/2026) pagi, terutama di sejumlah ruas jalan kawasan Jalan Tingang hingga Kecamatan Jekan Raya. Pantauan sekitar pukul 06.40 WIB menunjukkan asap begitu tebal hingga membuat jarak pandang pengguna jalan terbatas. Kendaraan yang melintas pun harus lebih berhati-hati karena kondisi tersebut berpotensi meningkatkan risiko kecelakaan. Di tengah kepungan asap, aktivitas warga tetap berjalan. Jalanan mulai dipadati kendaraan, sementara anak-anak sekolah tetap berangkat menuju sekolah masing-masing meski harus menembus kabut asap. Kondisi ini menjadi perhatian tersendiri bagi para orang tua dan pengguna jalan. ""Kabut asap yang pekat tidak hanya mengganggu jarak pandang, tetapi juga dapat berdampak terhadap kesehatan, terutama bagi anak-anak yang harus beraktivitas di luar ruangan. Ini tadi habis antar anak sekolah,"" ujar warga Palangka Raya, Adhe Ardani. Hingga Selasa pagi, aktivitas belajar mengajar di sekolah masih berlangsung seperti biasa. Belum ada imbauan mengenai peliburan kegiatan belajar mengajar akibat kondisi kabut asap tersebut. Sejumlah pengendara terlihat tetap melintas dengan meningkatkan kewaspadaan. Kecepatan kendaraan dikurangi untuk mengantisipasi jarak pandang yang pendek. Kabut asap yang kembali menyelimuti Palangka Raya juga menghidupkan kembali kekhawatiran masyarakat terkait dampak karhutla. Kondisi udara yang memburuk dapat mengganggu aktivitas sehari-hari sekaligus meningkatkan risiko gangguan kesehatan apabila paparan berlangsung terus-menerus. ""Masyarakat diimbau meningkatkan kewaspadaan, terutama ketika beraktivitas di luar rumah. Penggunaan masker menjadi salah satu langkah perlindungan yang dapat dilakukan ketika kondisi asap semakin pekat,"" ujar Kadinkes Kota Palangka Raya, Riduan. Pemerintah daerah juga diharapkan terus memantau kualitas udara serta perkembangan kebakaran hutan dan lahan yang berpotensi menjadi sumber kabut asap di Palangka Raya dan sekitarnya.",KEBAKARAN
"Pemotor di Bogor Terluka Usai Tabrak Mobil Saat Hindari Jalan Bergelombang Kecelakaan lalu lintas sepeda motor dengan minibus terjadi di Jalan Raya Narogong, Kecamatan Cileungsi, Kabupaten Bogor, Jawa Barat (Jabar). Pengendara motor mengalami luka-luka akibat kecelakaan itu. ""Korban kecelakaan luka satu orang, pengendara sepeda motor berinisial D,"" kata Plt Kanit Gakkum Satlantas Polres Bogor Ipda Ares Rahman, Selasa (18/8/2026). Peristiwa itu terjadi pada Selasa (18/8), sekitar pukul 03.30 WIB. Ares mengatakan kecelakaan berawal ketika korban melaju dari arah Cileungsi menuju Bekasi. SCROLL TO CONTINUE WITH CONTENT ""Setibanya di TKP (tempat kejadian perkara), bergerak ke kanan jalan menghindari jalan bergelombang,"" ucapnya. Pada saat bersamaan, kendaraan sepeda motor korban menabrak bagian depan minibus. Saat itu, minibus sedang melaju dari arah Bekasi menuju Cileungsi. ""Kendaraan sepeda motor tersebut membentur bagian bemper depan sebelah kiri kendaraan minibus yang bergerak dari arah Bekasi menuju ke arah Cileungsi sehingga terjadi kecelakaan lalu lintas,"" tuturnya. Akibat kejadian itu, korban mengalami luka pada bagian kepala dan tangan. Korban kemudian dilarikan ke rumah sakit guna mendapatkan perawatan medis.",KECELAKAAN
"Video Detik-detik Mobil Drag Race Kotamobagu Tabrak Penonton, 8 Orang Tewas Scroll atau gunakan tombol
                                        [ ]
                                        [ ] serta klik panah di sisi kanan untuk menjelajahi feed video. Drag Race Kotamobagu Championship 2026 berubah jadi tragedi. Kecelakaan terjadi saat mobil dragster memasuki titik finis di Jalan AP Mokoginta, Kotamobagu Timur, Sulawesi Utara, Minggu 9 Agustus 2026. Total 17 orang menjadi korban. Delapan orang dilaporkan meninggal dunia, sementara sembilan lainnya mengalami luka-luka.",KECELAKAAN
"2 Pemuda Sukabumi Dibacok Pulang Nonton Konser Reggae Dua pemuda menjadi korban pembacokan setelah terlibat senggolan saat menonton konser musik reggae di Lapangan Cigaru, Kabupaten Sukabumi pada Senin (17/8/2026) malam tadi. Akibat insiden berdarah tersebut, satu korban mengalami luka sabetan di bagian pundak, sementara satu korban lainnya terkapar tak sadarkan diri hingga kritis di rumah sakit. SCROLL TO CONTINUE WITH CONTENT Peristiwa nahas itu bermula saat acara musik reggae berlangsung sekitar pukul 20.30 WIB. Korban selamat, Andira Yusef Hidayat (19), menceritakan saat itu sempat terjadi gesekan ketika asyik berjoget hingga menyulut emosi kelompok pelaku. Salah seorang rekannya berinisial R bahkan sempat diserang senjata tajam, namun beruntung berhasil meloloskan diri. Merasa tidak terima rekannya hampir ditebas, Andira bersama temannya, Angga Ardiansyah (22), lantas berupaya membuntuti dan mencari kelompok pelaku yang melaju ke arah Kiaradua. ""Awalnya teman saya si Rapli mau dibacok pas joget, tapi berhasil menghindar dan kabur. Akhirnya saya sama si Angga nyari mereka, ketemu di jalan arah Waluran, bonceng tiga naik motor,"" ujar Andira saat melapor ke Mapolres Sukabumi, Selasa (18/8/2026). Niat hati ingin mengklarifikasi persoalan tersebut secara baik-baik, Andira dan Angga justru langsung disambut serangan membabi buta. Sekitar pukul 23.00 WIB, salah seorang pelaku yang duduk di jok belakang tiba-tiba mencabut celurit dari balik pakaian. ""Waktu dipepet dan ditanya baik-baik ada masalah apa, yang satu orang tiba-tiba ngeluarin celurit dari dalam baju. Saya sempat kena sabetan di pundak kiri pas mau lari,"" ucap Andira. Nahas bagi Angga, ia dihujani sabetan celurit saat berusaha menangkis serangan membabi-buta dari pelaku. Akibat sabetan bertubi-tubi itu, pemuda asal Sagadog tersebut mengalami luka robek parah dan cukup dalam di bagian pinggang, bahu, serta punggung. ""Si Angga tangkis celurit pakai tangan sampai robek. Ada luka di pinggang lukanya dalam banget, terus di punggung sama bahu. Sekarang dia nggak sadar, lagi koma di RSUD Palabuhanratu,"" jelasnya. Melihat korban bersimbah darah dan ada kendaraan yang melintas di lokasi, kawanan pelaku langsung tancap gas melarikan diri dari kejaran warga. Dikonfirmasi terpisah, Kasat Reskrim Iptu Dudi Suharyana membenarkan adanya laporan terkait kasus penganiayaan berat menggunakan senjata tajam tersebut. Pihak kepolisian bergerak cepat dan telah mengantongi identitas para pelaku. ""Benar korban sudah membuat laporan, korban ada dua orang. Satu korban saat ini masih dalam penanganan medis di RSUD Palabuhanratu. Pelaku sudah teridentifikasi dan masih dalam pengejaran,"" tegas Dudi.",PEMBACOKAN
"Pemobil di Sidrap Diamuk Massa Usai Tabrak Pemotor-Peserta Gerak Jalan Pengemudi mobil berinisial K (57) menabrak pengendara motor dan peserta gerak jalan saat peringatan HUT ke-81 RI di Kabupaten Sidrap , Sulawesi Selatan (Sulsel). Sopir pun diamuk massa hingga kendaraannya dirusak. ""Lakalantas tersebut melibatkan satu buah mobil jenis Futura, kemudian satu jenis motor dan juga ada beberapa pejalan kaki,"" kata Kapolres Sidrap AKBP Indra Waspada kepada detikSulsel , Selasa (18/8/2026). Kecelakaan terjadi di Jalan Poros Pangkajene-Rappang, Kelurahan Kadidi, Kecamatan Panca Rijang, Senin (17/8) sekitar pukul 15.15 Wita. Peristiwa ini mengakibatkan warga di lokasi melampiaskan emosinya terhadap sopir. SCROLL TO CONTINUE WITH CONTENT ""Karena menabrak beberapa peserta gerak jalan dan juga ada luapan emosi dari masyarakat sekitar sehingga terjadi aksi main hakim sendiri,"" tuturnya. Indra menjelaskan, pengendara mobil awalnya menabrak motor yang sedang terparkir di lokasi. Mobil melaju dari arah selatan ke utara. ""Menabrak kendaraan sepeda motor yang lagi terparkir di pinggir jalan dari arah yang sama,"" ucap Indra. Mobil ternyata masih melaju hingga menabrak rombongan gerak jalan dalam rangka memperingati HUT ke-81 RI. Saat itu lah pengendara mobil kemudian diamuk massa. ""Pengemudi Futura ini melanjutkan perjalanan dan menabrak salah satu rombongan pejalan kaki yang sedang melaksanakan kegiatan 17 Agustus,"" papar Indra. Indra belum merinci jumlah korban kecelakaan lalu lintas itu. Dia mengatakan, pengendara motor dan peserta gerak jalan langsung dilarikan ke rumah sakit. ""Korban ada dari peserta gerak jalan dan juga ada pengendara sepeda motor. Tapi saat ini para korban sudah melaksanakan rawat jalan dan sudah kembali ke rumahnya masing-masing,"" terangnya. Sementara pengendara mobil juga masih dirawat usai diamuk massa. Indra menegaskan, kasus ini masih dalam penyelidikan setelah kendaraan yang terlibat kecelakaan diamankan. ""Untuk kendaraan sudah kami amankan, kami masih melakukan beberapa pemeriksaan saksi juga yang ada di TKP dan para korban yang terlibat laka,"" pungkas Indra.",KECELAKAAN
"Pria Begal Payudara di Tajurhalang Bogor Ditangkap Warga Usai Dikejar Korban Seorang pria berinisial MTC ditangkap warga usai melakukan pelecehan terhadap korban berinisial WWP di Tajurhalang, Kabupaten Bogor . Pelaku mengikuti korban menggunakan motor. Peristiwa itu terjadi pada Selasa (28/7) pukul 20.40 WIB di Tajurhalang, Kabupaten Bogor. Mulanya korban merasa diikuti pelaku yang mengendarai motor. ""Lalu orang tidak dikenal tersebut (pelaku) berkendara di sebelah kanan korban. Lalu mengarahkan tangan kirinya ke payudara kanan korban,"" ujar Kasi Humas Polres Metro Depok AKP Hendra Kurniawan dalam keterangannya, Jumat (31/7/2026). SCROLL TO CONTINUE WITH CONTENT Pelaku melakukan pelecehan terhadap korban. Setelah itu pelaku langsung mengendarai motornya dengan kencang dan korban berteriak meminta tolong. ""Lalu ketika sampai di depan Masjid Baiturrohim Jalan Raya Lampung Perumahan Pura Bojong Gede, pelaku jatuh dari motornya. Lalu korban menghampiri pelaku dan memarahi pelaku,"" jelasnya. Tak lama kemudian, saksi datang dan menanyakan kepada korban. Setelah itu korban menjelaskan terkait pelecehan yang dialami. ""Setelah itu korban menghubungi kakak korban menceritakan peristiwa pencabulan dan/atau kekerasan seksual yang korban alami,"" ungkapnya. Korban kemudian melaporkan peristiwa itu ke Polres Metro Depok. Saat ini pelaku telah ditahan di Polres Metro Depok. [Gambas:Video 20detik]",BEGAL
"Begal via Aplikasi Penyuka Sejenis, Pelaku Pancing Korban Pakai Kode Ini Polisi menangkap tiga begal yang menyasar korban melalui aplikasi kencan sesama jenis 'Hornet' di Kota Depok , Jawa Barat. Pelaku utama berinisial AR (30) mengaku menggunakan kode khusus untuk mengajak berhubungan intim saat mengelabui korban. Pelaku dihadirkan dalam jumpa pers di Polres Metro Depok , Senin (27/7/2026). AR mengaku awalnya memilih random calon korban. ""Asal aja. Pokoknya kalau dia perempuan, dia laki tapi perempuan, ya udah kita ajak jalan,"" kata AR kepada wartawan. SCROLL TO CONTINUE WITH CONTENT Dia mengaku menggunakan kode 'Fun' saat chat korban untuk berhubungan badan. ""Fun, kode buat berhubungan badan, fun bersenang-senang. Iya (korban mau diajak),"" jelasnya. Dia mengatakan kode tersebut digunakan untuk mengelabui korban. Jika korban menerima ajakan, pelaku akan mengelabui lagi dengan mengajak ke apartemen. ""Belum (kejadian berhubungan badan). Saya normal, cuma mancing aja. Pas ketemu, ya udah 'Yuk, ke apartemen aku'. Tapi bukan ke apartemen,"" jelasnya. Setelah itu pelaku mengajak korban ke kuburan. Di situ, pelaku dan kedua temannya berinisial KA (24) dan S (42) akan mengikutinya dan melancarkan aksi pembegalan. ""Terus, teman-teman saya yang lain yang ngikutin, kayak ngegepin orang pacaran gitu. ' Lagi ngapain lu di sini di kuburan berdua-dua, gay lu ?' Ya udah , habis itu ditanya-tanya. Kalau dia (korban) bantah, baru diikat tangannya pake lakban. Baru 5 kali (membegal),"" ungkapnya. Kasat Reskrim Polres Metro Depok AKBP Made Gede Oka Utama mengatakan tersangka KA dan S mendekati dari belakang untuk membegal dan menyeret korban. Setelah harta korban dirampas pelaku, korban ditinggal sendirian dalam kondisi diikat. ""Di sana, setelah mendekati TKP, pelaku yang lain ada di belakang dan membegal ataupun menyeret korban dengan cara menjatuhkan korban, merampas barang-barang korban. Kemudian menganiaya korban, mengikat korban dengan tali dan juga lakban, dan meninggalkan korban setelah menguras harta yang dimiliki oleh korban,"" ujar AKBP Made. ""Dapat kami sampaikan perilaku ataupun yang dilakukan oleh pelaku begitu sadisnya, meninggalkan korban seorang diri di TKP yang rata-rata TKP-nya di daerah makam,"" tambahnya. Korban lalu meminta bantuan kepada warga sekitar hingga akhirnya melapor ke Polsek Sukmajaya. Tim Opsnal kemudian melakukan pendalaman sehingga mendapatkan identitas dari pelaku. ""Sehingga kemarin, pada hari Minggu dini hari, kita berhasil menangkap ketiga pelaku. Dan pada saat pengembangan, pelaku melakukan perlawanan kepada tim kami sehingga kami melakukan tindakan tegas yang terukur terhadap para pelaku,"" ungkapnya. Polisi mencatat para pelaku sudah tiga kali melakukan aksinya, yakni di Cilodong pada Senin (20/7), selanjutnya di wilayah Kecamatan Tapos, pada Jumat (24/7), dan terakhir di Jatimulya, pada Sabtu (24/7). Atas perbuatannya, ketiga pelaku dikenai Pasal 479 KUHP tentang pencurian dengan kekerasan dengan ancaman maksimal 9 tahun penjara. Simak juga Video 'Yusril Khawatir Sayembara KDM Dorong Masyarakat Main Hakim Sendiri': [Gambas:Video 20detik]",BEGAL
"Korban Begal Kencan Sesama Jenis di Depok Diikat dan Ditinggal di Makam Polisi mengungkap modus begal yang mengincar pria penyuka sesama jenis melalui aplikasi Hornet di Depok, Jawa Barat. Dalam aksinya, para pelaku mengikat dan meninggalkan korban sendirian di makam setelah menguras hartanya. Tiga tersangka ditangkap, masing-masing berinisial AR (30), KA (24), dan S (42). Tersangka AR sendiri berperan membuat akun di aplikasi Hornet yang bertugas mengulik ekonomi korban. Setelah mendapatkan calon korban potensial, tersangka AR kemudian mengajak dan menjemput korban untuk diajak 'kencan'. Korban kemudian dibawa ke kuburan. SCROLL TO CONTINUE WITH CONTENT ""Selanjutnya, setelah pelaku yakin, pelaku AR mengajak bertemu korban dengan menjemput di sekitar kosan ataupun rumahnya. Kemudian pelaku AR ini dengan membonceng si korban membawa korban ke tempat sepi, rata-rata di tempat makam, daerah sekitar daerah makam,"" Kasat Reskrim Polres Metro Depok, AKBP Made Gede Oka Utama, kepada wartawan, Senin (27/7/2026). Setelah itu, tersangka KA dan S mendekati dari belakang untuk membegal dan menyeret korban. Setelah harta korban dirampas pelaku, korban ditinggal sendirian dalam kondisi diikat. ""Di sana, setelah mendekati TKP, pelaku yang lain ada di belakang dan membegal ataupun menyeret korban dengan cara menjatuhkan korban, merampas barang-barang korban. Kemudian menganiaya korban, mengikat korban dengan tali dan juga lakban, dan meninggalkan korban setelah menguras harta yang dimiliki oleh korban,"" jelasnya. ""Dapat kami sampaikan perilaku ataupun yang dilakukan oleh pelaku begitu sadisnya, meninggalkan korban seorang diri di TKP yang rata-rata TKP-nya di daerah makam,"" tambahnya. Korban lalu meminta bantuan kepada warga sekitar hingga akhirnya melapor ke Polsek Sukmajaya. Tim Opsnal kemudian melakukan pendalaman sehingga mendapatkan identitas pelaku. ""Sehingga kemarin, pada hari Minggu dini hari, kita berhasil menangkap ketiga pelaku. Dan pada saat pengembangan, pelaku melakukan perlawanan kepada tim kami sehingga kami melakukan tindakan tegas yang terukur terhadap para pelaku,"" ungkapnya. Polisi mencatat para pelaku sudah tiga kali melakukan aksinya, yakni di Cilodong pada Senin (20/7), selanjutnya di wilayah Kecamatan Tapos, pada Jumat (24/7), dan terakhir di Jatimulya, pada Sabtu (24/7). Atas perbuatannya, ketiga pelaku dikenai Pasal 479 KUHP tentang pencurian dengan kekerasan dengan ancaman maksimal 9 tahun penjara. Lihat juga Video 'Begal Bercelurit di Probolinggo Rampas Dua Motor Sekaligus': [Gambas:Video 20detik]",BEGAL
"Video: Momen Penangkapan 3 Begal yang Buat Jari Bidan di Depok Nyaris Putus Aksi begal terjadi di Kelurahan Duren Seribu, Kecamatan Bojongsari, Depok, pada Selasa (24/6) dini hari. Tim gabungan Subdit Jatanras Polda Metro Jaya dan Satreskrim Polres Depok telah menangkap tiga orang pelaku yakni WAP (23), MF (18), dan MS (21) pada Kamis (3/7). Dua orang korban yaitu seorang bidan bernama Caca mengalami luka bacok di tangannya sedangkan perawat mengalami luka berat. Tonton video-video menarik lainnya di 20detik.",BEGAL
"Trio Begal di Depok Dibekuk, Modus Ajak Kencan Lewat Aplikasi Sesama Jenis Polisi mengungkap kasus begal yang menyasar korban melalui aplikasi kencan sesama jenis 'Hornet' di Depok, Jawa Barat. Tiga pelaku ditangkap dalam kasus ini. ""Dapat kami sampaikan modusnya, yaitu yang pertama pelaku tersangka AR membuat aplikasi di Hornet. Kemudian, pelaku mempelajari potensi ekonomi korban,"" kata Kasat Reskrim Polres Metro Depok, AKBP Made Gede Oka Utama, kepada wartawan, Senin (27/7/2026). Dalam perkara ini, polisi menangkap tiga tersangka berinisial AR (30), KA (24), dan S (42). Tersangka AR berperan membuat akun di aplikasi Hornet yang bertugas mengulik ekonomi korban. SCROLL TO CONTINUE WITH CONTENT Setelah mendapatkan calon korban potensial, tersangka AR kemudian mengajak dan menjemput korban untuk diajak 'kencan'. Korban kemudian dibawa ke kuburan. ""Selanjutnya, setelah pelaku yakin, pelaku AR mengajak bertemu korban dengan menjemput di sekitar kosan ataupun rumahnya. Kemudian, pelaku AR ini dengan membonceng si korban membawa korban ke tempat sepi, rata-rata di tempat makam , daerah sekitar daerah makam,"" jelasnya. Setelah itu, tersangka KA dan S mendekati dari belakang untuk membegal dan menyeret korban. Setelah merampas harta, pelaku meninggalkan korban sendirian dalam kondisi diikat. ""Di sana, setelah mendekati TKP, pelaku yang lain ada di belakang dan membegal ataupun menyeret korban dengan cara menjatuhkan korban, merampas barang-barang korban. Kemudian, menganiaya korban, mengikat korban dengan tali dan juga lakban, dan meninggalkan korban setelah menguras harta yang dimiliki oleh korban,"" jelasnya. ""Dapat kami sampaikan perilaku ataupun yang dilakukan oleh pelaku begitu sadisnya, meninggalkan korban seorang diri di TKP yang rata-rata TKP-nya di daerah makam,"" tambahnya. Korban lalu meminta bantuan kepada warga sekitar hingga akhirnya melapor ke Polsek Sukmajaya. Tim Opsnal kemudian melakukan pendalaman sehingga mendapatkan identitas dari pelaku. ""Sehingga kemarin, pada hari Minggu dini hari, kita berhasil menangkap ketiga pelaku. Dan pada saat pengembangan, pelaku melakukan perlawanan kepada tim kami sehingga kami melakukan tindakan tegas yang terukur terhadap para pelaku,"" ungkapnya. Polisi mencatat para pelaku sudah tiga kali melakukan aksinya , yakni di Cilodong pada Senin (20/7), selanjutnya di wilayah Kecamatan Tapos, pada Jumat (24/7), dan terakhir di Jatimulya, pada Sabtu (24/7). Akibat perbuatannya, ketiga pelaku dikenai Pasal 479 KUHP tentang pencurian dengan kekerasan dengan ancaman maksimal 9 tahun penjara. Lihat juga Video 'Begal Bercelurit di Probolinggo Rampas Dua Motor Sekaligus': [Gambas:Video 20detik]",BEGAL
"Polisi Tangkap 5 Remaja Hendak Tawuran di Depok, Sita 2 Parang Polisi menangkap lima remaja yang akan melakukan tawuran di kawasan Kemiri dan Beji, Depok. Dua parang disita petugas sebagai barang bukti. Peristiwa itu terjadi pada Selasa (11/8) malam. Polisi awalnya menerima laporan warga terkait adanya sejumlah pengendara motor yang akan melakukan bentrokan. ""Kami menerima informasi dari warga mengenai adanya sekelompok pengendara sepeda motor yang bergerombol, bahkan ada yang berboncengan tiga, dan diduga akan melakukan tawuran. Dari informasi tersebut, anggota langsung bergerak melakukan penyisiran,"" kata Kapolsek Beji Kompol Antonius dalam keterangannya, Rabu (12/8/2026). SCROLL TO CONTINUE WITH CONTENT Polisi kemudian menangkap lima orang yang diduga hendak bentrokan di Kemiri Jaya dan Beji Timur. Kelima orang yang diamankan itu masih berstatus anak di bawah umur. ""Kelima remaja tersebut kemudian dibawa ke Mapolsek Beji untuk menjalani pemeriksaan lebih lanjut. Mereka saat ini berstatus sebagai anak yang berhadapan dengan hukum (ABH),"" ungkapnya. Berdasarkan pemeriksaan sementara, para remaja tersebut diduga berkomunikasi dan menyepakati tawuran melalui media sosial. Platform tersebut digunakan untuk menentukan titik pertemuan antarkelompok. ""Kami menemukan dua senjata tajam jenis parang. Dua anak yang kedapatan membawa senjata tajam ini akan kami proses sesuai dengan ketentuan hukum yang berlaku,"" jelasnya. Sementara itu, tiga remaja lainnya tidak ditemukan membawa sajam. Mereka diberi pembinaan dan diminta membuat surat pernyataan bermeterai untuk tidak mengulangi perbuatannya. ""Pembinaan tersebut dilakukan dengan melibatkan orang tua serta pihak sekolah. Langkah itu dilakukan mengingat para remaja yang diamankan masih berada pada usia sekolah,"" jelasnya. Anton menegaskan penanganan terhadap anak tetap mengedepankan ketentuan hukum yang berlaku. Namun tindakan tegas akan diberikan apabila ditemukan unsur pidana, khususnya terkait kepemilikan atau membawa senjata tajam. Untuk dua remaja yang kedapatan membawa parang, proses hukum dilanjutkan menggunakan Undang-Undang Darurat Nomor 12 Tahun 1951. Aturan tersebut mengatur kepemilikan atau penguasaan senjata tajam tanpa hak dengan ancaman pidana penjara hingga 10 tahun. ""Kami tidak pandang bulu. Siapa pun yang terbukti bersalah akan kami tindak tegas sesuai prosedur hukum. Harapannya, proses ini menjadi pelajaran agar mereka tidak mengulangi perbuatan yang sama,"" tutur Anton. Lihat juga Video: 47 Pelajar di Pandeglang Diamankan Usai Konvoi Kelulusan Bawa Sajam [Gambas:Video 20detik]",TAWURAN
"Pamit Main ke Ortu, 3 Remaja di Depok Malah Terciduk Hendak Tawuran Sebanyak tiga remaja tertangkap saat hendak tawuran di Jalan Kemiri Jaya, Kecamatan Beji, Kota Depok, Jawa Barat. Ketiganya sempat pamit ke orang tua hendak main. Kasi Humas Polres Metro Depok AKP Hendra mengatakan peristiwa terjadi pada Minggu (9/8) dini hari. Sebilah senjata tajam turut disita dari tangan ketiga remaja itu. ""Telah diamankan tiga orang remaja yang diduga hendak melakukan aksi tawuran. Barang bukti satu buah celurit warna hitam bergagang kayu dilapis kain biru,"" kata dia, Senin (10/8/2026). SCROLL TO CONTINUE WITH CONTENT Mulanya pada malam hari, salah satu remaja berinisial R bersama B menghampiri MA. Mereka berangkat dari rumah dan izin kepada orang tuanya hendak bermain. ""Ketiganya berangkat dari rumah dan izin kepada orang tua main bersama teman-temannya menggunakan sepeda motor,"" bebernya. Namun, ketiganya malah berkumpul bersama gerombolan lainnya berjumlah 10 orang dengan mengendarai lima sepeda motor. Masing-masing remaja berboncengan. ""Maksud dan tujuan rombongan anak remaja tersebut mengarah ke sekitar Lapangan Hawai yaitu bertemu dengan lawan untuk melakukan aksi tawuran,"" bebernya. Ketika rombongan melintas di Jalan Kemiri Raya, warga setempat langsung menghentikannya. Kemudian mereka digeledah oleh warga. ""Lalu ditemukan satu bilah senjata tajam jenis celurit bergagang kayu dililit kain warna biru, selanjutnya warga melaporkan kejadian tersebut ke Polsek Beji untuk dilakukan tindakan lebih lanjut,"" sebutnya. Polisi kemudian membawa ketiganya untuk dilakukan penyelidikan lebih lanjut. Ketiganya diamankan beserta barang bukti celuritnya. Simak juga Video 'Bentrok Geng Motor Vs Warga di Makassar, 1 Motor Dibakar': [Gambas:Video 20detik]",TAWURAN
"Remaja di Bogor Hendak Tawuran Kocar-kacir Dibubarkan Polisi, Motor Ditinggal Polisi membubarkan puluhan remaja yang diduga hendak tawuran di Desa Pamegarsari, Kecamatan Parung, Bogor, Jawa Barat. Mereka kocar-kacir dikejar polisi. Kapolsek Parung Kompol Maman Firmansyah mengatakan peristiwa terjadi Senin (3/8) malam. Mulanya, pihak kepolisian menerima informasi dari masyarakat bahwa ada sekelompok remaja bergerak dari arah perbatasan Kota Depok dengan membawa senjata tajam. ""Personel piket patroli segera melakukan antisipasi dan penyisiran di jalur yang diperkirakan akan dilalui rombongan tersebut,"" kata Maman, Selasa (4/8/2026). SCROLL TO CONTINUE WITH CONTENT Ketika melakukan penyisiran dan patroli, sebanyak 50 unit sepeda motor melintas di sekitar Jalan Raya Parung-Lebakwangi. Mereka diduga hendak melakukan tawuran antarkelompok. ""Melihat kedatangan petugas kepolisian, kelompok tersebut langsung membubarkan diri dan melarikan diri ke berbagai arah,"" jelasnya. Pihak kepolisian kemudian melakukan pengejaran dan penyisiran ke berbagai wilayah. Hal itu guna memastikan tak ada lagi kelompok yang berkumpul. ""Dari hasil kegiatan tersebut, petugas berhasil mengamankan satu unit sepeda motor Honda BeAT warna hitam yang diduga ditinggalkan oleh salah satu peserta kelompok tersebut,"" bebernya. Polisi kemudian mengamankan kendaraan tersebut sebagai barang bukti guna penyelidikan lebih lanjut. Sementara identitas pelaku masih dalam penyelidikan. ""Keberhasilan menggagalkan aksi tersebut merupakan hasil dari respons cepat atas informasi yang disampaikan masyarakat. Kami mengapresiasi kepedulian masyarakat yang segera melaporkan adanya potensi gangguan Kamtibmas,"" pungkasnya. Tonton juga video ""Pecah Bentrokan di Menteng Tewaskan 1 Orang Dipicu Geber Motor saat Sarapan"" [Gambas:Video 20detik]",TAWURAN
"Video CCTV Tawuran di Dekat Pemakaman Caringin Depok, Polisi Selidiki Aksi tawuran pemuda terjadi di dekat pemakaman Caringin, Depok, Jawa Barat.. Polisi akan menyelidiki tawuran tersebut.",TAWURAN
"Polisi Tangkap 13 Remaja Hendak Tawuran di Depok, Sita Belasan Sajam Tim Perintis Presisi Polres Metro Depok menangkap 13 remaja diduga hendak tawuran di Jalan Benda, Sukamaju, Tapos, Depok. Polisi menyita senjata tajam yang diduga akan dipakai untuk tawuran. Peristiwa itu terjadi pada Sabtu (1/8/2026), pukul 00.00 WIB, di Sukamaju Baru, Depok. Mulanya, polisi mendapat laporan warga adanya sekelompok remaja di sekitar lokasi. ""Sampai di lokasi benar saja ditemukan perkumpulan tersebut kemudian lari berhamburan ketika melihat tim datang,"" ujar Kasi Humas Polres Metro Depok AKP Hendra Kurniawan dalam keterangannya, Minggu (2/8). SCROLL TO CONTINUE WITH CONTENT Polisi kemudian mengejar terduga pelaku. Ada 13 remaja yang kemudian ditangkap. ""Lanjut tim melakukan pengejaran dan berhasil mengamankan terduga pelaku tawuran tersebut sebanyak 13 remaja,"" ucapnya. Polisi juga menyita enam celurit, tiga gobang, dua stik golf, dan satu busur panah. Para remaja tersebut dibawa ke Polsek Cimanggis guna penyelidikan lebih lanjut. Lihat juga Video: 47 Pelajar di Pandeglang Diamankan Usai Konvoi Kelulusan Bawa Sajam [Gambas:Video 20detik]",TAWURAN
"Jabar Hari Ini: Petaka COD Celurit Remaja Bandung Barat Beragam peristiwa terjadi di Jawa Barat, Jumat, 3 Juli 2026, dari mulai pelajar asal KBB tewas dibacok usai COD cerulit hingga Bupati Purwakarta akan segera dipanggil Kemendagri buntut ciptakan lagu bermuatan kontroversi. Berikut rangkuman Jabar hari ini: AF (16), warga Kecamatan Cikalongwetan, Kabupaten Bandung Barat, tewas bersimbah darah dengan luka robek di tubuhnya. Ia menjadi korban pembacokan yang dilakukan oleh kelompok pemuda di Jalan Raya Campaka, Purwakarta, pada dini hari tadi. SCROLL TO CONTINUE WITH CONTENT Dalam video amatir yang beredar, menunjukkan sekelompok korban dikejar oleh sekelompok pelaku dari arah Subang menuju Purwakarta. Diduga korban mengacungkan senjata tajam yang cukup panjang, sementara sekelompok pelaku terus mengejarnya. Setiba di TKP, korban terjatuh dari motornya dan para pelaku langsung mengambil sajam milik korban. Pelaku tak segan membacokkan sajam itu ke tubuh korban hingga tergeletak bersimbah darah di tengah jalan, sementara para pelaku panik. Korban mengembuskan napas terakhir saat dalam perjalanan menuju RSUD Bayu Asih Purwakarta akibat luka bacok yang dideritanya. Pihak keluarga yang datang ke rumah sakit histeris melihat tubuh anaknya terbujur kaku di kamar jenazah RSUD Bayu Asih Purwakarta. ""Kami berharap polisi segera menangkap para pelaku dan mengungkap kasus ini,"" ujar Apris, tante korban kepada awak media di ruang jenazah RSUD Bayu Asih Purwakarta hari ini. Ia mengatakan tidak mengetahui aktivitas apa yang dilakukan korban di Purwakarta. Ia juga belum mendapatkan informasi lebih lanjut terkait para pelaku. Kasat Reskrim Polres Purwakarta, AKP I Made Purwantara mengatakan, berdasarkan hasil penyelidikan sementara, sebelum kejadian, korban bersama tiga rekannya diketahui baru saja melakukan transaksi cash on delivery (COD) untuk membeli senjata tajam jenis celurit di wilayah Kabupaten Subang. Namun nahas, saat dalam perjalanan pulang melintasi Jalan Raya Campaka, korban dan rombongannya diduga dipepet oleh enam orang yang berboncengan menggunakan sepeda motor. Adu mulut sempat terjadi sebelum akhirnya berubah menjadi aksi kekerasan. ""Jadilah cek-cok antara korban, grup korban dan grup pelaku yang di mana senjata korban direbut, kemudian pelaku menggunakan senjata korban untuk melakukan pembacokan terhadap korban,"" ujar Kasat. Made mengatakan, penyidik masih mendalami motif di balik penyerangan tersebut. Penyidik telah mengantongi identitas para terduga pelaku dan kini tengah melakukan pengejaran. ""Identitas para pelaku sudah kami kantongi dan saat ini masih dalam pengejaran. Motif kejadian juga masih kami dalami,"" katanya. Selain memburu para pelaku, polisi juga terus memeriksa sejumlah saksi serta mengumpulkan barang bukti guna mengungkap secara utuh kronologi peristiwa berdarah tersebut. Dinas Pendidikan (Disdik) Kota Bandung membeberkan hasil penelusuran dugaan 20 kartu keluarga (KK) yang beralamat di restoran dan 3 KK di tempat karaoke pada Seleksi Penerimaan Murid Baru (SPMB) 2026. Hasilnya, dari puluhan temuan, ada 5 KK yang tercatat berlamat di restoran. ""Sudah (ditindaklanjuti). Sama kayak Disdukcapil karena kami bersama-sama sekolah Disdik dan Disdukcapil melakukan verifikasi dan validasi,"" kata Sekretaris Disdik Kota Bandung Edy Suparjoto via telepon saat dihubungi detikJabar, hari ini. Dugaan puluhan KK di restoran dan tempat karaoke pada SPMB Kota Bandung sudah ditelusuri Disdukcapil. Hasilnya, hanya ada 5 KK yang alamatnya tercantum di lokasi tersebut yang terletak di kawasan Jalan Rakata. Menurut Edy, hasil penelusuran ini nantinya akan dibahas di rapat sebelum pengumuman SPMB 2026. Jika ditemukan pelanggaran, beberapa KK tersebut bisa didiskualifikasi dari proses pendaftaran. ""Baru di satu tempat di sepanjang Jalan Rakata, ini kami sedang rapim. Nanti tunggu saja rilis akan diumumkan,"" pungkasnya. Sebagaimana diketahui, kasus ini mencuat di media sosial berupa kabar soal masalah SPMB Bandung 2026. Salah satu yang mencuat yaitu dugaan 20 kartu keluarga (KK) yang beralamat di restoran dan 3 KK di tempat karaoke. Sementara, sejumlah temuan turut disampaikan langsung oleh Ketua Komisi IV DPRD Kota Bandung Iman Lestariyono. Kepada detikJabar, ia mengaku pihaknya mendapat aduan mengenai dugaan sertifikat nonakademik yang ditengarai palsu untuk jalur prestasi, serta keanehan jalur domisili karena adanya calon murid yang diterima dengan jarak rumah ke sekolah sekitar 80 meter. Babak baru kasus dugaan penipuan yang dialami 13 kiai pengasuh pondok pesantren di Jawa Barat (Jabar) dengan janji bakal dibuatkan dapur program Makan Bergizi Gratis (MBG) yaitu Satuan Pelayanan Pemenuhan Gizi (SPPG) telah dimulai. Ke-13 kiai tersebut rencananya akan melaporkan perkara ini ke Bareskrim Polri. Laporan ke-13 kiai dari Jabar itu akan didampingi Lembaga Bantuan Hukum (LBH) PP Gerakan Pemuda Ansor. Laporan rencananya akan dilayangkan ke Bareskrim Polri pada hari ini, sekitar pukul 14.00 WIB. ""Siang ini kami mau melapor ke Bareskrim Polri. Untuk korbannya kemaren di kita terdata ada 13 kiai, kemudian nambah beberapa kontraktor dari beberapa provinsi. Ada dari Jawa Timur, Sumatera Selatan, Lampung,"" kata Pengurus LBH PP Pemuda Ansor sekaligus Advokat dan Koordinator Tim Hukum Pesantren Korban Dapur MBG Koperasi DSN, Afriendi Sikumbang saat berbincang dengan detikJabar. Ketiga belas kiai yang tertipu itu berasal dari berbagai daerah seperti Cirebon, Kuningan, Depok, Bekasi hingga Sukabumi. Semuanya bermula saat para kiai didatangi sekelompok orang yang mengaku berasal dari koperasi berinisial DSN, lalu dijanjikan bakal dibuatkan dapur MBG dengan syarat menyiapkan lahan seluas 400 meter. Setelah lahannya tersedia, para kiai diminta untuk menyiapkan kontraktor sendiri demi bisa membangun dapur MBG. Namun sebelum membangun dapur MBG, para kiai diminta menyerahkan uang pendaftaran dengan nominal Rp 1,5 juta hingga Rp 2 juta. Singkatnya, proses untuk membangun dapur MBG pun sudah dihitung dengan membutuhkan biaya senilai Rp 1,2 miliar hingga Rp 1,5 miliar. Sekelompok orang dari koperasi ini bahkan meminta fee kepada para kontraktor dengan nilai 8-10 persen atau sekitar Rp 72 jutaan per dapur MBG yang mau dibangun. Setelah dapur MBG mencapai tahap 80 persen pembangunan, kecurigaan pun mulai muncul. Pihak koperasi itu tidak bisa dihubungi mulai akhir 2025 hingga sekarang, sementara proyek pembangunan per satu dapur MBG itu rata-rata sudah mengeluarkan biaya Rp 700-800 juta. ""Yang akan kita laporkan ke Bareskrim ada beberapa nama, tokoh utamanya inisial YH, atas nama koperasi DSN. Di luar YH itu ada 4 nama yang kita laporkan sebagai perantara ke kiai dan kontraktor,"" ungkapnya. Afriendi berharap penyidik Bareskrim Polri bisa membongkar kasus ini secara terang-benderang. Karena jika dikalkulasikan, kerugian korban mencapai uang miliaran rupiah. ""Harapan kita bisa dibongkar untuk kasus ini. Karena saya kira ini terjadi di beberapa provinsi, bukan hanya di Jabar aja. Karena ada 1 kontraktor yang membangun di 4 pesantren, dan itu membutuhkan uang yang besar,"" pungkasnya. Kementerian Dalam Negeri (Kemendagri) mulai pasang mata terhadap kontroversi lagu berbahasa Sunda berjudul 'Lalaki Langit'. Lagu ciptaan Bupati Purwakarta, Saepul Bahri Binzein atau yang akrab disapa Om Zein tersebut, kini tengah menjadi sorotan tajam di internal Kemendagri. Kepala Pusat Penerangan (Kapuspen) Kemendagri, Benny Irwan, menegaskan bahwa pihaknya terus memantau perkembangan isu ini melalui monitoring media. Pembahasan mendalam di level internal pun sudah dilakukan untuk menyikapi kegaduhan tersebut. ""Kemendagri mengetahui dan mengikuti pemberitaan tersebut dari hasil monitoring media. Atas hal tersebut sudah dilakukan pembahasan secara internal,"" kata Benny Irwan saat dihubungi hari ini. Sebagai langkah konkret, Kemendagri berencana memanggil Om Zein dalam waktu dekat. Pemanggilan ini bertujuan untuk meminta klarifikasi langsung terkait lirik lagu yang memicu polemik. Hasil dari pertemuan tersebut nantinya akan menjadi dasar bagi Kemendagri untuk menentukan langkah pembinaan selanjutnya. ""Sebagai tindak lanjut, sesuai aturan, maka dalam waktu dekat Bupati Purwakarta akan dipanggil ke Kemendagri untuk diminta keterangan atau klarifikasi. Hasil permintaan keterangan atau klarifikasi akan menentukan langkah pembinaan selanjutnya,"" ujarnya. Benny menambahkan, proses pemanggilan ini tidak akan memakan waktu lama. Pihaknya menjadwalkan pertemuan tersebut bisa terlaksana dalam hitungan hari. ""Kita tunggu dalam satu, dua hari ini, ya,"" imbuhnya. Sebelumnya, lagu 'Lalaki Langit Lalanang Bejat' karya Om Zein ini memang banjir kritik hingga berujung somasi. Sejumlah pihak menilai lirik dalam lagu tersebut mengandung unsur seksis yang menyudutkan kaum perempuan. Menanggapi gelombang protes tersebut, Om Zein telah menyampaikan permohonan maaf secara terbuka. Ia berdalih bahwa lagu itu merupakan karya lama yang diciptakan pada tahun 2020, jauh sebelum dirinya menjabat sebagai orang nomor satu di Purwakarta. ""Berawal dari renungan atas perilaku saya sendiri yang menurut saya saat itu, saya nakal dan bersyukur tuhan menciptakan saya jadi lelaki, mungkin jika saya diciptakan jadi perempuan terjadi apa yang saya pikirkan karena saya belum bisa jaga diri,"" ujar Bupati Purwakarta saat dikonfirmasi melalui pesan elektronik, seperti dilansir detikJabar.",PEMBACOKAN
"Pemuda Dibacok di Depok Sleman, Polisi Ungkap Duduk Perkaranya Seorang pemuda berinsial AR (19), warga Kapanewon Depok, Sleman, menjadi korban pembacokan di Jalan Demangan Baru, tepatnya di depan TK-SD Kanisius Demangan Baru, Depok, Sleman Senin (15/12) sore. Akibat peristiwa itu korban harus mendapatkan 10 jahitan di kepala. Kapolsek Depok Barat, Kompol Abdul Jalil, mengatakan insiden ini terjadi sekitar pukul 15.53 WIB. Dari pemeriksaan sementara, pembacokan diduga dipicu oleh kesalahpahaman di jalan raya. ""Dari keterangan sementara, kejadian itu diduga dipicu dari hampir senggolan kendaraan korban dengan pelaku,"" ujar Jalil dalam keterangan tertulis yang diterima detikJogja , Senin (15/12/2025). SCROLL TO CONTINUE WITH CONTENT Jalil menjelaskan, kronologi kejadian itu bermula ketika korban berboncengan dengan rekannya melintas di Jalan Melon Mundu Tempel, Caturtunggal. Di perjalanan kendaraan korban berpapasan dengan dua orang pelaku tak dikenal. ""Kendaraan korban dan salah satu pelaku yang naik Honda CB nyaris bersenggolan. Karena kaget, korban sempat menarik gas atau membleyer motornya. Hal itu dibalas bleyeran juga oleh pelaku yang menaiki KLX,"" ujar Jalil. Korban sempat putar balik dan terlibat cekcok dengan para pelaku. Namun, mempertimbangkan keamanan, korban dan saksi memilih melanjutkan perjalanan pulang. Akan tetapi, masalah ternyata belum selesai. Kedua pelaku yang kini berboncengan menggunakan satu motor Kawasaki KLX terlihat melintasi wilayah Papringan, bahkan sempat melewati rumah korban sembari menggeber-geber motornya. Melihat hal itu, korban dan saksi bermaksud menghampiri pelaku di sekitar pertigaan Jalan Demangan Baru untuk meminta penjelasan. Namun, situasi berbalik, korban justru dikejar oleh pelaku. ""Karena kondisi jalan macet, laju kendaraan korban terhenti dan berhasil disusul pelaku. Salah satu pelaku, yakni pengendara motor, tiba-tiba mengeluarkan sajam sejenis parang dari balik bajunya,"" jelasnya. Pelaku langsung mengayunkan parang tersebut dan bisa dihindari teman korban. Namun nahas, sabetan sajam justru mengenai bagian belakang kepala korban. Usai melakukan aksinya, kedua pelaku langsung melarikan diri. Atas kejadian itu, warga segera melarikan korban ke RS Siloam Yogyakarta untuk mendapatkan penanganan medis. ""Luka yang dialami korban akibat sabetan sajam luka di kepala bagian belakang, dan korban harus mendapat 10 jahitan,"" katanya. Pihak kepolisian dari Polsek Depok Barat telah mendatangi TKP dan mengecek kondisi korban di rumah sakit. Korban, kata Jalil, belum membuat laporan akan tetapi pohak kepolisian telah bergerak melakukan penyelidikan. ""Saat ini korban belum membuat laporan resmi, namun kami dari fungsi Reskrim sudah bergerak melakukan penyelidikan, termasuk mengumpulkan barang bukti seperti rekaman CCTV di sekitar lokasi kejadian maupun jalur yang dilalui pelaku,"" tegasnya.",PEMBACOKAN
"Polisi Tangkap 3 Pelaku yang Bacok Pelajar SMP Saat Tawuran di Depok Pelajar SMP mengalami luka bacok karena terlibat tawuran di Kelurahan Pasir Putih, Depok, Jawa Barat. Tiga pelaku pembacokan ditangkap polisi. ""Dalam waktu kurang dari 1x24 jam, tiga orang pelaku berhasil diamankan,"" ujar Kasi Humas Polres Metro Depok AKP Made Budi dalam keterangannya, Senin (3/11/2025). SCROLL TO CONTINUE WITH CONTENT Ketiga pelaku berinisial FJ berperan sebagai pelaku pembacokan, TA sebagai joki, dan IB sebagai penyedia senjata tajam. Polisi menyita barang bukti berupa 1 bilah gobang dan 2 bilah clurit yang digunakan pelaku. ""Ketiga remaja tersebut telah ditetapkan sebagai tersangka dan ditahan di Mapolsek Bojongsari guna proses hukum lebih lanjut,"" ucapnya. Peristiwa itu terjadi pada Jumat (13/10) malam. Korban dan teman-temannya sebelumnya janjian untuk berkumpul sebelum tawuran. ""Kemudian korban dan rekan-rekannya bersama-sama berjalan menuju SMP Bina Mandiri dan bertemu dengan lawan korban dengan jumlah sepuluh motor,"" tuturnya. Karena kalah jumlah, kelompok korban melarikan diri dari lokasi. Saat itulah pelaku membacok punggung korban dengan celurit. ""Sehingga korban terjatuh dari motor, di mana korban berboncengan dengan temannya,"" tuturnya. Saat korban terjatuh, pelaku kembali membacok korban. Akibatnya, korban mengalami luka dan harus dibawa ke rumah sakit untuk mendapat perawatan medis. Sementara korban lainnya mengalami luka pada bagian pipi dan babak belur di area wajah. ""Tidak ada yang meninggal, satu dirawat dan satu lainnya sudah bisa pulang ke rumah,"" katanya. Polisi mengamankan barang bukti berupa golok yang dibawa korban. ""Selanjutnya barang bukti berupa golok yang dibawa korban diamankan di polsek,"" sebutnya. Simak juga Video: Alasan 'Si Mulet' Bacok Petugas Polisi saat Hendak Tawuran [Gambas:Video 20detik]",PEMBACOKAN
"Polisi Tangkap 11 Anggota Geng 'Bojong Kuring' di Depok, Sita Belasan Sajam Polisi menangkap 11 pemuda anggota geng 'Bojong Kuring' hendak melakukan tawuran di Sawangan, Depok . Sebanyak 11 senjata tajam (sajam) disita. Peristiwa itu terjadi pada Rabu (2/7/2025) pukul 02.45 WIB, di Sawangan, Depok. Awalnya Tim Perintis Presisi Polres Metro Depok tengah melakukan patroli antisipasi pembegalan di Jalan Raya Sawangan. Polisi kemudian menghampiri sekolompok pemuda di Gang Manggis, Jalan Raya Sawangan. SCROLL TO CONTINUE WITH CONTENT ""Beberapa orang berusaha melarikan diri dan ada dua orang yang membuang handphonenya. Karena curiga kami periksa sekelompok pemuda tersebut,"" ujar Wakasat Samapta Polres Metro Depok Kompol Winam Agus dalam keterangannya, Kamis (3/7). Polisi kemudian mengecek ponsel yang dibuang pemuda tersebut. Ternyata, dua pemuda yang membuang ponsel adalah admin dan ketua dari geng 'Bojong Kuring'. ""Mereka di lokasi itu janjian tawuran dengan kelompok pemuda dari Gang Kramat. Admin dan ketua kita suruh tunjukkan tempat simpan sajamnya,"" ucap Winam. Polisi kemudian meminta kedua pelaku menunjukkan lokasi penyimpanan sajam. Tak jauh dari lokasi, sekelompok pemuda itu berada di sebuah rumah. Namun, mereka sempat menolak membuka pintu saat polisi datang. ""Atas izin ayahnya kita dobrak pintunya, namun akhirnya penghuninya keluar dan tunjukkan tempat menyimpan sajamnya,"" jelasnya. Kemudian ditemukan sajam tergantung di dinding dan sebelas sajam di bawah kasur. Lanjut, sebelas pemuda itu berhasil diamankan dan dibawa ke Polsek Bojongsari guna ditindaklanjuti. ""Namun akhirnya penghuninya keluar dan tunjukkan tempat menyimpan sajamnya. Yaitu satu sajam tergantung di dinding dan 10 sajam ada bawah kasur,"" tuturnya. ""Sebuah kelompok yang sering melakukan tawuran dan diposting di medsos. Sehingga meresahkan warga sawangan. 11 pemuda dan 11 sajamnya pagi ini kita angkut ke Polsek Bojongsari,"" tutupnya. Simak juga Video 'Terlibat Aksi Pembacokan, 7 Anggota Geng Motor Makassar Diciduk': [Gambas:Video 20detik]",BEGAL
"TNI Pastikan Pengawalan Jaksa Bisa hingga ke Rumah Jika Ada Ancaman TNI menyatakan siap memberi perlindungan kepada jaksa secara personal apabila mendapat ancaman tertentu. Hal ini menyinggung kasus ASN Kejaksaan Agung ( Kejagung ) berinisial DSK yang mengalami pembacokan di Depok, Jawa Barat oleh orang tak dikenal. ""Bisa (lindungi jaksa secara personal sampai pulang ke rumah). Kalau memang terlihat ada ancaman itu karena mengenai kasus-kasus tertentu, ya pasti kita amankan,"" kata Kapuspen TNI, Mayjen TNI Kristomei Sianturi kepada wartawan di Kejagung, Jumat (20/6/2025). Kristomei menyebut hal itu termasuk dalam memorandum of understanding (MoU) antara TNI dengan Kejagung. TNI akan melihat kasus tertentu yang ditangani jaksa, kemudian memberikan pengawalannya. SCROLL TO CONTINUE WITH CONTENT ""Jadi itu sudah termasuk dengan MoU antara Kejaksaan Agung dengan Panglima TNI atau Mabes TNI waktu itu,"" katanya. ""Kalau memang terlihat ada ancaman itu karena mengenai kasus-kasus tertentu, ya pasti kita amankan,"" ucapnya. Kristomei melanjutkan, untuk prajurit yang disiapkan dalam rangka pengamanan di kejaksaan tergantung kebutuhan atau perminataan. Dia juga melihat tingkat ancaman yang ada. ""Tentunya, dalam rangka pengaman ini, kita juga memberikan SOP, standard operating procedure, atau protap-protap apa saja yang boleh dan tidak boleh dilakukan,"" ujarnya. Kristomei menerangkan, perlindungan kepada jaksa ini salah satunya sebagai tindak lanjut dari Perpres nomor 66 tahun 2025. ""Dengan adanya Perpres 66 tahun 2025 itu kan sudah memperbolehkan TNI untuk membantu mengamankan kejaksaan secara strategis,"" kata Kristomei. Adapun TNI menyiapkan prajurit untuk pengamanan di Kejagung. Namun jumlahnya akan disesuaikan dengan permintaan atau kebutuhan. ""Jadi kan, kalau kemarin yang disampaikan itu, untuk tingkat kejati itu 1 pleton. Paling banyak ya, kejari itu 1 regu. Tapi kan, apakah sebanyak itu tergantung pada kejaksaan lagi,"" katanya. ""Di Mabes TNI kami sudah mendata itu, data yang ada itu berapa-berapa kejaksaan yang diminta, ada yang cuma 3 orang, ada yang 4 orang. Jadi nggak mesti sesuai dengan jumlah apa yang sudah kita siapkan. Tergantung tingkat ancamannya,"" sambung dia. Untuk diketahui, Panglima TNI Jenderal Agus Subiyanto mengeluarkan perintah penguatan pengamanan terhadap Kejaksaan Tinggi dan Kejaksaan Negeri di seluruh Indonesia. Informasi terkait penguatan pengamanan kejaksaan ini tertuang dalam Telegram Panglima TNI No TR/442/2025 tertanggal 5 Mei 2025. Dalam Telegram tersebut, Panglima TNI memerintahkan pengerahan personel dan alat perlengkapan dalam rangka dukungan pengamanan terhadap Kejati dan Kejari di seluruh Indonesia. Tonton juga ""TNI Bakal Produksi-Distribusi Obat, Ini Jenis dan Sasarannya"" di sini: [Gambas:Video 20detik]",PEMBACOKAN
"Perampok Sadis di Riau Ternyata Pekerja Honorer SD, Pelaku Terjerat Pinjol Polisi menangkap perampok sadis yang menusuk wanita inisial PT (25), kasir perusahaan di Kabupaten Pelalawan, Riau. Pelaku, Jodi Alfanidi (25), ternyata merupakan pekerja honorer di sebuah sekolah dasar (SD), yang mengaku merampok karena terjerat pinjaman online (pinjol). ""Motif sementara yang kami peroleh dari hasil pemeriksaan adalah faktor ekonomi. Pelaku mengaku terlilit utang, termasuk utang pinjaman online , dan membutuhkan uang untuk memenuhi kebutuhan pribadi,"" kata Kapolres Pelalawan, AKBP John Louis Letedara, dalam keterangannya, Jumat (19/6/2026). Jodi ditangkap dalam perjalanan menuju Bandar Sei Kijang pada Kamis (18/6) dini hari atau kurang dari 12 jam setelah melakukan perampokan pada Rabu (17/2) siang. SCROLL TO CONTINUE WITH CONTENT Kasat Reskrim Polres Pelalawan AKP Bayu Ramadhan Effendi mengatakan pelaku berusaha melarikan diri saat disergap. Pelaku juga hampir menabrak polisi sehingga diberi tindakan tegas dan terukur untuk melumpuhkannya. ""Tersangka bekerja sebagai honorer di salah satu SD,"" kata Bayu. Dalam penyergapan tersebut, polisi menyita uang Rp 30 juta lebih sisa hasil rampokan pelaku. Selain mengamankan tersangka, polisi turut menyita sejumlah barang bukti berupa gunting, obeng, kipas angin yang digunakan saat melakukan kekerasan terhadap korban, sepeda motor yang digunakan pelaku, serta uang hasil kejahatan. Atas perbuatannya, tersangka dijerat Pasal 479 ayat (1) dan ayat (2) huruf c Undang-Undang Nomor 1 Tahun 2023 tentang KUHP dengan ancaman pidana penjara paling lama 12 tahun. Pada kesempatan yang sama, Wakapolres Pelalawan Kompol Asep menegaskan, Polres Pelalawan tidak akan memberikan ruang kepada pelaku kejahatan yang mengancam keselamatan masyarakat. ""Ini menjadi bukti bahwa setiap tindak pidana yang meresahkan masyarakat akan kami tindak secara cepat, tegas, dan profesional. Kami juga mengimbau masyarakat untuk segera melapor apabila mengetahui atau mengalami tindak kejahatan agar dapat segera ditangani,"" kata Kompol Asep. Dalam perampokan tersebut, tersangka membawa kabur uang Rp 76 juta milik perusahaan setelah menusuk korban sebanyak 22 kali. Kasus ini terungkap setelah korban mengirimkan foto selfie wajah berdarah-darah kepada temannya. Simak juga Video 'Warga Depok Gagalkan Aksi Maling Rumah Kosong di Sawangan Jati': [Gambas:Video 20detik]",KECELAKAAN
"Dalih Rampok Ambil Parang buat Jaga-jaga, tapi Malah Bacok Ibu-Anak di Depok Polisi menangkap perampok berinisial DR (28) yang membacok ibu dan anak menggunakan parang di Sukamaju Baru, Depok . Mulanya, perampok hendak mencuri parang dari rumah korban untuk berjaga-jaga. ""Tersangka DR melihat ada parang yang jadi pajangan di rumah tersebut, diambil yang niatnya untuk berjaga-jaga,"" ujar Kapolsek Cimanggis Kompol Jupriono kepada wartawan, Jumat (12/6/2026). DR masih berusaha mencari barang curian lain yang ada di dalam rumah, dan masuk ke salah satu kamar. Ternyata korban belum tidur. SCROLL TO CONTINUE WITH CONTENT ""Sehingga penghuni itu teriak, dan saat itu Tersangka DR sudah memegang parang, sehingga terjadi kekerasan pada korban,"" tuturnya. Karena teriakan korban, akhirnya ibu korban terbangun dan menghalau pelaku. Namun ibu korban dibacok DR menggunakan parang yang dia curi dari dalam rumah. ""Setelah melukai dua orang tersebut, pelaku atau Tersangka DR ini kabur dengan membawa hasil kejahatannya berupa handphone milik korban,"" ungkapnya. Jupriono mengatakan, imbas kejadian tersebut, korban mengalami luka di pipi dan kepala. Sedangkan ibu korban mengalami luka di bagian tangan hingga jari hampir putus. ""Alhamdulillah, setelah dilakukan perawatan di rumah sakit kurang lebih 3 hari, saat ini sudah bisa kembali ke rumah,"" ucapnya. Peristiwa itu terjadi pada Senin (8/6) pukul 01.00 WIB di Jalan Raya Bogor Km 35, Sukamaju Baru, Tapos, Kota Depok. Polisi telah menetapkan DR sebagai tersangka atas kasus tersebut. Polisi saat ini juga masih memburu pelaku berinisial IY, yang merupakan rekan korban. Diduga pelaku bekerja sama melakukan pencurian juga kekerasan. ""Satu lagi inisial IY masih terus kita cari keberadaannya, yang memang secara bersama-sama melakukan pencurian dengan kekerasan bersama Tersangka DR,"" ucapnya. Atas perbuatannya, kedua tersangka dikenai Pasal 479 ayat 2 KUHP dengan ancaman hukuman 12 tahun. Lihat juga Video 'Rekaman CCTV Aksi Barbar Pelajar Bacok Sesama Pelajar di Jakbar': [Gambas:Video 20detik]",PENCURIAN
"Ketua Komisi VIII DPR Harap Insiden Misa Penghiburan di Depok Tak Terulang Ketua Komisi VIII DPR Marwan Dasopang menyoroti insiden dugaan pelarangan misa penghiburan di salah satu rumah duka di Cipayung, Depok. Marwan menegaskan setiap warga negara harus mendapat jaminan untuk menjalankan ibadah sesuai keyakinannya tanpa adanya hambatan. Menurut Marwan, agama memiliki peran penting dalam membimbing umat menjadi pribadi yang lebih baik. Karena itu, kegiatan keagamaan, termasuk misa penghiburan saat ada keluarga yang berduka, tidak semestinya mendapat larangan. ""Tapi intinya kehadiran agama bagi para pemeluknya itu membimbing, mengarahkan kepada kesempurnaan manusia, berbuat baik, bersikap sopan, membangun ketahanan moral. Katakanlah ini ada kemalangan, orang melakukan ritual agama, itu bagian dari mendamaikan hati,"" kata Marwan kepada wartawan, Rabu (1/7/2026). SCROLL TO CONTINUE WITH CONTENT Marwan mempertanyakan apabila kegiatan keagamaan seperti itu tidak diperbolehkan. Menurutnya, ruang bagi umat untuk menjalankan ajaran agamanya merupakan bagian dari pembinaan moral masyarakat. ""Kalau seperti ini tidak diperbolehkan, problem -nya di mana umat ini membina dirinya, membina moralnya di mana? Itu tidak boleh diperlakukan seperti itu. Jadi setiap umat beragama mestinya tidak ada gangguan untuk melaksanakan keyakinannya,"" ujarnya. Ia menilai keberadaan kegiatan keagamaan justru membawa dampak positif bagi kehidupan bermasyarakat. Menurutnya, agama mengajarkan nilai-nilai kebaikan dan kedamaian sehingga perlu diberi ruang untuk dijalankan. ""Kalau dia menjadi pecandu narkoba, tukang begal, manusia yang tidak tahu aturan, itu menjadi problem. Maka kesempatan beragama ini harus kita maknai sebagai bagian dari pembinaan,"" katanya. ""Karena pesan agama itu semuanya untuk kebaikan, tidak ada agama yang tidak mengajarkan kebaikan dan kedamaian. Karena itu saya kira tidak boleh memberi rintangan kepada pihak-pihak yang ingin menjalankan agamanya,"" tambahnya. Marwan berharap insiden serupa tidak kembali terjadi di daerah lain. Meski demikian, ia menduga peristiwa tersebut bisa saja dipicu oleh kesalahpahaman yang perlu segera diselesaikan. ""Jangan sampai terulang di tempat-tempat lain. Sekalipun mungkin saja ini ada kesalahpahaman,"" ujarnya. ""Kadang-kadang kesalahpahaman ini karena ada sesuatu yang dirasakan sebagai gangguan, terus akibatnya melarang orang melaksanakan kegiatan agamanya. Jadi ini yang perlu segera kita atasi sehingga kesalahpahaman ini tidak berujung menjadi benturan,"" imbuh Marwan. Sebelumnya diberitakan, sebuah rekaman video viral menarasikan pelarangan ibadah misa penghiburan di rumah duka di Cipayung, Kota Depok. Polisi dan TNI turun tangan dan menyelesaikan konflik tersebut dengan damai. Peristiwa tersebut terjadi pada Minggu (28/6). Bermula saat keluarga dan kerabat berkumpul di rumah duka mendiang SLS (70) untuk melaksanakan misa penghiburan. Sebagai informasi, misa penghiburan atau misa requiem adalah perayaan Ekaristi dalam Gereja Katolik yang dipersembahkan untuk mendoakan kedamaian jiwa umat yang meninggal dunia sekaligus memberikan penghiburan rohani bagi keluarga yang ditinggalkan. Narasi video menyebutkan kegiatan ibadah tersebut dihalangi oleh pengurus lingkungan setempat, meski Romo disebut telah hadir untuk memimpin misa penghiburan di rumah duka tersebut. Dimintai konfirmasi, Kasi Humas Polres Metro Depok AKP Hendra mengatakan peristiwa tersebut terjadi karena ada miskomunikasi antara warga dan pemilik rumah. ""Ada miskomunikasi awalnya. Ada warga yang tidak tahu-menahu menegur ada acara apa,"" ujar AKP Hendra saat dihubungi wartawan, Selasa (30/6). Tonton juga video ""DPR soal Wacana War Tiket Haji: Itu Tak Mau Kerja, Suruh Orang Berebut"" [Gambas:Video 20detik]",BEGAL
"Komplotan Begal Bersenpi di Depok Diringkus Polisi, 2 Pelaku Didor Polisi menangkap komplotan begal motor yang membawa senjata api (senpi) dalam melancarkan aksinya di wilayah Depok, Jawa Barat. Dua pelaku dilakukan tindakan tegas dan terukur karena melawan saat diamankan. ""Kita sudah menetapkan empat orang tersangka ataupun mengamankan empat orang tersangka atas inisial nama AS, kemudian RA, selanjutnya AH, dan juga ZS,"" ujar Kasat Reskrim Polres Metro Depok AKBP Made Gede Oka Utama dalam jumpa pers di Polres Metro Depok, Senin (25/5/2026). AKBP Made mengatakan empat pelaku beraksi di beberapa tempat kejadian perkara (TKP). Mereka beraksi di Cilodong, Sawangan, dan dua wilayah Kabupaten Bogor. SCROLL TO CONTINUE WITH CONTENT ""Setelah kita mendapatkan laporan dari masyarakat, Tim Unit Reskrim Polres Metro Depok bergerak dan kita sudah melakukan penyelidikan bahwa pelaku diduga membawa ataupun menggunakan senjata api rakitan jenis revolver,"" jelasnya. Modusnya, para pelaku melakukan pencurian motor dengan cara merusak kunci kontak motor korban dengan cara menggunakan kunci leter-T dan mata kunci sambil membawa senjata api. ""Dari beberapa laporan polisi yang kami lakukan pemeriksaan, untuk korban yang dilukai tidak ada. Namun dari satu laporan polisi memang korban melihat yang bersangkutan setidaknya ataupun melihat membawa senpi, tapi belum sempat ditodongkan,"" bebernya. Keempat pelaku ditangkap pada Sabtu (23/5) di Pondok Rajeg, Cibinong, Kabupaten Bogor. Perannya, AS dan RA adalah pemetik atau pelaku tindak pidana pencurian motor, sedangkan AH dan ZS adalah penadah hasil pencurian motor. ""Dan dari kedua para pelaku didapati barang bukti senpi rakitan jenis revolver. Selanjutnya untuk dua tersangka yaitu saudara AH dan saudara ZS, berperan sebagai membantu ataupun melakukan penadahan terhadap hasil tindak pidana unit roda dua yang dilakukan oleh dua tersangka yang sudah kita amankan,"" ucapnya. Adapun barang bukti disita adalah dua pucuk senpi rakitan, peluru, dan kunci leter-T. Dari hasil pencurian motor, ditemukan sekitar 20 lebih pelat motor. ""Dan juga rekan-rekan bisa perhatikan di sini ada motor kendaraan hasil dari tindak pidana pelaku sindikat curanmor ini, dan juga beberapa ataupun sekitar 20-an lebih pelat motor dari hasil sindikat curanmor ini,"" jelasnya. Made menjelaskan, keempat pelaku bekerja sama dalam melakukan pencurian motor. AS dan RA akan mengabari atau mengirimkan hasil motor curian kepada AH dan ZS. ""Jadi dua orang tersangka ini melakukan pencurian di beberapa TKP yang khususnya banyak terjadi di wilayah Depok dan juga wilayah Bogor. Kemudian, mengabari ataupun mengirimkan hasil tindak pidananya kepada dua orang penadah tersebut dan dua orang penadah ini mengirimkan hasil penjualannya melalui ekspedisi sampai dengan luar kota,"" jelasnya. Akibat perbuatannya, para pelaku dikenai Pasal 477 tentang pencurian pemberatan dan Pasal 306 KUHP tentang menguasai dan menyimpan, serta memiliki dan menggunakan senjata api ancaman maksimal 15 tahun penjara. Simak Video 'PMJ soal Pigai Larang Tembak Begal: Keselamatan Masyarakat Lebih Utama': [Gambas:Video 20detik]",PENCURIAN
"Ulah Wanita Depok Terjerat Pinjol: Ngaku Dibegal Ternyata Motor Dijual Seorang wanita di Beji, Kota Depok , nekat membuat laporan palsu di kepolisian. Dia mengaku dibegal dan kehilangan motornya. Belakangan terungkap, laporan yang dibuat wanita bernama Tasya Khairani ini ternyata palsu. Rupanya, Tasya menjual motornya untuk menutupi utang pinjaman online ( pinjol ). Tasya juga menyebarkan informasi seolah-olah dirinya telah dibegal. Dalam postingan yang tersebar di media sosial, ia mengaku dibegal di dekat SMPN 5 Depok. SCROLL TO CONTINUE WITH CONTENT Ia membuat cerita seolah-olah ditodong menggunakan pisau di leher dan perut oleh empat begal bertubuh kekar. Rekayasanya itu dibubuhi embel-embel 'si pelaku' mencopot pelat nomor motornya sehingga ia 'tak memiliki petunjuk' soal komplotan pelaku. Untuk lebih meyakinkan lagi, ia membuat laporan polisi (LP). Namun hasil penyelidikan mengungkap fakta bahwa aksi begal itu tidak pernah ada. Tasya membuat laporan polisi itu karena ia terlilit pinjol sehingga menjual motornya ke tetangga karena takut ketahuan oleh orang tuanya. Berikut informasinya yang dirangkum detikcom , Kamis (18/9/2025). Awalnya Tasya membuat laporan polisi (LP) menjadi korban begal dan kehilangan motor pada Senin (15/9/2025). Saat ditelusuri pihak kepolisian, motor tersebut tidak hilang, melainkan dijual oleh Tasya. ""Namun, setelah ditelusuri, ternyata motor tersebut tidak hilang, melainkan dijual kepada tetangganya seharga Rp 13 juta,"" kata Kasi Humas Polres Metro Depok AKP Made Budi kepada wartawan, Rabu (17/9). AKP Made mengatakan uang hasil jual motor itu digunakan Tasya untuk melunasi utang pinjaman online (pinjol). ""Uang hasil penjualan motor itu digunakan untuk melunasi hutang pinjaman online (pinjol),"" jelasnya. Kebohongan Tasya tak berhenti sampai situ saja. Diketahui, Tasya juga sempat menyebarkan informasi palsu ke media sosial hingga hal itu menimbulkan keresahan masyarakat. ""Ironisnya, setelah membuat laporan polisi, Tasya juga menyebarkan informasi palsu itu kepada seseorang yang kemudian melaporkannya ke media, sehingga kabar tersebut sempat menjadi viral dan menimbulkan keresahan di masyarakat,"" tuturnya. Polisi mengusut kejadian ini. Tasya pun kini telah ditetapkan sebagai tersangka. ""Iya betul (tersangka),"" kata Kasi Humas Polres Metro Depok AKP Made Budi kepada wartawan, Rabu (17/9). Polisi mengatakan saat ini Tasya belum ditahan. Hanya, ia kini dikenai wajib lapor. ""Sementara ini wajib lapor. Karena hukumannya di bawah 1 tahun,"" ujarnya. Akibat perbuatannya, Tasya dikenai Pasal 220 KUHP terkait laporan palsu. Saat ini kasus tersebut masih dalam penyelidikan pihak kepolisian. Setelah video tersebut viral, Tasya muncul ke publik. Dia menyampaikan permintaan maaf terkait laporan palsu tersebut. ""Saya Tasya Khairani, saya di sini ingin mengklarifikasi bahwasanya saya ingin meminta maaf sebesar-besarnya kepada seluruh warga Depok yang sudah digegerkan terhadap laporan palsu saya,"" ujar Tasya dilihat detikcom dari Instagram @polresmetrodepok, Rabu (17/9). Tasya mengaku telah membuat laporan palsu terkait dirinya dibegal. Padahal motor tersebut dia jual kepada tetangganya sebesar Rp 13,5 juta. ""Yang kemarin telah saya buat dengan laporan saya dibegal, padahal aslinya saya tidak benar-benar dibegal. Motor saya saya jual kepada tetangga saya sebesar Rp 13,5 juta dan BPKB yang saya gadai sebesar Rp 4 juta,"" tuturnya. Tasya mengaku nekat membuat laporan palsu tersebut karena terlilit pinjol. ""Motif saya melakukan laporan tersebut adalah karena saya terlilit pinjol,"" tutupnya.",BEGAL
"Pria di Depok Jadi Korban Komplotan Begal Bersajam, Motor Dibawa Kabur Pria berinisial AF (23) menjadi korban pembegalan enam orang yang membawa senjata tajam (sajam) di Depok, Jawa Barat. Motor korban raib dibawa komplotan pelaku. Peristiwa itu terjadi pada Selasa (16/9/2025) pukul 04.45 WIB di Pengasinan, Sawangan, Depok. Saat itu, korban tengah berangkat ke Pasar Parung. Saat melewati Jalan Raya Panggulan, korban dipepet komplotan pelaku. ""Korban dipepet oleh pelaku berjumlah enam orang mengendarai dua sepeda motor,"" kata Kasi Humas Polres Metro Depok AKP Made Budi dalam keterangannya hari ini. SCROLL TO CONTINUE WITH CONTENT Kemudian korban ditendang dan jatuh bersama motornya. Korban hendak melawan, tapi pelaku menodongkan sajam. ""Korban mau melawan, tapi korban diancam oleh menggunakan sajam celurit dan golok. Karena (korban) takut, akhirnya motor dibawa kabur oleh pelaku mengarah Jalan Raya Arco, Pengasinan. Kemudian (korban) minta tolong, ditolong saksi dan diantar ke rumah korban,"" ucapnya Polisi telah melakukan pengecekan tempat kejadian perkara (TKP) dan mendatangi rumah korban. Saat ini, kasus masih dilakukan penyelidikan Polsek Bojongsari. Lihat juga Video: Komplotan Begal di Bandung Modusnya Perdaya Ojol via Aplikasi [Gambas:Video 20detik]",BEGAL
"Polda Metro Bentuk Tim Pemburu Begal, Siap Beraksi 24 Jam Ditreskrimum Polda Metro Jaya membentuk 'Tim Pemburu Begal'. Tim ini dikerahkan ke wilayah titik rawan hingga kota penyangga Jakarta. ""Rekan-rekan sekalian, yang pertama bagaimana menyikapi peristiwa begal yang saat ini sedang cukup banyak viral di media sosial. Oleh karena itu, rekan-rekan sekalian, hari ini kami sampaikan kepada rekan-rekan beserta masyarakat bahwa kami terus berupaya maksimal,"" ujar Dirkrimum Polda Metro Jaya Kombes Iman Imanuddin di Polda Metro Jaya, Jumat (15/5/2026). Iman mengatakan Ditreskrimum Polda Metro Jaya berupaya merespons cepat berbagai kejadian di wilayah hukum Polda Metro Jaya. Ditreskrimum Polda Metro Jaya menurunkan 'Tim Pemburu Begal'. SCROLL TO CONTINUE WITH CONTENT ""Di samping itu, kami juga sudah menyiapkan, rekan-rekan mungkin hari ini melihat ada suasana yang berbeda di belakang kita. Kami sudah siapkan 'Tim Pemburu Begal' yang siap beraksi 24 jam untuk bersama-sama kita menjaga Jakarta lebih aman lagi,"" ucapnya. Dia mengatakan Tim Pemburu Begal disiapkan pada berbagai titik rawan kejahatan. Dia mengatakan Polda Metro telah memetakan titik-titik rawan kejahatan. ""Kami akan tempatkan tim kami, baik itu yang ada di jajaran polsek. Kemudian polres, dan jajaran Direktorat Reserse Kriminal Umum. Kita akan sebar di seluruh wilayah hukum Polda Metro Jaya,"" ucapnya. Iman mengatakan kasus pencurian kekerasan (curas), pencurian dan pemberatan (curat), dan pencurian kendaraan bermotor (curanmor) kerap terjadi di wilayah penyangga, yaitu, Bekasi, Depok, dan Tangerang. ""Kemudian untuk wilayah-wilayah yang terjadi cukup banyak, itu di wilayah penyangga, Bekasi, Depok, kemudian Tangerang. Nah, ini juga menjadi perhatian kami untuk melakukan upaya pengungkapan dan penekanan atas niat dan kesempatan yang dimiliki oleh para pelaku kejahatan,"" ujarnya. Polda Metro juga membangun kolaborasi dengan pegiat media sosial untuk berbagi informasi. Kolaborasi dilakukan agar lebih cepat merespons kejadian. ""Mudah-mudahan dengan upaya yang kami lakukan ini bisa menghadirkan rasa aman bagi masyarakat Jakarta,"" tutupnya. Lihat juga Video: Momen Polisi dan Warga Tangkap Begal di Probolinggo [Gambas:Video 20detik]",PENCURIAN
"Kapolda Sebut Tim Pemburu Begal Sudah Ungkap 6 Kasus, Ajak Warga Lapor 110 Kapolda Metro Jaya Komjen Asep Edi Suheri menyebutkan Tim Pemburu Begal telah mengungkap 6 kasus begal yang terjadi di DKI Jakarta. Begal menjadi kasus yang disorot Polda Metro Jaya. ""Tentunya pembentukan Satgas Begal, Pemburu Begal, yang kita bentuk kemarin, ya tentunya ini atensi dari Polda Metro Jaya dalam hal mengungkapkan kasus tersebut. Dan perlu kami sampaikan bahwa kemarin kita sudah mengungkap 6 kasus ya,"" ujar Komjen Asep kepada wartawan di Balai Kota Jakarta, Jakarta Pusat, Senin (18/5/2026). Komjen Asep memerintahkan jajaran kepolisian untuk menindak tegas para pelaku begal. Polisi diminta untuk tidak ragu bertindak sesuai dengan Perkap No 1 Tahun 2009 tentang Penggunaan Kekuatan dalam Tindakan Kepolisian. SCROLL TO CONTINUE WITH CONTENT ""Dan saya sudah perintahkan ya kepada jajaran kepolisian Polda Metro Jaya untuk menindak tegas para pelaku kejahatan, ya, yang membahayakan jiwa petugas kepolisian. Jangan ragu-ragu untuk melakukan tindakan tegas dan terukur sesuai aturan Perkap Nomor 1 Tahun 2009 tentang Penggunaan Kekuatan dalam Tindakan Kepolisian,"" ujarnya. Komjen Asep meminta masyarakat tidak segan untuk melapor bila ada informasi terkait begal. Masyarakat diminta menelepon call center Polri 110 . ""Saya juga berharap ya nanti mungkin dari masyarakat juga membantu terkait informasi kepada call center kami 110, bila ada kejadian-kejadian yang terjadi di wilayahnya,"" katanya. Sebelumnya, Ditreskrimum Polda Metro Jaya membentuk 'Tim Pemburu Begal'. Tim ini dikerahkan ke wilayah titik rawan hingga kota penyangga Jakarta. ""Di samping itu, kami juga sudah menyiapkan, rekan-rekan mungkin hari ini melihat ada suasana yang berbeda di belakang kita. Kami sudah siapkan 'Tim Pemburu Begal' yang siap beraksi 24 jam untuk bersama-sama kita menjaga Jakarta lebih aman lagi,"" ujar Dirkrimum Polda Metro Jaya Kombes Iman Imanuddin di Polda Metro Jaya, Jumat (15/5). Dia mengatakan Tim Pemburu Begal disiapkan pada berbagai titik rawan kejahatan seperti pencurian kekerasan (curas), pencurian dan pemberatan (curat), sertaa pencurian kendaraan bermotor (curanmor). Dia mengatakan Polda Metro telah memetakan titik-titik rawan kejahatan. ""Kemudian, untuk wilayah-wilayah yang terjadi cukup banyak, itu di wilayah penyangga, Bekasi, Depok, kemudian Tangerang. Nah, ini juga menjadi perhatian kami untuk melakukan upaya pengungkapan dan penekanan atas niat dan kesempatan yang dimiliki oleh para pelaku kejahatan,"" ujarnya. Lihat juga Video: Momen Polisi dan Warga Tangkap Begal di Probolinggo [Gambas:Video 20detik]",PENCURIAN
"Begal di Depok Ngaku Sakit Hati karena Korban Berhubungan dengan Istrinya Polisi mengamankan tiga begal yang menusuk seorang pria berinisial RS di Cilodong, Depok. Motifnya, salah satu pelaku sakit hati istrinya berhubungan intim dengan korban. ""Pelaku sakit hati karena istri pelaku pernah ditiduri oleh korban dan sempat ditawarkan kepada orang lain ( open BO ),"" ujar Kasi Humas Polres Metro Depok AKP Made Budi dalam keterangannya, Senin (4/5/2026). Pelaku kemudian emosional dan mengajak teman-temannya untuk menganiaya korban. SCROLL TO CONTINUE WITH CONTENT ""Sehingga membuat pelaku emosi dan mengajak teman-teman pelaku untuk menganiaya korban,"" jelasnya. Peristiwa itu bermula pada Kamis (30/4) pukul 05.30 WIB di Cilodong, Depok. Korban dikeroyok hingga handphone (HP) dan motor Suzuki Satria Fu turut dirampas pelaku. ""Telah terjadi tindak pidana pengeroyokan dan perampasan handphone dan sepeda motor Suzuki Satria Fu dan handphone milik korban,"" ucapnya. Imbas pengeroyokan itu, korban mengalami luka lebam di sekitar wajah. Punggung korban juga sempat ditusuk gunting oleh pelaku. ""Yang mengakibatkan korban RS mengalami luka lebam di sekitar hidung, mulut, dan luka tusukan di bagian punggung menggunakan gunting,"" tuturnya. Atas kejadian tersebut, korban membuat laporan polisi (LP) ke Polres Metro Depok . Tim Opsnal Resmob dipimpin Kanit Resmob dan Kasubnit beserta anggota mengumpulkan informasi dari korban dan menyelidiki keberadaan para pelaku. ""Sekitar pukul 19.30 WIB, Tim Opsnal Resmob berhasil mengamankan 1 orang pelaku KB, yang sempat melarikan diri. Namun berhasil dikejar dan diamankan di Jalan Belimbing, Pancoran Mas, Kota Depok,"" ucapnya. Kemudian, pelaku AJ dan RM ditangkap di Pancoran Mas, Depok. Ketiga pelaku kemudian dibawa ke Polres Metro Depok untuk diperiksa lebih lanjut. Atas perbuatannya, ketiga pelaku terancam Pasal 262 KUHP dan Pasal 482 UU Nomor 1 Tahun 2023. Lihat juga Video: Penangkapan 2 Begal Kurir Paket di Bandung yang Lagi Neduh [Gambas:Video 20detik]",BEGAL
"3 Remaja Mencurigakan Ditangkap di Depok, Diduga Pelaku Begal Tim Perintis Presisi Polres Metro Depok menangkap tiga remaja hendak melakukan aksi begal di Jalan Raya Tapos, Kota Depok , Jawa Barat (Jabar). Tiga senjata tajam (sajam) disita. Tim Perintis Presisi Polres Metro Depok sedang melakukan patroli rutin di Jalan Raya Tapos, Depok. Petugas melihat adanya remaja berbonceng tiga dan mencurigakan. ""Lanjut tim memeriksa sekelompok remaja tersebut. Saat memeriksa sekelompok remaja tersebut ditemukan adanya gerak gerik mencurigakan,"" ujar Kasi Humas Polres Metro Depok AKP Hendra dalam keterangannya, Senin (8/6/2026). SCROLL TO CONTINUE WITH CONTENT Polisi kemudian memeriksa lebih lanjut dan ditemukan dua bilah pisau dan satu perkakas kunci T disita. Diduga sajam digunakan untuk melakukan kejahatan. ""Diduga senjata tajam tersebut akan digunakan untuk melakukan tindak kejahatan,"" ucapnya. Polisi kemudian menyerahkan ketiga remaja tersebut ke Polsek Cimanggis guna pemeriksaan lebih lanjut.",BEGAL
"Polisi Tangkap 6 Pelaku Begal di DKI hingga Depok, 2 'Didor' karena Melawan Polda Metro Jaya menangkap enam pelaku pencurian dan begal yang beraksi di wilayah hukumnya. Salah satunya ialah pelaku yang mencuri telepon genggam milik seorang anak yang sedang merekam bus di Ciputat, Tangerang Selatan (Tangsel). ""Hari ini kami melakukan penangkapan terhadap enam orang tersangka yang sempat viral juga beritanya di media sosial. Sebagaimana kita ketahui salah satunya adalah yang terjadi di wilayah Ciputat, Tangerang Selatan, di mana korbannya anak kecil sedang mengambil gambar atau memvideokan bus, kemudian HP-nya diambil oleh pelaku,"" kata Dirkrimum Polda Metro Jaya Kombes Iman Imanuddin, Rabu (20/5/2026). Dia menyebut sejumlah barang bukti diamankan dari tangan para pelaku begal. Salah satunya senjata api (senpi) yang digunakan dalam menjalankan aksinya. SCROLL TO CONTINUE WITH CONTENT ""Dari enam tersangka yang kami amankan, kami juga mengamankan beberapa barang bukti di antaranya adalah senjata api yang digunakan oleh para pelaku,"" ucapnya. Selain pelaku begal di Ciputat, Tangerang Selatan, Iman mengatakan lima pelaku lainnya ini ditangkap usai melakukan kejahatan di wilayah Jakarta dan Depok. Polisi memberikan tindakan tegas terukur atau menembak bagian kaki pelaku yang melawan saat ditangkap. Terdapat dua pelaku begal yang diberikan tindakan tersebut. ""Saat kami akan melakukan upaya hukum penangkapan terhadap salah satu dari tersangka, di mana yang bersangkutan dua orang mencoba melakukan perlawanan dan mencoba melarikan diri, sehingga dengan sangat terpaksa kami melakukan tindakan tegas dan terukur,"" bebernya. Keenamnya kemudian dibawa ke Mapolda Metro Jaya untuk penyelidikan lebih lanjut. Iman mengatakan para pelaku terancam hukuman 15 tahun penjara. ""Atas enam orang tersangka yang kami amankan malam hari ini, kami kenakan pasal 477, 478, 479 KUHPidana, 306 KUHPidana dengan ancaman pidana maksimal 15 tahun penjara,"" pungkasnya.",PENCURIAN
"Wanita Bikin Laporan Palsu Dibegal di Depok Jadi Tersangka Wanita di Depok, Jawa Barat, Tasya Khairani, membuat laporan palsu mengalami begal padahal motornya dijual untuk melunasi pinjaman online (pinjol). Polisi menetapkan Tasya menjadi tersangka atas laporan palsu tersebut. ""Iya betul (tersangka),"" kata Kasi Humas Polres Metro Depok AKP Made Budi kepada wartawan, Rabu (17/9/2025). SCROLL TO CONTINUE WITH CONTENT Polisi mengatakan saat ini Tasya belum ditahan. Hanya, ia kini dikenai wajib lapor. ""Sementara ini wajib lapor. Karena hukumannya di bawah 1 tahun,"" ujarnya. Akibat perbuatannya, Tasya dikenai Pasal 220 terkait laporan palsu. Saat ini kasus tersebut masih dalam penyelidikan pihak kepolisian. Sebelumnya, terungkap Tasya membuat laporan polisi itu lantaran takut ketahuan orang tuanya bahwa ia telah menjual motornya. ""(Motif) mau bayar utang pinjol, uangnya nggak cukup. (Bikin LP) agar tidak ketahuan orang tuanya menjual motor,"" ucapnya. Selain membuat laporan palsu soal begal, Tasya sempat menyebarkan informasi palsu ke media sosial. Hal itu membuat keresahan masyarakat. ""Ironisnya, setelah membuat laporan polisi, Tasya juga menyebarkan informasi palsu itu kepada seseorang yang kemudian melaporkannya ke media. Sehingga kabar tersebut sempat menjadi viral dan menimbulkan keresahan di masyarakat,"" tuturnya. Lihat juga Video CCTV: Pengemudi Ojol Dibegal di Deli Serdang, Polisi Selidiki [Gambas:Video 20detik]",BEGAL
"Wanita di Depok Minta Maaf Usai Ngaku Dibegal Padahal Motor Dijual Seorang wanita di Kota Depok, Jawa Barat, membuat laporan palsu terkait begal, padahal motornya dijual untuk melunasi utang pinjaman online (pinjol). Wanita bernama Tasya Khairini itu pun meminta maaf. ""Saya Tasya Khairani, saya di sini ingin mengklarifikasi bahwasanya saya ingin meminta maaf sebesar-besarnya kepada seluruh warga Depok yang sudah digegerkan terhadap laporan palsu saya,"" ujar Tasya dilihat detikcom dari Instagram @polresmetrodepok, Rabu (17/9/2025). Tasya mengaku telah membuat laporan palsu terkait dirinya dibegal. Padahal motor tersebut dia jual kepada tetangganya sebesar Rp 13,5 juta. SCROLL TO CONTINUE WITH CONTENT ""Yang kemarin telah saya buat dengan laporan saya dibegal padahal aslinya saya tidak benar-benar dibegal. Motor saya saya jual kepada tetangga saya sebesar Rp 13,5 juta dan BPKB yang saya gadai sebesar Rp 4 juta,"" tuturnya. Tasya mengaku nekat membuat laporan palsu tersebut karena terlilit pinjol. ""Motif saya melakukan laporan tersebut adalah karena saya terlilit pinjol,"" tutupnya. Dihubungi terpisah, Kasi Humas Polres Metro Depok AKP Made Budi mengatakan uang hasil penjualan motor tersebut digunakan Tasya untuk melunasi utang pinjol . ""Uang hasil penjualan motor itu digunakan untuk melunasi utang pinjaman online (pinjol),"" ujar Made. Made mengatakan Tasya membuat laporan palsu soal begal karena ia takut ketahuan orang tuanya telah menjual motor tersebut. ""(Motif) mau bayar utang pinjol, uangnya nggak cukup. (Bikin LP) agar tidak ketahuan orang tuanya menjual motor,"" ucapnya. Selain membuat laporan palsu soal begal, Tasya sempat menyebarkan informasi palsu ke media sosial. Hal itu membuat keresahan masyarakat. ""Ironisnya, setelah membuat laporan polisi, Tasya juga menyebarkan informasi palsu itu kepada seseorang yang kemudian melaporkannya ke media. Sehingga kabar tersebut sempat menjadi viral dan menimbulkan keresahan di masyarakat,"" tuturnya. Akibat perbuatannya, Tasya dikenai Pasal 220 terkait laporan palsu. Saat ini kasus tersebut masih dalam penyelidikan pihak kepolisian. Lihat juga Video: Pemuda Bandung Diringkus Gegara Ngaku Dibegal, Padahal Motor Digadai [Gambas:Video 20detik]",BEGAL
"Polisi Tangkap 2 Buron Kasus Begal PHL Polres Bogor di Cileungsi Polisi menangkap buron pelaku begal seorang pegawai harian lepas (PHL) Unit Gakkum Satlantas Polres Bogor di Jalan Raya Alternatif Cileungsi, Bogor, Jawa Barat (Jabar). Ada dua buron yang ditangkap polisi. ""Polsek Cileungsi berhasil menangkap dua daftar pencarian orang (buron) kasus begal sadis. Penangkapan tersebut merupakan hasil pengembangan dari kasus pembegalan di wilayah Mekarsari dengan korban seorang PHL Laka Lantas Satlantas Polres Bogor,"" kata Kapolsek Cileungsi Kompol Edison, kepada wartawan, Sabtu (14/2/2026). Penangkapan duo begal sadis itu dilakukan di wilayah Bekasi, Jawa Barat, pada Kamis (12/2). Edison mengatakan pelaku ditangkap di lokasi berbeda. SCROLL TO CONTINUE WITH CONTENT ""Dua pelaku DPO ditangkap di rumah masing-masing. Keduanya diamankan tanpa perlawanan,"" ucapnya. Kemudian polisi melakukan pemeriksaan terhadap kedua pelaku. Diketahui, kedua pelaku tergabung di dalam grup begal Jakarta Utara dan sudah beraksi belasan kali di wilayah Bekasi, Depok, Bogor, dan Jakarta Timur. ""Dalam setiap aksinya, para pelaku terlebih dahulu mengonsumsi obat keras jenis Tramadol dan narkotika jenis sabu untuk meningkatkan keberanian,"" ujarnya. Selain menangkap 2 buron tersebut, polisi meringkus 1 pelaku pencurian kendaraan bermotor. Penangkapan dilakukan setelah pengembangan kasus dilakukan. ""Dengan demikian, total pelaku yang diamankan sebanyak lima orang pelaku begal dan satu pelaku curanmor. Saat ini seluruh pelaku beserta barang bukti telah diamankan di Mapolsek Cileungsi guna proses hukum lebih lanjut dan mempertanggungjawabkan perbuatannya sesuai ketentuan yang berlaku,"" katanya. Sebelumnya, Edison mengatakan aksi begal terjadi ketika korban sedang mengendarai motor di Jalan Raya Alternatif Cileungsi pada Senin (5/1/) sekitar pukul 03.00 WIB. Korban dipepet dan ditendang pelaku hingga terjatuh ke aspal. ""Pada saat saksi (korban Prio Tri Wicaksono) hendak bangun, saksi ditodong celurit. Lalu saksi berlari ke kantor dan memanggil rekan-rekan, kemudian keluar Aiptu Pempem Krisnandi, Muhammad Rifki, dan Andika Dipayan. Kemudian mengejar pelaku,"" kata Edison, Selasa (6/1). Edison menyebutkan, kedua pelaku diamankan usai motor yang dikendarainya menabrak tiang listrik. Kedua pelaku diduga panik dikejar korban, polisi, dan warga. ""Mereka (kedua pelaku) menabrak tiang listrik yang berada di sebelah kanan, tepat di depan Royal Bangunan,"" kata Edison. Lihat juga Video 'Aksi Begal Todong Sajam ke Pemotor di Bandung': [Gambas:Video 20detik]",PENCURIAN
"Ditangkap, 6 Pelaku Begal Beralasan untuk Beli Narkoba dan Kebutuhan Ekonomi Enam pelaku pencurian dan begal yang beraksi di wilayah hukum Polda Metro Jaya ditangkap. Para pelaku beralasan melakukan kriminalitas untuk memenuhi kebutuhan ekonomi dan membeli narkoba. ""Motif yang terungkap dari hasil pemeriksaan terhadap para tersangka, yang pertama ada yang motifnya untuk memenuhi kebutuhan ekonominya. Kemudian yang kedua, ada juga yang digunakan untuk membeli narkoba,"" ujar kata Dirkrimum Polda Metro Jaya Kombes Iman Imanuddin, Kamis (21/5/2026). Para pelaku dilakukan tes urine setelah ditangkap polisi. Hasilnya, sebagian positif mengandung narkoba. SCROLL TO CONTINUE WITH CONTENT ""Karena sebagian dari yang kami lakukan penangkapan juga setelah dilakukan pemeriksaan atau tes urine, itu yang bersangkutan urinenya positif mengandung amfetamin,"" jelasnya. Salah satu pelaku yang ditangkap ialah pencuri telepon seluler ( handphone /HP) seorang anak yang sedang merekam bus di Ciputat, Tangerang Selatan (Tangsel). Video pencurian HP tersebut sempat viral di media sosial (medsos). ""Hari ini kami melakukan penangkapan terhadap enam orang tersangka yang sempat viral juga beritanya di media sosial. Sebagaimana kita ketahui, salah satunya adalah yang terjadi di wilayah Ciputat, Tangerang Selatan, di mana korbannya anak kecil sedang mengambil gambar atau memvideokan bus, kemudian HP-nya diambil oleh pelaku,"" kata Iman. Dia menyebut sejumlah barang bukti diamankan dari tangan para pelaku begal. Salah satunya senjata api (senpi) yang digunakan dalam menjalankan aksinya. ""Dari enam tersangka yang kami amankan, kami juga mengamankan beberapa barang bukti di antaranya adalah senjata api yang digunakan oleh para pelaku,"" ucapnya. Selain pelaku begal di Ciputat, Tangerang Selatan, Iman mengatakan lima pelaku lainnya ini ditangkap setelah melakukan kejahatan di wilayah Jakarta dan Depok. Polisi memberikan tindakan tegas terukur atau menembak bagian kaki pelaku yang melawan saat ditangkap. Terdapat dua pelaku begal yang diberikan tindakan tersebut. ""Saat kami akan melakukan upaya hukum penangkapan terhadap salah satu dari tersangka, di mana yang bersangkutan dua orang mencoba melakukan perlawanan dan mencoba melarikan diri, sehingga dengan sangat terpaksa kami melakukan tindakan tegas dan terukur,"" bebernya. Keenamnya kemudian dibawa ke Mapolda Metro Jaya untuk penyelidikan lebih lanjut. Iman mengatakan para pelaku terancam hukuman 15 tahun penjara. ""Atas enam orang tersangka yang kami amankan malam hari ini, kami kenakan pasal 477, 478, 479 KUHPidana, 306 KUHPidana dengan ancaman pidana maksimal 15 tahun penjara,"" pungkasnya. Tonton juga video ""3 Remaja di Tambora Dikejar Kelompok Bersajam Sampai Nabrak Tiang"" [Gambas:Video 20detik]",PENCURIAN
"Begal Ngaku Debt Collector Rampas Motor Lansia di Depok, 4 Orang Dibekuk Seorang kakek berinisial S (59) menjadi korban begal empat pelaku di Cilangkap, Tapos, Depok, Jawa Barat. Keempat pelaku mengaku-ngaku sebagai penagih utang atau debt collector . ""Jadi ini hanya bagian dari modus. Seolah-olah yang bersangkutan para pelaku ini berlindung bahwa dia adalah debt collector . Pada faktanya setelah kita telusuri, yang bersangkutan tidak memiliki kuasa tagih dari leasing manapun,"" ujar Kapolsek Cimanggis Kompol Jupriono dalam jumpa pers di Polsek Cimanggis, Selasa (30/12/2025). Mulanya korban saat mengendarai motor dipepet empat pelaku yang mengaku-ngaku pihak leasing pada Sabtu (29/11) di Cilangkap, Tapos, Depok. Keempat pelaku menuduh korban terlambat membayar cicilan motor. SCROLL TO CONTINUE WITH CONTENT ""Sementara menurut korban bahwa yang bersangkutan tidak merasa ada keterlambatan cicilan atas sepeda motornya,"" ucapnya. Keempat pelaku tetap memaksa mengambil motor korban. Karena takut, korban menyerahkan motornya dan pelaku meninggalkan lokasi. Korban melaporkan peristiwa itu ke Polsek Cimanggis . Pada Selasa (16/12), keempat pelaku bisa ditangkap beserta barang bukti motor milik korban. ""Itu ternyata (motornya) tidak diserahkan ke leasing karena memang tidak ada tunggakan di leasing. Kemudian, saat ini keempat pelaku dalam proses penyidikan yang dilakukan oleh tim reserse Polsek Cimanggis sudah kita lakukan penahanan,"" tuturnya. Adapun keempat pelaku berinisial RP (32), NK (41), AK (37), dan MT (29). Akibat perbuatannya, para pelaku dikenai Pasal 368 KUHP dengan ancaman hukuman 9 tahun. Lihat juga Video 'Aksi Nekat Begal, Rampas HP Pemotor di Lampu Merah Jakbar': [Gambas:Video 20detik]",BEGAL
"Wanita di Depok Bikin Laporan Palsu Dibegal, Ternyata Motor Dijual Seorang wanita bernama Tasya Khairani membuat laporan palsu terkait tindak pidana begal di Beji, Depok . Saat ditelusuri, Tasya ternyata menjual motor tersebut kepada tetangganya. Awalnya Tasya membuat laporan polisi (LP) menjadi korban begal dan kehilangan motor pada Senin (15/9/2025). Saat ditelusuri pihak kepolisian, motor tersebut tidak hilang, melainkan dijual oleh Tasya. ""Namun, setelah ditelusuri, ternyata motor tersebut tidak hilang, melainkan dijual kepada tetangganya seharga Rp 13 juta,"" kata Kasi Humas Polres Metro Depok AKP Made Budi kepada wartawan, Rabu (17/9). SCROLL TO CONTINUE WITH CONTENT Made mengatakan uang hasil jual motor itu digunakan Tasya untuk melunasi utang pinjaman online (pinjol). ""Uang hasil penjualan motor itu digunakan untuk melunasi utang pinjaman online (pinjol),"" jelasnya. Selain membuat LP terkait pidana begal, Tasya sempat menyebarkan informasi palsu ke media sosial. Hal itu membuat keresahan masyarakat. ""Ironisnya, setelah membuat laporan polisi, Tasya juga menyebarkan informasi palsu itu kepada seseorang yang kemudian melaporkannya ke media. Sehingga kabar tersebut sempat menjadi viral dan menimbulkan keresahan di masyarakat,"" tuturnya. Akibat perbuatannya, Tasya dikenai Pasal 220 terkait laporan palsu. Saat ini kasus tersebut masih dalam penyelidikan pihak kepolisian.",BEGAL
"Viral Warga Dibegal Komplotan Bersajam di Cinere Depok, Polisi Turun Tangan Seorang pria menjadi korban begal dengan kondisi luka-luka di Cinere, Depok . Polisi menelusuri kasus tersebut. Dari video yang dilihat, Minggu (21/9/2025), korban luka-luka di bagian kaki. Dinarasikan, korban berjalan kaki menuju rumah lalu didatangi tiga pelaku berboncengan satu motor. Pelaku berusaha merampas ponsel korban. ""Info begal min di Jalan Pendowo. Satu motor tiga orang nih orangnya,"" ujar perekam video. SCROLL TO CONTINUE WITH CONTENT Namun, korban melawan sehingga salah satu pelaku sempat melukai korban dengan senjata tajam pada bagian bawah lutut. Warga ke luar rumah mendengar teriakan korban dan spontan melempar batu ke arah pelaku. Diminta konfirmasi, Kapolsek Cinere Kompol Chairul mengatakan pihaknya tengah menelusuri kasus tersebut. Polisi juga masih memeriksa CCTV sekitar lokasi. ""Kami sedang menelusuri, juga mencari CCTV sekitar lokasi TKP,"" ujar Chairul saat dihubungi wartawan, Minggu (21/9). Dia juga mengimbau korban untuk segera melapor. ""Untuk sementara belum ada kejelasan tapi mengimbau membuat korban laporan,"" tutupnya. Lihat juga Video: Komplotan Begal di Bandung Modusnya Perdaya Ojol via Aplikasi [Gambas:Video 20detik]",BEGAL
"Perkuat Sistem Keamanan, DPRD DKI Dukung Integrasi CCTV Lintas Instansi Wakil Ketua DPRD DKI Jakarta Wibi Andrino mendukung integrasi layanan Closed Circuit Television (CCTV) antara Pemerintah Provinsi (Pemprov) DKI Jakarta dan Polda Metro Jaya. Wibi mengungkapkan integrasi ini penting dalam rangka memperkuat keamanan dan kenyamanan warga ibukota. Apalagi, Kota Jakarta membutuhkan sistem pemantauan terpadu. Ia menilai kamera pengawas yang tersebar di berbagai titik menjadi kekuatan baru menjaga keamanan dan kenyamanan masyarakat. SCROLL TO CONTINUE WITH CONTENT Melalui sistem pemantauan yang terhubung secara real-time, berbagai potensi gangguan keamanan, tindak kriminal, kemacetan, hingga kondisi darurat dapat terdeteksi dan ditangani lebih cepat. Sinergi tersebut juga mendukung efektivitas pengawasan di ruang publik sehingga masyarakat merasa lebih aman dalam beraktivitas. Melalui penguatan kolaborasi, Jakarta diharapkan menjadi kota yang lebih tertib, responsif, dan nyaman bagi seluruh warganya. ""Ini adalah langkah yang sangat ditunggu oleh masyarakat Jakarta,"" ujar Wibi dalam keterangan tertulis, Senin (8/6/2026). Lebih lanjut, Wibu menjelaskan penyebaran CCTV secara terintegrasi mendukung pengawasan terhadap potensi gangguan keamanan dan ketertiban masyarakat. Hal ini termasuk memantau potensi kejahatan jalanan. Seperti begal dan jambret. Sistem tersebut juga mendukung pengawasan titik kemacetan. ""Dengan adanya integrasi tersebut, harapannya bisa menjadi solusi,"" terang Wibi. Optimalisasi CCTV juga menjadi langkah realistis. Sebab, pengadaan kamera pengawas dalam APBD membutuhkan biaya tidak sedikit. Karena itu, ia mendorong pemanfaatan secara maksimal seluruh CCTV eksisting lewat kerja sama lintas instansi. ""Tentu ini langkah konkret dan meringankan masyarakat,"" tambah Wibi. Wibi menegaskan perlindungan keamanan harus secara menyeluruh. Baik terhadap masyarakat lokal maupun warga negara asing (WNA). Menurutnya, integrasi CCTV juga akan membantu Polda Metro Jaya mempercepat respons penanganan gangguan keamanan. Memperkuat penegakan hukum di Jakarta. ""Mudah-mudahan kepolisian, khususnya Polda Metro Jaya, terbantu. Penegakan hukum di Jakarta juga semakin baik,"" pungkas Wibi. Tonton juga video ""Terciduk CCTV, Pria Coba Bobol ATM di Depok Pakai Obeng"" [Gambas:Video 20detik]",BEGAL
"Alasan Wanita di Depok Bikin Laporan Palsu Dibegal Usai Jual Motor Wanita di Depok, Jawa Barat, Tasya Khairini, membuat laporan palsu dibegal padahal menjual motornya buat melunasi pinjol. Belakangan terungkap, Tasya membuat laporan polisi itu karena takut ketahuan orang tuanya bahwa ia telah menjual motornya. ""(Motif) mau bayar utang pinjol, uangnya nggak cukup. (Bikin LP) agar tidak ketahuan orang tuanya menjual motor,"" ujar Kasi Humas Polres Metro Depok AKP Made Budi kepada wartawan, Rabu (17/9/2025). Selain membuat laporan palsu soal begal, Tasya sempat menyebarkan informasi palsu ke media sosial. Hal itu membuat keresahan masyarakat. SCROLL TO CONTINUE WITH CONTENT ""Ironisnya, setelah membuat laporan polisi, Tasya juga menyebarkan informasi palsu itu kepada seseorang yang kemudian melaporkannya ke media. Sehingga kabar tersebut sempat menjadi viral dan menimbulkan keresahan di masyarakat,"" tuturnya. Kebohongan Tasya akhirnya terbongkar. Dia pun menyampaikan permintaan maaf atas laporan palsu yang dia buat itu. ""Saya Tasya Khairani, saya di sini ingin mengklarifikasi bahwasanya saya ingin meminta maaf sebesar-besarnya kepada seluruh warga Depok yang sudah digegerkan terhadap laporan palsu saya,"" ujar Tasya dilihat detikcom dari Instagram @polresmetrodepok,"" Rabu (17/9). Tasya mengaku telah membuat laporan palsu terkait dirinya dibegal. Padahal motor tersebut dia jual kepada tetangganya sebesar Rp 13,5 juta. ""Yang kemarin telah saya buat dengan laporan saya dibegal padahal aslinya saya tidak benar-benar dibegal. Motor saya saya jual kepada tetangga saya sebesar Rp 13,5 juta dan BPKB yang saya gadai sebesar Rp 4 juta,"" tuturnya. Tasya mengaku nekat membuat laporan palsu tersebut karena terlilit pinjol. ""Motif saya melakukan laporan tersebut adalah karena saya terlilit pinjol,"" tutupnya. Akibat perbuatannya, Tasya dikenai Pasal 220 terkait laporan palsu. Saat ini kasus tersebut masih dalam penyelidikan pihak kepolisian. Lihat juga Video: Pemuda Bandung Diringkus Gegara Ngaku Dibegal, Padahal Motor Digadai [Gambas:Video 20detik]",BEGAL
"Terjerat Pinjol, Wanita Jual Motor-Bikin Laporan Palsu Dibegal Terjerat pinjol, seorang wanita bernama Tasya Khairani membuat skenario seolah-olah dibegal dan membuat laporan polisi. Padahal ia menjual motornya ke tetangga untuk melunasi utang. Kejadian itu terjadi di Beji, Depok. Ia menjual motornya seniai Rp 13 juta ke tetangganya dan uang itu digunakan untuk melunasi utang. ""Motor tersebut tidak hilang, melainkan dijual kepada tetangganya seharga Rp 13 juta. Uang hasil penjualan motor itu digunakan untuk melunasi utang pinjaman online (pinjol),"" kata Kasi Humas Polres Metro Depok AKP Made Budi dilansir detikNews, Rabu (17/9/2025). SCROLL TO CONTINUE WITH CONTENT Motif wanita tersebut membuat laporan palsu lantaran tidak mau orang tuanya tahu kalau motornya ia jual. ""(Motif) Mau bayar utang pinjol, uangnya nggak cukup. (Bikin LP) agar tidak ketahuan orang tuanya menjual motor,"" ucapnya. Tak cuma membuat laporan palsu terkait tindak pidana begal, Tasya juga menyebarkan informasi palsu di media sosial yang membuat resah masyarakat. ""Ironisnya, setelah membuat laporan polisi, Tasya juga menyebarkan informasi palsu itu kepada seseorang yang kemudian melaporkannya ke media sehingga kabar tersebut sempat menjadi viral dan menimbulkan keresahan di masyarakat,"" tuturnya. Akibat perbuatannya, ia pun dikenai Pasal 220 terkait laporan palsu. Kini kasusnya masih diselidiki lebih lanjut oleh pihak kepolisian.",BEGAL
"25 Pencuri dan Begal Dibekuk di Depok Depok - Polres Kota Depok mengamankan 25 tersangka dari berbagai kasus kejahatan seperti pembegalan, perampokan dan pencurian. Barbuk hasil kejahatan juga diamankan. Para pelaku dihadirkan dalam rilis di Mapolres Kota Depok, Kamis (30/10/2019). Para pelaku dihadirkan dalam rilis dengan memakai baju tahanan. Mereka juga mendapat penjagaan dari aparat kepolisian. Sebagian dari mereka berusaha untuk menutupi wajahnya saat dihadirkan dalam rilis kasus kejahatan. Para tersangka ini diamankan dari sejumlah kasus kejahatan di wilayah Kota Depok. Polisi menggelar barang bukti yang diamankan dari para pelaku. Barang bukti itu mulai dari linggis hingga obeng. Golok hingga kunci leter T juga diamankan dari para pelaku. Polisi juga mengamankan barang bukti motor dari pelaku curanmor. Saat ini barang bukti sepeda motor itu telah dipasangi garis polisi. TV pun juga diamankan dari pelaku pencurian. Beberapa di antara mereka terpaksa ditembak di bagian kakinya oleh polisi. Rilis kasus kejahatan di Mapolres Kota Depok itu mendapat penjagaan dari polisi bersenjata lengkap.",PENCURIAN
"Wanita Nyaris Dibegal di Krukut Depok, Polisi Selidiki Seorang wanita nyaris dibegal pria menggunakan kayu di Krukut, Depok . Polisi mengecek tempat kejadian perkara (TKP) tersebut. Peristiwa itu terjadi pada Jumat (12/9/2025) pukul 04.15 WIB di Salping Pintu Keluar Tol Krukut, Limo, Depok. Awalnya saksi hendak melaksanakan salat Subuh ke masjid. ""Saat keluar dari gang, melihat sepeda motor dalam keadaan terjatuh dan ada yang mengacungkan sepotong kayu ke arah korban,"" ujar Kasi Humas Polres Metro Depok AKP Made Budi dalam keterangannya, Jumat (12/9). SCROLL TO CONTINUE WITH CONTENT Saksi sempat mengira korban dan pelaku sedang ribut dengan suami. Namun pelaku membawa kabur motor korban. ""Dikiranya (saksi), (korban) sedang ribut dengan suaminya dan dua orang standby di atas motor. Dan sepeda motor berhasil dibawa pelaku dengan cara disetut,"" ucapnya. Saksi kemudian menghampiri korban dan mengaku bahwa pelaku merupakan komplotan begal. Saksi langsung berteriak 'begal!' hingga suaranya terdengar warga sekitar.. ""Korban mengatakan 'Motor saya motor saya' kemudian saksi 1 berteriak 'Begal... begal...' dan didengar oleh pengendara lain yang melintas. Kemudian pelaku dikejar dan tepatnya di depan Indomaret tidak jauh dari TKP. Pelaku meninggalkan sepeda motor milik korban dan pelaku melarikan ke arah Utara (Jakarta),"" jelasnya. Polisi telah melakukan pengecekan TKP. Saat ini kasus tersebut masih dalam penyelidikan pihak kepolisian. Simak juga Video CCTV: Pengemudi Ojol Dibegal di Deli Serdang, Polisi Selidiki [Gambas:Video 20detik]",BEGAL
"Begal yang Sasar Sopir Angkutan Barang di Padalarang Ditangkap Nahas dialami IS (48), seorang sopir angkutan barang online yang dibegal di jalan raya Padalarang Cianjur, tepatnya Desa Gunungmasigit, Kecamatan Cipatat, Kabupaten Bandung Barat (KBB), Sabtu (18/7) sekitar pukul 20.30 WIB. Unit Resmob Satreskrim Polres Cimahi bergerak cepat, hingga Abdul Fakih alias Pacul berhasil diamankan pada Selasa (21/7) di wilayah Sawangan, Depok. Tersangka lalu digelandang ke Mapolres Cimahi. ""Tim dari Unit Resmob Polres Cimahi langsung melakukan pulbaket dan serangkaian penyelidikan. Lalu dalam kurun waktu 3 hari pelaku berhasil diamankan di daerah Sawangan, Depok"" ujar Kapolres Cimahi, AKBP Niko N. Adi Putra saat konferensi pers di Mapolres Cimahi, Rabu (22/7/2026). SCROLL TO CONTINUE WITH CONTENT Dalam pemeriksaan awal, tersangka Pacul sudah mengakui perbuatan yang dilakukannya. Berdasarkan pengakuannya, aksi begal yang dilakukannya memang untuk menguasai kendaraan korban, namun gagal. ""Jadi pengakuannya tersangka mencari korban ini random dengan tujuan memang menguasai barang atau kendaraan korban. Tersangka sudah mempersiapkan senjata tajam jenis celurit, dia bersaksi seorang diri,"" kata Niko. Aksi pembegalan itu berawal saat korban menerima pesanan angkutan barang melalui aplikasi. Korban kemudian berangkat dari daerah Leuwipanjang, Kota Bandung menggunakan mobil Toyota Calya dengan nomor polisi T 1435 HU. ""Berdasarkan keterangan korban, pelaku memesan angkutan online itu titik tujunya ke daerah Gunungmasigit, Cipatat. Alasannya itu mau mengambil barang di temannya,"" kata Niko. Setelah tiba di lokasi, terduga pelaku berjenis kelamin laki-laki itu turun sehingga korban menunggu 30 menit. Namun tiba-tiba terduga pelaku masuk dari pintu mobil sebelah kiri dan seketika menusuk korban menggunakan senjata tajam jenis celurit. ""Korban ini ditusuk secara tiba-tiba oleh pelaku menggunakan celurit hingga mengenai bagian perut. Terduga pelaku juga membacok bagian kepala korban sebanyak 3 kali, dan 3 kali bacokan di tangan kiri korban,"" kata Niko. Akibat perbuatannya, Pacul terancam hukuman penjara 8 tahun. Dia akan dijerat dengan Pasal 479 Ayat (2) huruf c juncto Pasal 17 Ayat (1) dan Ayat (3) Undang-undang Nomor 1 Tahun 2023 tentang KUHPidana.",BEGAL
"Cerita Tak Biasa Begal di Depok Dilatari Sakit Hati Terkait Istri Pria berinisial RS di Cilodong, Depok menjadi korban begal . Tak disangka ternyata pelaku sengaja melakukan tindak kriminal itu lantaran sakit hati istrinya pernah berhubungan intim dengan korban. Peristiwa pembegalan terjadi pada Kamis (30/4) pukul 05.30 WIB di Cilodong, Depok. Motor Suzuki Satria Fu dan handphhone (HP) korban dirampas. SCROLL TO CONTINUE WITH CONTENT Tak hanya motor dan HP yang dirampas, korban juga dikeroyok. Pelaku diketahui berjumlah tiga orang dan telah ditangkap. ""Telah terjadi tindak pidana pengeroyokan dan perampasan handphone dan sepeda motor Suzuki Satria Fu dan handphone milik korban,"" ujar Kasi Humas Polres Metro Depok AKP Made Budi dalam keterangannya, Senin (4/5/2026). Korban mengalami luka lebam di sekitar wajah. Pelaku turut menusuk punggung korban dengan gunting. ""Yang mengakibatkan korban RS mengalami luka lebam di sekitar hidung, mulut, dan luka tusukan di bagian punggung menggunakan gunting,"" tuturnya. Atas kejadian tersebut, korban membuat laporan polisi (LP) ke Polres Metro Depok. Tim Opsnal Resmob dipimpin Kanit Resmob dan Kasubnit beserta anggota melakukan interogasi korban, dan menyelidiki keberadaan para pelaku. ""Sekitar pukul 19.30 WIB, Tim Opsnal Resmob berhasil mengamankan 1 orang pelaku KB, yang sempat melarikan diri. Namun berhasil dikejar dan diamankan di Jalan Belimbing, Pancoran Mas, Kota Depok,"" ucapnya. Kemudian, pelaku AJ dan RM ditangkap di Pancoran Mas, Depok. Ketiga pelaku kemudian dibawa ke Polres Metro Depok guna pengusutan lebih lanjut. Polisi mengungkap motif pembegalan. Salah satu pelaku disebut sakit hati istrinya berhubungan intim dengan korban. ""Pelaku sakit hati karena istri pelaku pernah ditiduri oleh korban dan sempat ditawarkan kepada orang lain (open BO),"" ucap Made Budi. Pelaku kemudian emosional dan mengajak teman-temannya untuk menganiaya korban. ""Sehingga membuat pelaku emosi dan mengajak teman-teman pelaku untuk menganiaya korban,"" jelasnya. Atas perbuatannya ketiga pelaku terancam Pasal 262 KUHP dan Pasal 482 UU Nomor 1 Tahun 2023. Lihat juga Video: 2 Pembegal Kurir yang Viral di Bandung Berhasil Ditangkap [Gambas:Video 20detik]",BEGAL
"Kejutan Ultah bagi Dalang Begal di Depok: Bangun Tidur Jadi Tahanan Polisi meringkus empat anggota komplotan begal yang kerap beraksi di wilayah Jadetabek. Salah satu otak dari komplotan tersebut ditangkap tepat pada hari ulang tahunnya. Keempat pelaku itu berinisial A (31), D (21), N (19), dan ES (18). Mereka ditangkap pada Rabu (6/8) dini hari di kawasan Sawangan, Kota Depok, Jawa Barat (Jabar). Kasubdit Resmob Ditreskrimum Polda Metro Jaya AKBP Ressa Fiardy Marasabessy menyebut pelaku A, dalang komplotan, ditangkap saat tertidur pulas tepat pada hari ulang tahunnya. SCROLL TO CONTINUE WITH CONTENT ""Tiga pelaku yang merupakan eksekutor ditangkap saat ingin berangkat melakukan aksi kejahatan. Sedangkan otak dari kejahatan, yakni A, ditangkap saat tertidur pulas tepat pada hari ulang tahunnya,"" tuturnya. Pelaku beraksi di sejumlah titik yang tidak diawasi CCTV. Mereka juga tak segan melukai korban jika melawan. ""Para pelaku ini juga tak segan melukai para korbannya jika melawan,"" imbuhnya. AKBP Ressa menyebut para komplotan kerap membawa senjata tajam (sajam) saat beraksi. Bahkan, mereka juga dibekali pistol. ""Mengamankan empat pelaku pencurian dengan kekerasan yang telah beraksi di wilayah Jadetabek,"" ujarnya. ""Dan kerap menggunakan senjata airsoft gun dan senjata tajam jenis celurit,"" sambungnya. Mereka akhirnya ditangkap di kawasan Depok. Komplotan begal sadis itu tak berkutik saat diringkus polisi. Keempat pelaku sudah ditetapkan sebagai tersangka dan ditahan. Mereka dijerat dengan Pasal 365 KUHP dengan ancaman pidana maksimal 9 tahun penjara. Aksi terakhir mereka yakni terjadi pada Sabtu (2/8) dini hari di wilayah Serpong, Tangerang Selatan. Saat itu korban dipepet oleh ketiga pelaku yang langsung menarik setang motornya hingga terjatuh ""Selanjutnya seorang pelaku lainnya mengancam korban dengan mengarahkan senjata tajam jenis celurit ke arah korban dan berkata 'diam',"" ujar Ressa. ""Kemudian para pelaku berhenti dan salah seorang pelaku langsung membawa kabur sepeda motor korban berikut satu buah tas yang berisi iPhone 11,"" tambahnya. D (21), N (19), dan ES (18) berperan sebagai eksekutor. Mereka ditangkap di lokasi yang berbeda dari A, sang dalang. ""Tiga pelaku yang merupakan eksekutor ditangkap saat ingin berangkat melakukan aksi kejahatan,"" ujarnya. Lihat juga Video: Momen Penangkapan 3 Begal yang Buat Jari Bidan di Depok Nyaris Putus [Gambas:Video 20detik]",PENCURIAN
"Driver Ojol di Depok Dibegal Penumpangnya, Dibacok Lalu Motor Dirampas Seorang driver ojek online (ojol) berinisial AN (44) dibegal penumpangnya di Pasir Gunung Selatan, Cimanggis, Kota Depok , Jawa Barat. Korban dibacok hingga luka berujung motor miliknya dirampas. Peristiwa itu terjadi pada Kamis (8/1/2026) pukul 06.00 WIB. Mulanya, pelaku menggunakan jasa korban untuk mengantarnya dari Slipi, Jakarta Barat, menuju Kota Depok. ""Sampai TKP Korban dan Pelaku sempat berbincang-bincang sekitar 25 menit,"" ujar Kapolsek Cimanggis Kompol Jupriono saat dihubungi wartawan, Kamis (8/1/2026). SCROLL TO CONTINUE WITH CONTENT Di tengah perjalanan, pelaku tiba-tiba mengeluarkan senjata tajam jenis golok dari balik bajunya. Pelaku lalu menyerang korban hingga mengalami luka di kepala dan paha kiri. ""Kemudian pelaku mengeluarkan sajam jenis golok dari balik bajunya dan melakukan penyerangan kepada korban sehingga korban mengalami luka di kepala dan paha kiri,"" tuturnya. Tak sampai di sana, motor korban juga dibawa kabur oleh pelaku. Korban kemudian dibawa ke RS Bhayangkara Brimob, Kelapa Dua, Depok untuk penanganan medis. ""Kendaraan korban di bawa kabur oleh pelaku ke arah Brigif. Korban oleh warga di bawa ke RS Brimob,"" ujarnya. Korban telah membuat laporan polisi (LP) terkait peristiwa tersebut. Saat ini pihak kepolisian masih menyelidiki guna mengejar pelaku. Lihat juga Video CCTV: Pengemudi Ojol Dibegal di Deli Serdang, Polisi Selidiki [Gambas:Video 20detik]",BEGAL
"Pria Ditusuk Komplotan Begal di Depok, 3 Orang Ditangkap Seorang pria berinisial RS menjadi korban begal di Cilodong, Depok . Tiga pelaku ditangkap. Peristiwa itu bermula pada Kamis (30/4) pukul 05.30 WIB di Cilodong, Depok. Korban dikeroyok hingga ponsel dan motor Suzuki Satria Fu turut dirampas pelaku. ""Telah terjadi tindak pidana pengeroyokan dan perampasan handphone dan sepeda motor Suzuki Satria Fu dan handphone milik korban,"" ujar Kasi Humas Polres Metro Depok AKP Made Budi dalam keterangannya, Senin (4/5/2026). SCROLL TO CONTINUE WITH CONTENT Imbas pengeroyokan itu, korban mengalami luka lebam di sekitar wajah. Punggung korban juga sempat ditusuk gunting oleh pelaku. ""Yang mengakibatkan korban RS mengalami luka lebam di sekitar hidung, mulut, dan luka tusukan di bagian punggung menggunakan gunting,"" tuturnya. Atas kejadian tersebut, korban membuat laporan polisi (LP) ke Polres Metro Depok. Tim Opsnal Resmob dipimpin Kanit Resmob dan Kasubnit beserta anggota melakukan interogasi korban, dan menyelidiki keberadaan para pelaku. ""Sekitar pukul 19.30 WIB, Tim Opsnal Resmob berhasil mengamankan 1 orang pelaku KB, yang sempat melarikan diri. Namun berhasil dikejar dan diamankan di Jalan Belimbing, Pancoran Mas, Kota Depok,"" ucapnya. Kemudian, pelaku AJ dan RM ditangkap di Pancoran Mas, Depok. Ketiga pelaku kemudian dibawa ke Polres Metro Depok guna pengusutan lebih lanjut. Atas perbuatannya ketiga pelaku terancam Pasal 262 KUHP dan Pasal 482 UU Nomor 1 Tahun 2023. Lihat juga Video: Cekcok Sesama Pemotor di Bandung Berujung Maut, Korban Tewas Ditusuk [Gambas:Video 20detik]",BEGAL
"Wanita di Depok Bikin Laporan Palsu Dibegal demi Lunasi Utang Pinjol Seorang wanita bernama Tasya Khairani membuat laporan palsu terkait tindak pidana begal di Beji, Depok. Saat ditelusuri, Tasya ternyata menjual motor tersebut ke tetangganya untuk melunasi utang pinjaman online (pinjol). ""Motor tersebut tidak hilang, melainkan dijual kepada tetangganya seharga Rp 13 juta. Uang hasil penjualan motor itu digunakan untuk melunasi utang pinjaman online (pinjol),"" kata Kasi Humas Polres Metro Depok AKP Made Budi kepada wartawan, Rabu (17/9/2025). Made mengatakan motif Tasya membuat LP adalah agar tidak ketahuan orang tuanya karena menjual motor. SCROLL TO CONTINUE WITH CONTENT ""(Motif) Mau bayar utang pinjol, uangnya nggak cukup. (Bikin LP) agar tidak ketahuan orang tuanya menjual motor,"" ucapnya. Selain membuat LP terkait pidana begal, Tasya sempat menyebarkan informasi palsu ke media sosial. Hal itu membuat keresahan masyarakat. ""Ironisnya, setelah membuat laporan polisi, Tasya juga menyebarkan informasi palsu itu kepada seseorang yang kemudian melaporkannya ke media sehingga kabar tersebut sempat menjadi viral dan menimbulkan keresahan di masyarakat,"" tuturnya. Akibat perbuatannya, Tasya dikenai Pasal 220 terkait laporan palsu. Saat ini kasus tersebut masih dalam penyelidikan pihak kepolisian. Simak juga Video 'Utang Warga +62 Naik! Pinjol Rp 83,52 T dan Paylater Rp 31,5 T': [Gambas:Video 20detik]",BEGAL
"Satgas Anti-tawuran Polda Metro Berhasil Tekan Tawuran Timbulkan Korban Jiwa Kapolda Metro Jaya Irjen Asep Edi Suheri membentuk satuan tugas (satgas) anti-tawuran setelah menggelar Apel Kamtibmas beberapa waktu lalu. Hasilnya, Satgas yang dibentuk berkolaborasi dengan warga ini berhasil menekan tawuran dan mencegah munculnya korban jiwa. Kabid Humas Polda Metro Jaya Kombes Budi Hermanto mengatakan Satgas anti-tawuran telah bekerja sejak dibentuk pada 12 Februari lalu. Satgas ini terdiri dari anggota Brimob, Sabhara, hingga melibatkan sejumlah elemen masyarakat. ""Sepanjang periode 12 hingga 23 Februari 2026, petugas secara intensif menyisir titik-titik rawan untuk membubarkan kerumunan remaja yang terindikasi hendak melakukan aksi tawuran. Pendekatan ini terbukti efektif dalam memetakan potensi gangguan keamanan sebelum pecah menjadi konflik fisik di jalanan,"" kata Budi kepada wartawan, Selasa (24/2/2026). SCROLL TO CONTINUE WITH CONTENT Budi menjelaskan, selama masa kerja, satgas anti-tawuran berhasil mengamankan 6 remaja yang tengah melakukan persiapan tawuran. Dari remaja tersebut, polisi menyita sejumlah barang bukti senjata tajam (sajam). Saat ini para pelaku telah diproses sesuai dengan ketentuan hukum yang berlaku. Budi menyebut langkah penegakan hukum ini diambil sebagai bentuk efek jera bagi pihak-pihak yang nekat membawa senjata tajam dan mengancam nyawa orang lain. ""Keterlibatan aktif warga juga membuahkan hasil positif. Di Cipayung, Depok, warga setempat berhasil menggagalkan rencana tawuran sekelompok remaja dan menyerahkan mereka ke Polsek Pancoran Mas,"" terang Budi. ""Langkah ini menjadi tonggak penting dalam menyatukan visi antara aparat penegak hukum dan warga demi keamanan lingkungan,"" sambungnya. Budi menerangkan, sejumlah terduga pelaku tawuran ini pun turut diberikan sanksi edukatif. Salah satunya para terduga pelaku diwajibkan mendengarkan tausiah di Masjid. ""Langkah ini diambil agar mereka mendapatkan pencerahan moral dan menyadari kekeliruan perbuatan mereka,"" tutur Budi. ""Fokus utama satgas ini mengedepankan tindakan preventif dan humanis melalui kolaborasi patroli warga serta patroli mobile dari satuan Brimob dan Sabhara,"" lanjutnya. Dia pun menyampaikan bahwa Kapolda mengapresiasi kolaborasi warga yang mau sama-sama terlibat menjaga Kamtibmas. Kolaborasi ini pun, kata dia, berhasil mencegah timbulnya korban jiwa yang kerap muncul saat peristiwa tawuran terjadi. ""Bapak Kapolda sangat mengapresiasi kolaborasi aktif masyarakat. Pendekatan kita kali ini sangat humanis namun tetap tegas. Hasilnya sangat signifikan. Jika pada Januari lalu kita mencatat ada 3 korban jiwa akibat tawuran, maka selama masa Ramadan di bawah pengawasan satgas ini, angka korban jiwa adalah nihil. Ini adalah keberhasilan kolektif antara Polri dan warga dalam menjaga marwah bulan suci,"" pungkasnya. Saksikan Live DetikPagi: Simak juga Video 'Tren Aksi Tawuran Turun saat Operasi Pekat 2026 Polda Metro Jaya': [Gambas:Video 20detik]",TAWURAN
"Polisi Amankan 5 Remaja Hendak Tawuran di Depok, Celurit-Stik Golf Disita Tim Perintis Presisi Polres Metro Depok menangkap lima remaja hendak tawuran di Citayam, Depok . Tiga senjata tajam (sajam) mulai celurit hingga stik golf disita. Peristiwa itu terjadi pada Rabu (14/1/2026), pukul 04.30 WIB, di Citayam, Depok. Mulanya, Tim Perintis Presisi Polres Metro Depok melaksanakan patroli di Jalan Raya Cipayung, lalu mendapati rombongan anak remaja dari arah berlawanan berboncengan mengendarai motor. ""Kemudian, Tim 3P melihat adanya benda mencurigakan yang ditutupi oleh kain sarung dan melakukan pengejaran hingga ke lokasi Tanah Merah lanjut melakukan penyisiran di area sekitar,"" tulis Instagram @jaguar_presisi, Rabu (14/1). SCROLL TO CONTINUE WITH CONTENT Kelima remaja tersebut mengakui hendak melakukan aksi tawuran di Jalan Citayam dini hari. Polisi melakukan pemeriksaan lebih lanjut dan meminta pelaku menunjukkan lokasi sajam yang disimpan. ""(Sajam berada) di rumah remaja tersebut di Gang Sabar Jalan Citayam yang digunakan untuk melakukan aksi tawuran,"" tuturnya. Polisi menemukan sajam berupa 1 bilah celurit, 2 buah corbek, dan 1 buah stik golf. Kelima pelaku dibawa ke Polres Metro Depok untuk pemeriksaan lebih lanjut. Lihat juga Video CCTV Tawuran di Dekat Pemakaman Caringin Depok, Polisi Selidiki [Gambas:Video 20detik]",PENCURIAN
"Polisi Fasilitasi Fun Night Run Cegah Tawuran Saat Ramadan di Depok Polres Metro Depok bersama Pemerintah Kota (Pemkot) Depok memfasilitasi balap lari 'Depok Night Run Ramadan 2026' di Kota Depok, Jawa Barat. Kegiatan ini dilakukan untuk mewadahi minat dan mencegah terjadinya tawuran. ""Jadi gini , ini kita memfasilitasi saja, adek-adek itu, dan mereka membuat kegiatan-kegiatan itu jadi kita fasilitasi dengan ya melaksanakan lomba lari,"" kata Kapolres Metro Depok Kombes Abdul Waras saat dihubungi wartawan, Jumat (6/3/2026). Abdul mengatakan kegiatan ini dilakukan untuk melakukan pembinaan dengan harapan tidak ada lagi tawuran. Kegiatan itu juga sekaligus untuk mengasah kemampuan pemuda di Depok di bidang atletik. SCROLL TO CONTINUE WITH CONTENT ""Iya kita harapannya seperti itu (mencegah adanya tawuran dan balap liar). Mereka kita lakukan pembinaan kita ajak bareng-bareng ya, biar hal positif untuk mengasah kemampuan mereka di bidang atletik,"" ujarnya. Kegiatan ini akan dilaksanakan pada Jumat (6/3), pukul 21.30 WIB di tiap polsek wilayah Depok. Nantinya, para peserta yang lolos akan dipertandingkan kembali di halaman Pemkot Depok atau Depok Open Space pada Sabtu (14/3). ""Yang jelas malam ini malam Sabtu dan malam Minggu tingkat polsek atau kecamatan alokasi waktunya. Ini artinya kalau nggak cukup malam ini, berarti besok dilakukan lagi. Nah nanti untuk tingkat kita, tingkat kota, itu Minggu depan di halaman Pemkot,"" jelasnya. Polisi mengimbau pemuda untuk menjadikan kegiatan tersebut ajang silaturahmi, meningkatkan prestasi di bidang atletik. Abdul juga mengimbau untuk para pemuda menghindari tawuran atau hal-hal negatif yang merugikan diri sendiri. ""Tentu ya adek-adek gunakan ini sebagai ajang silaturahmi ajang untuk meningkatkan prestasi terutama di bidang olahraga atletik. Kemudian dihindari untuk hal-hal negatif terutama untuk tawuran tadi, yang tidak bermanfaat dan merugikan orang lain juga merugikan diri sendiri. Nanti pada saat pelaksanaan hindari taruhan atau judi, nggak boleh,"" tutupnya. Sebagai informasi, ajang tersebut juga memberikan hadiah untuk para pemenang. Tidak ada batasan bagi peserta untuk mengikuti ajang tersebut. Balap lari juga terbagi menjadi dua kategori untuk pria maupun wanita dengan berat badan 40-70 kg dan 75-100 kg. Lihat juga Video: Bahagianya Penyandang Disabilitas Ikut Adhyaksa Night Run 2025 [Gambas:Video 20detik]",TAWURAN
"Live Konvoi di Medsos, 5 Anggota Gangster di Depok Dibekuk Polisi bersama warga hingga anggota Komponen Cadangan (Komcad) TNI menangkap 5 remaja yang diduga hendak tawuran di kawasan Depok, Jawa Barat (Jabar). Saat diciduk mereka membawa senjata tajam (sajam).",TAWURAN
"Polisi Tangkap 13 Remaja Tawuran di Depok, Sajam hingga Stik Golf Disita Polisi menangkap 13 remaja di wilayah Kelurahan Sukamaju, Kecamatan Tapos, Kota Depok , Jawa Barat. Mereka ditangkap karena diduga terlibat tawuran . Kasi Humas Polres Metro Depok AKP Hendra mengatakan peristiwa terjadi pada Sabtu (1/8/2026) dini hari. Belasan remaja ditangkap saat polisi menggelar patroli. ""Sasaran kegiatan (patroli) antisipasi kejahatan anggota gangster , masyarakat yang berkerumun, dan rawan tindak pidana,"" kata Hendra. SCROLL TO CONTINUE WITH CONTENT Mulanya, petugas kepolisian menerima informasi dari masyarakat bahwa ada remaja yang tengah berkumpul. Menerima informasi itu, petugas segera menuju ke lokasi. ""Lanjut sampai di lokasi, benar saja ditemukan perkumpulan tersebut kemudian lari berhamburan ketika melihat tim datang,"" bebernya. Petugas kemudian melakukan pengejaran terhadap para remaja tersebut. Kemudian petugas menangkap sebanyak 13 remaja yang diduga tawuran itu. ""Sebanyak 13 remaja dibawa ke Polsek Cimanggis untuk ditindaklanjuti,"" ungkapnya. Selain itu, polisi menyita sejumlah barang bukti. Di antaranya senjata tajam (sajam) hingga busur panah yang diduga hendak digunakan untuk tawuran. ""Barang bukti celurit enam buah, gobang (golok) tiga buah, stik golf dua buah, dan busur panah satu buah,"" pungkasnya. [Gambas:Video 20detik]",TAWURAN
"Viral Remaja Terluka Berdarah-darah di Jaksel, Polisi Ungkap Penyebabnya Video seorang remaja terduduk lemas di pinggir jalan kawasan Jagakarsa, Jakarta Selatan (Jaksel) viral di media sosial (medsos). Polisi menjelaskan, remaja berinisial MF (14) tersebut merupakan korban kecelakaan . ""Dari keterangan dokter dan saksi bahwa didapat keterangan bahwa korban mengalami kecelakaan dan mengalami luka akibat benturan,"" kata Kapolsek Jagakarsa Kompol Nurma Dewi, Selasa (30/6/2026). Kecelakaan itu terjadi di Jalan Joe, Jagakarsa pada Senin (29/6) sekitar pukul 22.00 WIB. Dalam video yang beredar, terlihat korban mengalami luka berdarah di bagian pelipis atas matanya. SCROLL TO CONTINUE WITH CONTENT Beredar kabar, korban terluka akibat tawuran dan kecelakaan. Panit Reskrim Polsek Jagakarsa Ipda Rendy mengecek kebenaran kabar tersebut pada dini hari tadi dengan mendatangi Ruang IGD RSUD Pasar Minggu Jaksel. Berdasarkan keterangan dari kakak korban, remaja MF terluka akibat kecelakaan. Polisi juga mendapatkan laporan dari call center Polri 110 bahwa terjadi kecelakaan di lokasi tersebut. ""Korban mengalami kecelakaan. Kalau dari laporan 110 juga laporannya (korban) menabrak lalu wajahnya kena,"" katanya. Atas kejadian itu, ibu korban membuat keterangan kecelakaan di Unit Laka Satlantas Polres Jaksel. Korban merupakan siswa SMP di Beji, Kota Depok, Jawa Barat (Jabar). Nurma mengatakan dokter di RSUD Pasar Minggu juga memberikan keterangan bahwa korban mengalami luka di bagian dahi. Korban akan dioperasi atas luka yang dialaminya. ""Dari dokter jaga IGD didapat keterangan, korban mengalami luka remuk di bagian tempurung dekat area mata diduga akibat benturan. Kondisi stabil dan sudah dilakukan tindakan dengan menjahit luka yang ada,"" katanya. Korban rencananya akan dirujuk ke RS tipe A mengingat di RSUD Pasar Minggu tidak ada bedah plastik namun masih menunggu surat rekomendasi kecelakaan dari kepolisian. Lihat juga Video: Para Menteri Brasil Kecam Operasi Narkoba Berdarah di Rio de Janeiro [Gambas:Video 20detik]",KECELAKAAN
"Polisi Tangkap 20 Remaja Hendak Tawuran di Depok, 10 Sajam Disita Polisi menangkap 20 remaja hendak tawuran di Cilangkap, Tapos, Depok. Sepuluh senjata tajam (sajam) jenis celurit disita. Peristiwa itu terjadi pada Sabtu (25/4/2026), pukul 00.00 WIB, di Cilangkap, Tapos, Depok. Patroli Polres Metro Depok bersama anggota Presisi Polda Metro Jaya melaksanakan patroli di Jalan Raya Bogor yang diduga akan terjadi tindakan tawuran. ""Setibanya di lokasi, aksi tawuran sudah terjadi. Tim membubarkan dan berhasil menangkap beberapa pelaku beserta senjata tajam,"" ujar Kasi Humas Polres Metro Depok AKP Made Budi dalam keterangannya, Minggu (26/4). SCROLL TO CONTINUE WITH CONTENT Made mengatakan sebanyak 20 remaja ditangkap. Satu pelaku kedapatan membawa sajam, sisanya diharuskan menjalani pembinaan dan membuat surat pernyataan tidak mengulangi perbuatan tersebut. ""Pelaku 20 cuma 1 diamankan karena kedapatan bawa sajam. Yang lain dibina, dipanggil orang tua dan buat surat pernyataan,"" jelasnya. Dari foto yang diterima, terlihat ada 10 sajam jenis celurit hingga golok panjang. Para remaja itu tertunduk beserta barang bukti busur, sajam, dan ponsel milik mereka masing-masing. Simak juga Video 'Tren Aksi Tawuran Turun saat Operasi Pekat 2026 Polda Metro Jaya': [Gambas:Video 20detik]",TAWURAN
"10 Remaja Tawuran di Depok Diamankan, Langsung Masuk Pesantren Kilat Polisi menangkap 10 remaja terlibat tawuran di Cipayung, Pancoran Mas, Depok. Sepuluh remaja tersebut dimasukkan ke pesantren kilat di Polres Metro Depok. Kasi Humas Polres Metro Depok AKP Made Budi mengatakan sepuluh remaja ditangkap pada Sabtu (21/2/2026) pukul 01.30 WIB di Jalan Rawasari 2, Cipayung, Depok. Setelah diamankan, mereka langsung masuk pesantren kilat. ""Pesantren kilat kemarin sudah dimulai, 10 pelajar yang diamankan karena tawuran sudah masuk. Anak-anak tersebut langsung melaksanakan program pesantren kilat di Masjid Polres,"" ujar Made kepada wartawan, Minggu (22/2). SCROLL TO CONTINUE WITH CONTENT Made mengatakan sepuluh remaja tersebut didata dan disaksikan langsung kedua orang tua mereka. Mereka juga melaksanakan salat 5 waktu berjemaah. ""Melakukan pendataan kembali kepada remaja tersebut disaksikan oleh orang tua masing-masing Melakukan pengawasan salat berjamaah 5 waktu agar ingat selalu kepada Allah SWT,"" ucapnya. Kasat Binmas dan Kanit Bintibsos memberikan bimbingan kepada remaja agar tidak mengulangi perbuatan yang salah. Serta untuk selalu sayang dengan masa depan dan kasih sayang orang tua. ""Ketua DKM Masjid Al Ikhlas AKP H Saimun dan Aiptu Mulyasari memberikan arahan dan penyuluhan serta mengajak anak-anak baca alquran kepada anak-anak yang mengikuti pesantren kilat,"" jelasnya. Pelaku Tawuran Masuk Pesantren Kilat Sebelumnya, Polres Metro Depok mengatakan akan membina pelaku tawuran di Depok saat Ramadan. Para pelaku tawuran akan dimasukkan ke pesantren kilat yang disiapkan Polres Metro Depok. ""Jadi salah satu yang menjadi perhatian kami adalah masalah tawuran, salah satu nanti yang akan kita tindaklanjuti, bagaimana anak-anak yang terlibat tawuran ini nanti akan kita ikutkan di pondok pesantren kilat,"" ujar Kapolres Metro Depok Kombes Abdul Waras kepada wartawan, Rabu (18/2). Abdul berharap program pesantren kilat itu dapat mengurangi tawuran di Kota Depok. Dia menyebut tawuran sangat merugikan lingkungan dan juga masyarakat. ""Intinya kami ingin mengurangi niatan anak-anak kita, adik-adik kita untuk melakukan tawuran, karena ini sangat merugikan apabila adik-adik ini masih ngotot, nekat, tawuran, nanti akan kita masukan ke pondok pesantren kilat di Polres Metro Depok,"" tegasnya. Lihat juga Video: Menjaga Hati di Era Media Sosial [Gambas:Video 20detik]",TAWURAN
"Waspada, Pakar UI Ungkap Radikalisasi Paling Terlihat di Usia SD dan SMP ADVERTISEMENT Pakar Hukum Universitas Indonesia (UI), Prof Heru Susetyo, mengungkapkan proses radikalisasi dapat dimulai dari usia bayi. Namun, kecenderungannya akan mengental saat anak berada di bangku SD dan SMP. ""Orang itu bisa radikal dari bayi, bahkan ketika orang tuanya radikal atau keluarga dia radikal, itu bisa jadi sejak kecil dia sudah terancam mempelajariradikalisasi,"" tutur ProfHeru kepadadetikEdu, Senin (30/3/2026). SCROLL TO CONTINUE WITH CONTENT Heru mencontohkan, orang tua bisa melarang anak hormat ke Bendera Merah Putih atau menghormati Pancasila sejak bayi. Jika lingkungan anak saat besar nanti tidak berubah, potensi radikal akan selalu muncul. ""Tapi nggak semua yang radikal terus jadi ekstremis, nggak juga. Tergantung situasinya, kebutuhannya, dan jika ada trigger-nya apa nggak. Tapi proses itu dibangun memang bisa sejak bayi. Tapi itu kemudian mengental ketika SD-SMP,"" tuturnya. Saat berada di bangku sekolah, Heru menuturkan, radikalisasi biasanya disebabkan karena salah memilih teman atau ada kultus individual. Kultus ini terjadi saat suatu individu senior dihormati karena pengetahuannya dan bisa mempengaruhi orang lain. Individu ini nantinya akan memberikan makanan, perhatian, dan kepercayaan kepada pengikutnya. ""Sangat dihormati, dihargai, disegani, karena keluasan pengetahuan agamanya, ada perhatian juga sama mereka, ada jaga makan, ada jaga kemana-mana, kemudian akhirnya ada social bonding. Social bonding, saling percaya, pemakluman, disalahgunakan kepercayaan tersebut,"" jelasnya. Namun, Heru menekankan, tidak semua orang akan ikut menjadi radikal. Ada yang hanya ikut berkumpul saja. Doktor bidang hak asasi manusia (HAM) dan studi perdamaian itu mengatakan media sosial Telegram paling banyak menyumbangradikalisasi. Salah satu kampanye lewat Telegram adalah kampanye untuk bergabung ISIS (Islamic State of Iraq and Syria) di tahun 2000. Kampanye tersebut menjanjikan kehidupan surga di Bumi dan akhirat. Mereka juga menjanjikan hidup tenang, sekolah gratis, dan kesehatan terjamin. ""Jadi itu kampanye dilakukan masif di Telegram, pakai video lah, pakai testimoni, itu membakar, itu mengagitasi masyarakat. Yang paling kena terutama anak-anak sekolah,"" ungkapnya. Anak usia sekolah, menurut Heru, belum bisa membedakan mana yang baik dan benar. Untuk menghindari ini, anak perlu diberikan banyak bacaan dan literasi digital. ""Masalahnya nggak semua orang punya akses yang bagus kepada pengetahuan yang luas,"" ujarHeru. Berdasarkan studi yang dilakukan di wilayah Jakarta, Bogor, Depok, Tangerang, Bekasi (Jabodetabek), Heru mengatakan kurang lebih ada 2% remaja yang terpapar radikalisasi. ""Kekerasannya tidak hanya terorisme ya, termasuk geng motor juga. Tawuran juga ternyata sekarang terjadinya lewat sosial media, terutama mereka nantang lawannya di Instagram sama di Facebook,"" ujarnya.",TAWURAN
"Polisi Tangkap 13 Penjual Obat Keras Ilegal di Depok, Sita 4.000 Tramadol Polisi menangkap 13 penjual obat terlarang di wilayah Kota Depok. Total 4.066 butir tramadol disita petugas. ""Dalam kurun Maret 2026, petugas berhasil menyita sebanyak 4.066 butir tramadol dari sejumlah lokasi di wilayah Kota Depok,"" kata Kasat Narkoba Polres Metro Depok Kompol Yefta Ruben Hasian Aruan dalam keterangannya, Rabu (18/3/2026). Pengungkapan ini merupakan hasil dari 13 laporan yang diterima penyidik. Sebanyak 13 pelaku yang terlibat dalam jaringan tersebut ditangkap. SCROLL TO CONTINUE WITH CONTENT ""Sekaligus mengamankan 13 orang pelaku yang terlibat dalam jaringan peredaran obat terlarang tersebut,"" ucapnya. Para pelaku beroperasi di berbagai wilayah di Kota Depok, antara lain Tajur Halang, Pancoran Mas (Panmas), Limo, Sukmajaya, Sawangan, dan Beji. Modusnya ialah mengedarkan obat tanpa izin. ""Modus yang digunakan pelaku adalah mengedarkan obat secara ilegal tanpa izin, yang berpotensi disalahgunakan oleh masyarakat, khususnya kalangan remaja,"" tuturnya. Yefta menegaskan pihaknya berkomitmen penuh untuk memberantas peredaran obat terlarang di wilayah hukum Polres Metro Depok. Ia juga mengimbau masyarakat untuk turut berperan aktif dalam memberikan informasi kepada pihak kepolisian apabila mengetahui adanya aktivitas mencurigakan terkait peredaran obat-obatan terlarang. ""Peredaran obat daftar G ini sangat merugikan dan kerap menjadi pemicu berbagai permasalahan, seperti tawuran, tindak pidana, serta kenakalan remaja lainnya,"" ujarnya. ""Dengan pengungkapan ini, diharapkan dapat menekan angka peredaran obat ilegal serta menciptakan situasi kamtibmas yang aman dan kondusif di wilayah Kota Depok,"" imbuh Yefta. Lihat juga Video 'BPOM akan Tindak Toko yang Jual Bebas Obat Tramadol': [Gambas:Video 20detik]",PENCURIAN
"Komisi X DPR Soroti Kasus Siswa SMP Lempar Molotov: Ada Pihak Memanfaatkan Wakil Ketua Komisi X DPR Lalu Hadrian menyoroti kasus siswa melempar bom molotov di SMP Negeri 3 Sungai Raya, Kubu Raya, Kalimantan Barat (Kalbar). Lalu menilai peristiwa itu menjadi peringatan serius terkait radikalisme. ""Jadi tadi lagi-lagi kita dapat berita yang tidak mengenakan, anak usia sekolah, hari ini dimanfaatkan oleh kelompok-kelompok tertentu sebagai eksekutor untuk melaksanakan radikalisme,"" kata Lalu kepada wartawan di kompleks parlemen, Senayan, Jakarta, Rabu (4/2/2026). Lalu mengatakan pengawasan orang tua serta guru penting untuk mencegah peristiwa serupa terulang. Dia menyebut ada pihak-pihak yang sengaja menyasar siswa di tengah upaya pemerintah membangun dan menata berbagai persoalan bangsa. SCROLL TO CONTINUE WITH CONTENT ""Kita tahu di saat negara kita hari ini sedang bangkit, sedang membangun, Presiden Prabowo Subianto sedang menata semua persoalan yang ada di republik ini, ada pihak-pihak yang tidak senang, ada pihak-pihak yang hari ini menggunakan kekuatan lain yang biasanya menggunakan orang dewasa, malah hari ini menyasar kepada siswa-siswi,"" ucap Lalu. ""Di beberapa kejadian, siswa-siswi inilah yang dimanfaatkan untuk menjadi eksekutor dalam melaksanakan radikalisme itu tadi,"" sambungnya. Dia pun berencana mengundang Kemendikdasmen untuk membahas persoalan tersebut. Lalu menilai perlu ada solusi konkret dari permasalahan tersebut. ""Kami akan mengundang Mendikdasmen untuk membahas ini secara serius. Walaupun berkali-kali kami bahas, selalu ada solusi, tetapi begitu solusi diberikan muncul lagi,"" ujar Lalu. ""Ini menjadi alarm bagi semua. Kalau orang mengatakan negara tidak hadir, negara itu hadir. Nah, sekarang kita cari salahnya di mana, sehingga ini terus berulang kembali,"" imbuhnya. Dilansir dari detikKalimantan , seorang siswa kelas IX SMP Negeri 3 Sungai Raya diamankan polisi karena diduga sebagai pelaku pelemparan bom molotov di sekolahnya, pada Selasa (3/2). Bom molotov dilempar saat para siswa tengah menyantap menu Makan Bergizi Gratis (MBG) pada jam istirahat. Satu pelajar menjadi korban terkena percikan benda dari molotov tersebut. ""Benar, telah terjadi dugaan pelemparan bom molotov di SMPN 3 Sungai Raya. Terduga pelaku sudah berhasil kami amankan untuk mencegah hal-hal yang tidak diinginkan serta menjalani pemeriksaan lebih lanjut,"" kata Kapolsek Sungai Raya AKP Hariyanto, Selasa (3/2). Saat ini, polisi masih mendalami motif siswa tersebut. Pelajar kelas IX ini ternyata memiliki hobi bermain game tembak-tembakan. Hasil pendalaman sementara, aktivitas remaja pelaku di sekolah terbilang normal. Namun, tekanan dari lingkungan keluarga diduga menjadi pemicu utama yang kemudian diperparah oleh kebiasaan bermain gim tembak-tembakan di gawai. ""Kami tanyakan hobinya, ternyata dia gemar bermain game tembak-tembakan. Di sisi lain, anak ini punya cita-cita yang jelas, ingin menjadi mekanik. Artinya dia sebenarnya punya tujuan hidup,"" jelas Kapolda Kalbar Irjen Pipit Rismanto, dilansir detikKalimantan , Rabu (4/1). Tonton juga video ""Viral! Remaja Bawa Sajam-Molotov di Depok, Diduga Mau Tawuran"" [Gambas:Video 20detik]",TAWURAN
"Viral Motor Pelaku Tawuran Seruduk Gerobak Nasgor di Depok, 3 Orang Ditangkap Rekaman video yang memperlihatkan gerobak pedagang nasi goreng terguling usai tertabrak motor pelaku tawuran di Jalan Raya Citayem, Pancoran Mas, Kota Depok, viral di media sosial. Tiga orang ditangkap polisi. ""Iya benar. Saat ini masih dalam penyelidikan di Polsek Pancoran Mas,"" kata Kabag Humas Polres Metro Depok AKP Made Budi ketika dimintai konfirmasi, Jumat (6/2/2026). Polisi menjawab pertanyaan apakah betul kejadian pelaku tawuran tabrak gerobak nasi goreng hingga terguling dan 3 pelaku tawuran ditangkap. SCROLL TO CONTINUE WITH CONTENT Dalam video beredar tampak sebuah gerobak pedagang terguling di pinggir jalan raya. Gerobak tersebut dinarasikan terguling usai ditabrak pelaku tawuran. Dalam video tampak peralatan untuk berjualan hingga bumbu pedagang nasi goreng berserakan di jalanan. Sejumlah warga tampak berkerumun di lokasi dan mencoba merapihkan gerobak pedagang nasi goreng yang terguling. Made mengatakan, pihak Polsek Pancoran Mas mengamankan tiga pelaku tawuran yang menabrak gerobak nasi goreng saat berboncengan tiga menggunakan motor. Sebilah belati diamankan dari ketiga pelaku. ""Jajaran Polsek Pancoran Mas berhasil mengamankan tiga orang pelaku tawuran yang hendak melakukan aksi kekerasan di wilayah hukum Polsek Pancoran Mas, Depok,"" kata Made dalam keterangan tertulis. Dari ketiga pelaku, kata Made, diamankan sebilah belati diduga akan digunakan untuk tawuran. Saat ini, ketiga pelaku masih diperiksa di Polsek Pancoran Mas. ""Saat ini, ketiga pelaku telah diamankan di Polsek Pancoran Mas guna menjalani proses hukum sesuai ketentuan yang berlaku terkait kepemilikan, penyimpanan, dan penguasaan senjata tajam tanpa izin,"" kata Made. Simak juga Video 'Tawuran Pelajar SMP di Jonggol, 2 Bocah Luka-luka': [Gambas:Video 20detik]",KECELAKAAN
"Pelaku Tawuran di Depok Saat Ramadan Bakal Dimasukkan ke Pesantren Kilat Polres Metro Depok mengatakan akan membina pelaku tawuran di Depok saat Ramadan. Para pelaku tawuran akan dimasukkan ke pesantren kilat yang disiapkan Polres Metro Depok. ""Jadi salah satu yang menjadi perhatian kami adalah masalah tawuran, salah satu nanti yang akan kita tindaklanjuti, bagaimana anak-anak yang terlibat tawuran ini nanti akan kita ikutkan di pondok pesantren kilat,"" ujar Kapolres Metro Depok Kombes Abdul Waras kepada wartawan, Rabu (18/2/2026). SCROLL TO CONTINUE WITH CONTENT Abdul berharap program pesantren kilat itu dapat mengurangi tawuran di Kota Depok. Dia menyebut tawuran sangat merugikan lingkungan dan juga masyarakat. ""Intinya kami ingin mengurangi niatan anak-anak kita, adik-adik kita untuk melakukan tawuran, karena ini sangat merugikan apabila adik-adik ini masih ngotot, nekat, tawuran, nanti akan kita masukan ke pondok pesantren kilat di Polres Metro Depok,"" tegasnya. Abdul juga menyoroti perang petasan dan perang sarung yang kerap terjadi saat Ramadan. Dia mengimbau masyarakat turut berperan aktif dalam mencegah terjadinya peristiwa tersebut. ""Tentu ini menjadi kajian kami dan harapan kita adik-adik atau masyarakat bisa mengisi kegiatan Ramadan dengan positif. Sehingga tadi petasan dan lain sebagainya tentu ini juga sesuai dengan regulasi yang ada, tata aturan hukum yang ada juga tidak boleh. Sehingga harapan kita jangan juga mengganggu masyarakat lain yang melakukan ibadah,"" jelasnya. Tonton juga video ""Tren Aksi Tawuran Turun saat Operasi Pekat 2026 Polda Metro Jaya"" [Gambas:Video 20detik]",TAWURAN
"Ikuti Arahan Presiden, Kapolda Metro-Pangdam Jaya Gelar Korve di Danau Sunter Kapolda Metro Jaya Irjen Asep Edi Suheri menggelar korve atau kerja bakti serentak bersama jajarannya di kawasan Danau Sunter Papanggo, Jakarta Utara. Agenda ini diikuti Pangdam Jaya Mayjen Deddy Suryadi hingga Sekda DKI Jakarta Uus Kuswanto. Pantauan detikcom di lokasi, Minggu (8/1/2026) agenda dimulai sekitar pukul 08.10 WIB. Irjen Asep turun langsung terlibat dalam kegiatan bersih-bersih di kawasan Danau Sunter Papanggo. Di sana, seluruh jajaran kepolisian, TNI, PPSU hingga PMI turun tangan membersihkan sampah yang berserakan. Sampah-sampah diangkut menggunakan karung di sekeliling danau. SCROLL TO CONTINUE WITH CONTENT Selanjutnya Irjen Asep ikut menanam pohon di lokasi. Rencananya ada puluhan pohon yang ditanam misalnya pohon mahoni, pohon spathodea, pohon tabebuya, hingga pohon flamboyan. Irjen Asep mengatakan, kegiatan ini digelar serentak di seluruh daerah Jakarta termasuk Kabupaten Tangerang, Bekasi, dan Depok. Kegiatan ini adalah tindak lanjut perintah Presiden Prabowo Subianto. ""Kegiatan korve yang mana menindaklanjuti sesuai instruksi dan perintah dari Bapak Presiden Republik Indonesia, Bapak Jenderal Prabowo Subianto. Dan juga tentunya pada pagi hari ini, selain kita melaksanakan kegiatan korve di wilayah Bendungan Papanggo, juga wilayah lain melaksanakan kegiatan yang sama ya, daerah Jakarta Pusat, Timur, Selatan, Depok, Tangerang, dan Bekasi,"" kata Asep di lokasi Selanjutnya Asep menyebut telah berdiskusi dengan TNI dan Pemprov DKI untuk melakukan agenda ini secara rutin. Rencananya kegiatan rutin akan digelar Jumat. ""Mungkin kita akan jadwalkan secara rutin, apakah itu namanya 'Jumat Bersih'. Pada saat hari Jumat setelah melakukan kegiatan olahraga, semua melaksanakan korve, melaksanakan kegiatan bersih-bersih, yang mana bersih-bersih itu adalah sebagian daripada iman yang harus kita laksanakan,"" jelas dia. Tonton juga video ""Ada 440 Kasus Tawuran di Jakarta Sepanjang 2025"" [Gambas:Video 20detik]",TAWURAN
"Mencari Bibit Petinju Kota Depok Depok - Sasana Silem Amanatun Soe (SAS) Boxing Camp Depok jadi tempat pelatihan serta pembibitan atlet tinju. Tempat ini juga pengganti tawuran para pelajar SMA. 'Buk, Buk, Buk', suara pukulan terdengar keras silih berganti dari dalam sebuah gang di Kota Depok, Jawa Barat. Suara tersebut berasal sasana tinju sederhana bernama Silem Amanatun Soe (SAS) Boxing Camp Depok di Gang Mawar I, Sukamaju, Cilodong. Sejumlah petinju berlatih di tempat latihan yang didirikan sejak tahun 2018 oleh petinju profesional Silem Serang (33). Sasana tersebut menjadi salah satu tempat pelatihan serta pembibitan atlet tinju yang terdaftar di KONI Depok. Pemerintah Kota Depok melalui KONI Depok mendukung keberadaan sasana tinju tersebut dengan memberikan sejumlah fasilitas latihan seperti samsak dan sarung tinju. Lebih lanjut, dengan dukungan pemerintah, SAS Boxing Camp Depok juga mengadakan pertandingan tinju bernama âBaku Falungkuâ. Ajang tersebut bisa diikuti oleh siapa saja yang tertarik dengan olahraga tinju. Selain itu pertandingan tersebut juga menjadi langkah untuk menemukan bakat-bakat tinju pada generasi muda di Kota Depok dan mengembangkannya lebih lanjut ke level yang lebih tinggi sebagai petinju. Sasana itu tidak hanya diisi aktivitas petinju yang berlatih rutin. Tapi juga menjadi lokasi pilihan para pelajar SMA yang bukan saja iseng mengamati latihan petinju tapi juga mengadakan pertandingan tinju diantara mereka sebagai pengganti tawuran. Hal ini sejalan dengan falsafah dasar pendirian sasana itu. âTujuan utama dari SAS Boxing Camp Depok bukan dari segi bisnis. Saya membuat sasana ini untuk mengajak atau merangkul anak-anak remaja di Kota Depok untuk berhenti tawuran dan pergaulan bebas dengan berlatih tinjuâ, ungkap Silem. Delapan atlet tinju saat ini fokus berlatih di sasana SAS Boxing Camp Depok. Beberapa diantaranya telah berhasil merebut penghargaan dan juara. Misalnya pada ajang Jakarta Boxing Open, Baku Falungku, dan Street Boxing Polda Metro Jaya. Selanjutnya, sasana tersebut menargetkan para atletnya bisa menembus seleksi Pra-PON sehingga bisa mewakili Jawa Barat pada ajang Pekan Olahraga Nasional (PON).",TAWURAN
"Polisi Tangkap 6 Pemuda Tawuran di Depok, 4 Senjata Tajam Disita Polisi menangkap enam pemuda yang terlibat tawuran di Jalan Radar AURI, Kecamatan Cimanggis, Kota Depok. Mereka ditangkap ketika polisi tengah menggelar patroli. ""Kegiatan patroli tersebut dilaksanakan dalam rangka mengantisipasi tawuran, balap liar, kejahatan jalanan, serta gangguan kamtibmas lainnya di wilayah hukum Polda Metro Jaya,"" kata Dirsamapta Polda Metro Jaya Kombes Wahyu Dwi Ariwibowo, Kamis (16/7/2026). Patroli digelar pada Rabu (15/7) kemarin. Dia mengatakan patroli dilakukan sebagai kegiatan program Jaga Jakarta untuk memastikan situasi berlangsung aman, terutama di wilayah rawan. SCROLL TO CONTINUE WITH CONTENT ""Patroli ini dilaksanakan untuk memberikan rasa aman kepada masyarakat, khususnya pada jam-jam rawan terjadinya gangguan kamtibmas seperti tawuran, balap liar, maupun kejahatan jalanan,"" ujarnya. Patroli kemudian menerima laporan terkait adanya tawuran di sekitar lokasi kejadian. Pihak kepolisian segera menuju lokasi kejadian begitu menerima laporan. ""Dari hasil penyisiran, petugas mengamankan enam pemuda yang diduga terlibat dalam aksi tawuran. Selain itu, petugas juga menyita barang bukti berupa empat bilah senjata tajam atau sajam,"" imbuhnya. Keenam pemuda tersebut kemudian diserahkan kepada Polsek Ciamnggis guna proses penyelidikan dan pengembangan lebih lanjut. Dia mengimbau para orang tua untuk meningkatkan pengawasan kepada anak-anaknya. ""Masyarakat juga diminta segera melapor kepada petugas atau menghubungi layanan kepolisian 110 apabila mengetahui adanya potensi tawuran, balap liar, maupun gangguan kamtibmas lainnya,"" pungkasnya. Lihat juga Video: 2 Kelompok Warga Tawuran di Makassar, Polisi Lepaskan Tembakan Peringatan [Gambas:Video 20detik]",TAWURAN
"Janjian Tawuran via Medsos, 3 Pelajar di Bogor Ditangkap Polisi Polisi menangkap tiga orang remaja di wilayah Desa Waru, Kecamatan Parung, Bogor, Jawa Barat. Mereka ditangkap karena diduga hendak menggelar tawuran . ""Polsek Parung mengamankan tiga orang remaja yang diduga akan melakukan aksi tawuran antar-sekolah,"" kata Kapolsek Parung Kompol Maman Firmansyah, Rabu (6/5/2026). SCROLL TO CONTINUE WITH CONTENT Mereka ditangkap pada Selasa (5/5) malam. Mulanya pihaknya menerima informasi bahwa diduga ada rencana tawuran di perbatasan wilayah Parung dengan Kota Depok. ""Menindaklanjuti informasi tersebut, personel piket patroli segera melakukan pengecekan ke lokasi,"" jelasnya. Setiba di lokasi, petugas menemukan sejumlah remaja bergerombol. Beberapa di antaranya bahkan diduga membawa senjata tajam. ""Petugas bersama warga kemudian melakukan tindakan cepat dengan mengamankan sebagian remaja, sementara beberapa lainnya melarikan diri,"" bebernya. Polisi mengamankan barang bukti berupa satu unit sepeda motor dan tiga telepon genggam dari penangkapan itu. Mereka sendiri telah bersepakat dengan lawannya untuk tawuran di sana. ""Berdasarkan hasil pemeriksaan awal, diketahui bahwa para remaja tersebut diduga telah merencanakan aksi tawuran antar sekolah yang sebelumnya telah disepakati melalui media sosial,"" tuturnya. Ketiga remaja itu kemudian dibawa ke kantor polisi untuk dilakukan pembinaan lebih lanjut. Orang tua dan pihak sekolah juga dilibatkan dalam pembinaan itu. ""Kami juga mengimbau kepada para orang tua, pihak sekolah, serta masyarakat untuk bersama-sama mengawasi dan membina anak-anak agar tidak terlibat dalam kegiatan yang melanggar hukum,"" pungkasnya. Lihat juga Video: Tawuran Pelajar SMP di Jonggol, 2 Bocah Luka-luka [Gambas:Video 20detik]",TAWURAN
"Polisi Tangkap 2 Remaja Bawa Pisau di Depok, Diduga Mau Tawuran Sebuah video memperlihatkan keramaian terkait dua remaja ditangkap warga karena hendak tawuran di Jalan Raya Citayam, Depok . Diduga remaja tersebut membawa pisau. Dari video yang beredar di media sosial, tampak warga telah mengerumuni remaja tersebut. Mereka diikat menggunakan cable ties . Warga sempat menyoraki kedua remaja tersebut. Kemudian, ditunjukkan adanya pisau di dalam tas remaja. SCROLL TO CONTINUE WITH CONTENT "" Nih ya, sajamnya pisau. Satu lagi celuritnya dibawa sama temannya kabur,"" ujar warga sambil menunjukkan barang bukti. Tim Perintis Presisi Polres Metro Depok kemudian mengamankan kedua remaja dari kerumunan warga. Dimintai konfirmasi, Kasi Humas Polres Metro Depok AKP Hendra mengatakan peristiwa itu terjadi pada Selasa (7/7) di Jalan Raya Citayem, Depok. Polisi kemudian ke lokasi setelah mendapat informasi dari warga adanya tawuran pelajar. ""Setelah sampai di lokasi tim melakukan pemeriksaan serta melakukan mediasi,"" ujar AKP Hendra dalam keterangannya, Kamis (9/7). Dia mengatakan dua remaja berinisial MR dan KR diamankan. Mereka kemudian dibawa ke Polsek Pancoran Mas untuk dimintai keterangan. ""(Diamankan) MR dan KR. Selanjutnya, tim membawa 2 pelajar tersebut ke Polsek Pancoran Mas untuk dimintai keterangan,"" tutupnya. Lihat juga Video Ngeri! Maling di Sulsel Ancam Polisi Pakai Pisau saat Mau Ditangkap [Gambas:Video 20detik]",TAWURAN
"Tawuran 'Perang' Sajam di Kolong Tol Krukut, 3 Orang Diamankan Polisi Sebuah video viral memperlihatkan aksi tawuran remaja membawa senjata tajam (sajam) di kolong Tol Krukut, Depok. Tiga orang diamankan polisi. Dari video yang dilihat detikcom , Rabu (7/1/2026), belasan remaja berada di lokasi. Mereka membawa sajam, bambu panjang, dan berlarian. Tampak beberapa dari mereka juga menggunakan motor. Terlihat beberapa titik api yang menyala di lokasi. SCROLL TO CONTINUE WITH CONTENT Dimintai konfirmasi, Kapolsek Cinere Kompol Chairul mengatakan peristiwa itu terjadi pada Rabu (6/1) pukul 03.00 WIB. Berdasarkan keterangan warga, tawuran sempat dilerai. ""Betul. Kami sedang dalami dan sudah ada titik terang sekarang yang bersangkutan masih di Polsek untuk dimintai keterangan untuk keributannya belum terjadi,"" ujar Chairul saat dihubungi wartawan, Rabu (6/1). Polisi telah mengecek tempat kejadian perkara (TKP). Tiga orang diamankan untuk dimintai keterangan. ""Sedang didalami oleh anggota tadi juga saya ikut ke TKP tersebut. Ini tadi (tiga) anak-anak yang diamankan dan saat ini masih didalami di Polsek Cinere oleh Reskrim,"" tutupnya. Simak juga Video: Tawuran Kembali Pecah di Manggarai Sore Ini, Warga Saling Lempar Batu-Petasan [Gambas:Video 20detik]",TAWURAN
"Daerah Rawan Tawuran Dipelototi Polda Metro Jelang Ramadan Menjelang bulan suci Ramadan, Kepolisian Daerah (Polda) Metro Jaya menggelar operasi rutin yang ditingkatkan. Operasi bersandikan 'Pekat Jaya 2026' menyasar kriminalitas jalanan hingga tawuran. Dirangkum detikcom , Operasi Pekat Jaya digelar selama 14 hari, mulai Rabu, 28 Januari 2026 hingga 11 Februari 2026. Ada sejumlah sasaran yang ditargetkan dalam Operasi Pekat Jaya 2026 ini untuk memastikan Jakarta aman selama bulan Ramadhan. Mengawali pelaksanaan operasi, Kapolda Metro Jaya Irjen Pol Asep Edi Suheri menggelar apel pasukan. Ratusan personel dikerahkan untuk melaksanakan operasi di seluruh penjuru Jakarta, Bekasi, Tangerang, dan Depok. SCROLL TO CONTINUE WITH CONTENT Polda Metro Jaya mengerahkan ratusan personel untuk melaksanakan Operasi Pekat Jaya 2026 . Personel tersebar di wilayah hukum Polda Metro Jaya, meliputi Jakarta, Bekasi, Tangerang, hingga Depok. Irjen Pol Asep Edi mengatakan operasi ini merupakan pengejawantahan tugas pokok Polri dalam memelihara kamtibmas sekaligus menegakkan hukum. Meski demikian, jenderal bintang dua itu menjamin pelaksanaan Operasi Pekat Jaya 2026 dilakukan secara humanis dan profesional . ""Melalui operasi ini, Polri akan melaksanakan penegakan hukum secara tegas terhadap berbagai bentuk premanisme, kekerasan jalanan, dan tindak pidana lainnya. Namun demikian, setiap tindakan di lapangan harus dilaksanakan secara profesional proporsional, sesuai prosedur,"" jelasnya. Kapolda Irjen Asep Edi mengatakan tren kejahatan selama Ramadan memiliki kecenderungan meningkat. Oleh karena itu, ia meminta jajarannya untuk melakukan pengawasan terhadap sejumlah kejahatan jalanan dan penyakit masyarakat, seperti tawuran hingga geng motor. ""Menjelang bulan Ramadan gangguan Kamtibmas cenderung mengalami peningkatan, terutama berupa tawuran, aksi keributan geng motor, aktivitas premanisme serta berbagai bentuk kejahatan jalanan lainnya,"" kata Irjen Asep Edi Suheri. Irjen Asep mengatakan meningkatnya kejahatan di Jakarta ini terjadi karena beberapa alasan, mulai konsumsi minuman keras menjadi penyebabnya. Irjen Asep menegaskan pihaknya tidak akan mentolerir aksi kejahatan. ""Kondisi tersebut dipicu oleh berbagai faktor, antara lain konsumsi minuman keras dan obat-obatan terlarang, provokasi melalui media sosial serta tekanan sosial ekonomi yang meningkat menjelang bulan suci Ramadan,"" kata dia. Irjen Asep menambahkan personel yang bertugas akan menjaga daerah rawan kejahatan dan tawuran. Pihaknya sudah memetakan wilayah rawan, termasuk kawasan Manggarai hingga Jalan Jenderal Basuki Rachmat (Basura). ""Nanti kita akan fokus di wilayah hukum Jakarta Pusat, Jakarta Timur, yang sering, termasuk Jakarta Selatan. Itu yang wilayah perbatasan akan kita tempatkan pos pantau dan juga mobile dari patroli gabungan,"" tuturnya. Selain itu, polisi akan menjemput bola mendatangi sekolah dan memberikan imbauan agar para siswa tidak terlibat dalam aksi tawuran. Lebih jauh, patroli siber juga digencarkan untuk memastikan Jakarta aman. Irjen Asep meminta personel yang bertugas mengedepankan tindakan humanis tapi tetap tegas dalam bertindak. Dia juga meminta personel bersikap profesional dan proporsional sesuai aturan yang ada. ""Pahami karakteristik wilayah tugas dan tingkatkan kewaspadaan, serta responsif terhadap setiap perkembangan situasi di lapangan. Kedepankan pendekatan yang humanis dan orientasi pelayanan, sehingga pelayanan polisi benar-benar dirasakan sebagai pelindung, pengayom dan pelayan masyarakat,"" kata dia. Tonton juga video ""Tawuran Pelajar SMP di Jonggol, 2 Bocah Luka-luka"" [Gambas:Video 20detik]",TAWURAN
"Sosok Siswa SMP Pelempar Molotov di Kalbar, Hobi Main Game Tembak-tembakan Polisi masih mendalami motif siswa melempar bom molotov di SMP Negeri 3 Sungai Raya, Kubu Raya, Kalimantan Barat (Kalbar). Pelajar kelas IX ini ternyata memiliki hobi bermain game tembak-tembakan. Hasil pendalaman sementara, aktivitas remaja pelaku di sekolah terbilang normal. Namun, tekanan dari lingkungan keluarga diduga menjadi pemicu utama yang kemudian diperparah oleh kebiasaan bermain gim tembak-tembakan di gawai. ""Kami tanyakan hobinya, ternyata dia gemar bermain game tembak-tembakan. Di sisi lain, anak ini punya cita-cita yang jelas, ingin menjadi mekanik. Artinya dia sebenarnya punya tujuan hidup,"" jelas Kapolda Kalbar Irjen Pipit Rismanto, dilansir detikKalimantan , Rabu (4/2/2026). SCROLL TO CONTINUE WITH CONTENT Pipit menegaskan kepolisian tidak serta-merta melihat game sebagai penyebab tunggal. Namun lebih pada kombinasi tekanan psikis, kurangnya pengawasan, dan belum tertatanya penyaluran minat anak secara positif. Penanganan kasus ini, lanjut Pipit, mengedepankan prinsip ultimum remedium , di mana proses hukum menjadi langkah terakhir. Fokus utama saat ini adalah pembinaan, pendampingan psikologis, serta pemulihan kondisi keluarga. ""Anak ini masih bisa dibina. Akar masalahnya harus diselesaikan dulu agar peristiwa serupa tidak terulang,"" tegasnya. Pipit menjelaskan pelemparan bom molotov yang dilakukan seorang remaja di lingkungan sekolah tidak berdiri sendiri, melainkan dipicu berbagai faktor psikologis dan lingkungan keluarga. ""Kami mendalami akar masalahnya. Ternyata ada tekanan psikis yang cukup berat. Kakek dan ayahnya sedang sakit, dan ini berpengaruh besar terhadap kondisi mental anak,"" ujar dia. Baca selengkapnya di sini Tonton juga video ""Viral! Remaja Bawa Sajam-Molotov di Depok, Diduga Mau Tawuran"" [Gambas:Video 20detik]",TAWURAN
"Universitas Pertahanan Gandeng BPOM, Edukasi soal Obat dan Makanan Universitas Pertahanan Republik Indonesia menyelenggarakan kegiatan Aksi Nasional Pencegahan Penyalahgunaan Obat-Obat Tertentu (OOT) serta Training of Trainer (TOT) Cegah Penyalahgunaan Obat dan Makanan Terlarang (CEPOT). Kegiatan ini bertempat di Ruang Theater Auditorium Kampus Bela Negara Universitas Pertahanan RI, Kawasan IPSC Sentul, Kabupaten Bogor, Jawa Barat. Kegiatan ini diinisiasi oleh Dekan Fakultas Farmasi Militer Universitas Pertahanan RI, Prof Dr apt Yahdiana Harahap, M.S sebagai bentuk komitmen dalam mendukung upaya nasional pencegahan penyalahgunaan Obat-Obat Tertentu (OOT) seperti Tramadol, Trihexypenidil, Clorpromazin, Amitriptilin, Dekstromethorphan, Haloperidol, dan Ketamin melalui penguatan edukasi, kolaborasi lintas sektor, serta pemberdayaan masyarakat. ADVERTISEMENT SCROLL TO CONTINUE WITH CONTENT Kegiatan ini merupakan bentuk kolaborasi lintas sektor dalam upaya pencegahan penyalahgunaan Obat-Obat Tertentu (OOT) yang saat ini menjadi perhatian serius karena terjadinya pergeseran dari penyalahgunaan narkotika dan psikotropika ke penyalahgunaan OOT yang semakin meningkat. Hal ini disebabkan OOT lebih mudah diperoleh dengan harga yang lebih murah dibanding narkotika dan psikotropika. Penyalahgunaan OOT juga memberi dampak terhadap kesehatan masyarakat, keamanan sosial, serta masa depan generasi muda Indonesia. Kepala Badan Pengawas Obat dan Makanan (BPOM RI) Prof dr Taruna Ikrar, M.Biomed, Ph.D menyampaikan bahwa penyalahgunaan OOT ini bukan sekadar masalah kesehatan, tetapi ancaman bagi masa depan bangsa dengan menurunnya kualitas sumber daya manusia. OOT kerap disalahgunakan untuk kepentingan non medis, terutama untuk tujuan rekreasional. Sementara itu, Rektor Universitas Pertahanan RI, Letjen TNI (Purn) Dr Anton Nugroho, M.M.D.S., M.A menegaskan bahwa keberhasilan program pencegahan tidak hanya ditentukan oleh penegakan hukum, tetapi juga oleh kekuatan edukasi dan keteladanan sosial. Peran guru, dosen, tenaga kesehatan, tokoh agama, keluarga, komunitas, dan media sangat menentukan dalam membentuk lingkungan yang sehat dan aman bagi generasi muda. Selain itu, dia juga menekankan pentingnya sinergi antar-instansi dan dunia pendidikan dalam membangun kesadaran generasi muda terhadap bahaya penyalahgunaan obat-obatan tertentu. Rangkaian kegiatan meliputi laporan pelaksanaan kegiatan yang disampaikan oleh Jeffeta Pradeko Putra, S.Farm., M.Si, dilanjutkan sambutan para pejabat, penandatanganan komitmen bersama lintas sektor, konferensi pers, pemberian materi edukasi tentang penyalahgunaan OOT, sharing session, serta pelaksanaan Training of Trainer (TOT) CEPOT kepada peserta. TOT CEPOT sendiri merupakan program edukasi yang bertujuan memperkuat sinergi antara BPOM, Pemerintah Kabupaten Bogor, akademisi, dan masyarakat dalam mencegah penyalahgunaan obat-obatan tertentu (OOT), meningkatkan edukasi masyarakat terkait dampak sosial seperti tawuran serta kekerasan terhadap perempuan dan anak, menurunkan angka penyalahgunaan obat, serta meningkatkan kewaspadaan nasional terhadap bahaya penyalahgunaan OOT. Kegiatan ini diikuti oleh sekitar 260 peserta yang terdiri dari unsur akademisi, OPD pemerintah daerah, lembaga, asosiasi profesi, komunitas, media, dan pelajar. Adapun target utama program TOT CEPOT adalah menciptakan minimal 200 trainer yang nantinya dapat melakukan edukasi langsung kepada masyarakat dan lingkungan pendidikan seperti SMP dan SMA. Melalui kegiatan ini, diharapkan terbangun kesadaran bersama akan pentingnya penggunaan obat secara aman dan bertanggung jawab serta terciptanya kolaborasi berkelanjutan dalam mencegah penyalahgunaan OOT demi mewujudkan masyarakat yang sehat, aman, dan bebas dari penyalahgunaan obat. Acara dihadiri oleh unsur pemerintah pusat dan daerah, akademisi, aparat penegak hukum, organisasi profesi, komunitas, media, serta pelaku usaha. Hadir dalam kegiatan tersebut Rektor Universitas Pertahanan RI, Letjen TNI (Purn) Dr Anton Nugroho, M.M.D.S., M.A, Kepala BPOM RI, Prof dr Taruna Ikrar, M.Biomed Ph.D, Wakil Bupati Bogor H. Ade Ruhandi, S.E. (Jaro Ade), Walikota Depok yang diwakili oleh Kepala Dinas Kesehatan Kota Depok, dr Devi Maryori, MKM, serta Walikota Bogor yang diwakili oleh Asisten Pemerintahan dan Kesejahteraan Rakyat, H Eko Prabowo, AP., M.Si.",TAWURAN
"Polres Depok Gandeng Ormas Jaga Ketertiban, Ajak Patroli Rumsong saat Lebaran Polres Metro Depok menggandeng organisasi kemasyarakatan (ormas) untuk menjaga kondusivitas menjelang Idul Fitri 2026. Polisi mengajak ormas untuk mencegah tawuran hingga menggencarkan patroli menjaga rumah yang ditinggalkan para pemiliknya mudik. Hal itu disampaikan Kapolres Metro Depok Kombes Abdul Waras saat memimpin apel 'Siaga Kamtibmas' di Lapangan Apel Tower Zamzam yang dihadiri potensi masyarakat dan ormas se-Kota Depok, Kamis (26/2/2026). Dalam amanatnya, Abdul mengatakan sinergi diperlukan untuk menjaga lingkungan dari berbagai potensi ancaman kamtibmas. ""Kehadiran rekan-rekan sekalian merupakan wujud nyata dan sikap tegas atas komitmen dan semangat yang sama dalam bersama-sama menjaga lingkungan dari berbagai potensi ancaman dan gangguan demi mewujudkan lingkungan yang aman dan tertib,"" ujar Abdul dalam keterangannya. SCROLL TO CONTINUE WITH CONTENT Dia menyampaikan, dinamika sosial berkembang sangat cepat. Potensi gangguan dapat muncul dari hal-hal kecil, seperti provokasi di media sosial, kesalahpahaman di lingkungan, persaingan antarkelompok, hingga aktivitas yang memengaruhi aspirasi publik. ""Karena itu, target bersama sangat jelas, yakni menciptakan kondisi yang aman dan nyaman: aman bagi warga yang beraktivitas, aman bagi pengguna jalan dan pelaku usaha, aman bagi rumah ibadah, aman di ruang digital. Serta nyaman dalam arti hadirnya rasa teduh dan kepastian kehadiran negara bersama masyarakat,"" jelasnya. Abdul mengajak seluruh elemen bersinergi saling menjaga, mengingatkan, dan mendukung. Dia menekankan pentingnya upaya pencegahan, deteksi dini, serta kolaborasi seluruh elemen masyarakat selama Ramadan hingga Idul Fitri. ""Masyarakat diminta mematuhi aturan, menghormati sesama, menjaga sikap di ruang publik dan etika di ruang digital. Terutama saat Ramadan dan menjelang Idul Fitri, warga diimbau menghindari konvoi liar, keributan, dan perilaku yang mengganggu ketertiban umum. Kedua, menolak dan menghentikan penyebaran provokasi, hoaks, ujaran kebencian, serta ajakan kekerasan,"" kata dia. Abdul Waras juga mengingatkan agar masyarakat tidak mudah terpancing narasi yang memecah belah atau mendorong aksi anarkis. Dia berperan setiap persoalan di lingkungan sekitar agar diselesaikan secara musyawarah. dengan mengedepankan koordinasi dengan tokoh masyarakat, tokoh agama, serta Bhabinkamtibmas. ""Keempat, mengaktifkan kewaspadaan lingkungan melalui Satkamling dan Pokdarkamtibmas. Menjelang Idul Fitri, saat mobilitas meningkat dan sebagian rumah ditinggal mudik, ronda terjadwal dan pemantauan titik rawan harus diperkuat,"" kata dia. ""Pencegahan potensi tawuran, konflik, dan kejahatan jalanan dilakukan dengan pendekatan sopan, santun, dan humanis. Kelima, segera melaporkan setiap indikasi gangguan kamtibmas,"" imbuhnya. Lebih lanjut, Abdul menegaskan bahwa aspirasi yang disampaikan secara damai dan sesuai aturan tetap dihormati. Namun segala bentuk kekerasan dan aksi anarkis yang merugikan masyarakat akan ditolak tegas. ""Mari kita buktikan 'Jaga Warga-Jaga Depok' sebagai gerakan nyata yang terlihat di lapangan, terukur hasilnya, dan terasa dampaknya bagi masyarakat,"" pungkasnya. Tonton juga video ""Komitmen Ormas Jaga Jakarta, Kompak Bareng Polda Metro Tolak Aksi Anarkis"" [Gambas:Video 20detik]",TAWURAN
"Polisi Gagalkan Tawuran di Jalan Raya Bogor, 7 Pemuda Ditangkap Tawuran dua kelompok pemuda terjadi di sekitar Pasar Cikema, Jalan Raya Bogor, tepatnya di perbatasan Kabupaten Bogor dengan Kota Depok. Petugas menyita sejumlah senjata tajam (sajam) usai membubarkan tawuran di lokasi. ""Pembubaran tawuran perbatasan Bogor-Depok, barang bukti sajam (senjata tajam),"" kata Kasat Samapta Polres Bogor AKP Yogi Nugraha kepada wartawan, Sabtu (25/4/2026). Peristiwa itu terjadi pada dini hari tadi. Yogi mengatakan sebanyak tujuh pemuda yang terlibat tawuran diamankan oleh anggotanya. SCROLL TO CONTINUE WITH CONTENT ""Untuk orangnya ada tujuh (yang diamankan),"" jelasnya. Lokasi tawuran berada di wilayah Kota Depok. Polisi kemudian menyerahkan ketujuh pemuda dan barang bukti sajam itu kepada Polres Metro Depok. ""Karena lokasi tawuran di Depok, dibawa sama Polres Depok (pelakunya),"" pungkasnya. Lihat juga Video: Pramono Bentuk Satgas Jaga Jakarta untuk Cegah Tawuran-Tangani Banjir [Gambas:Video 20detik]",TAWURAN
"Tawuran di Pasar Pal Depok, 2 Pemuda dan Airsoft Gun Diamankan Polisi Polisi menggagalkan tawuran antarkelompok di kawasan Pasar Pal, Cimanggis, Kota Depok, dini hari tadi. Dua orang pemuda diamankan berikut senjata airsoft gun disita polisi di lokasi. Kabid Humas Polda Metro Jaya Kombes Budi Hermanto mengatakan dua pemuda tersebut diamankan oleh personel Unit IV Seksi Turjawali Subdirektorat Gasum Direktorat Samapta Polda Metro Jaya. Petugas awalnya melakukan patroli blue light untuk mengantisipasi kejahatan 3C, tawuran, serta gangguan keamanan dan ketertiban masyarakat lainnya. ""Sekitar pukul 02.45 WIB, personel menerima laporan dari masyarakat mengenai adanya tawuran antarkelompok di sekitar Pasar Pal. Petugas kemudian segera menuju lokasi untuk melakukan pengecekan,"" kata Kombes Budi, dalam keterangannya, Sabtu (11/7/2026). SCROLL TO CONTINUE WITH CONTENT Setibanya di lokasi sekitar pukul 03.00 WIB, petugas mengamankan dua pemuda berinisial F dan R yang diduga berada dalam kelompok tawuran tersebut. Selain itu, petugas juga mengamankan sejumlah barang yang ditemukan di sekitar lokasi, yakni tujuh senjata tajam jenis celurit, satu senapan angin, serta satu airsoft gun model revolver. ""Kedua pemuda bersama barang yang diamankan telah diserahkan kepada Polres Metro Depok untuk menjalani pemeriksaan dan pendalaman lebih lanjut,"" ujarnya. Lebih lanjut, Kombes Budi Hermanto mengimbau para orang tua untuk meningkatkan pengawasan terhadap aktivitas anak-anak, khususnya pada malam hingga dini hari. Masyarakat juga diminta segera menghubungi kepolisian melalui layanan 110 apabila mengetahui adanya tawuran atau gangguan keamanan lainnya. [Gambas:Video 20detik]",TAWURAN
"Polisi Tangkap 3 Remaja Hendak Tawuran di Depok, 3 Celurit Disita Polisi menangkap tiga remaja hendak tawuran di Limo, Depok , Jawa Barat (Jabar). Tiga senjata tajam jenis celurit disita. Peristiwa itu terjadi pada Senin (19/1/2026), pukul 21.30 WIB, di Jalan H Ribut, Limo, Depok, Jabar. Mulanya ketiga saksi berinisial D, U, dan Y tengah berjaga di Perumahan Cakra melihat 15 remaja berboncengan motor. ""(Ketiga saksi) sedang jaga di Perumahan Cakra melihat sekelompok remaja sekitar 15 sepeda yang berboncengan dua dan tiga yang membawa senjata tajam melintas,"" ujar Kasi Humas Polres Metro Depok AKP Made Budi dalam keterangannya, Rabu (21/1). SCROLL TO CONTINUE WITH CONTENT Ketiga saksi kemudian menangkap tiga pemuda berinisial SH, MH, dan MH yang membawa celurit. Saksi melaporkan peristiwa itu ke Bhabinkamtibmas Aiptu Justan. ""Selanjutnya, ke-3 orang tersebut diamankan ke Pospol Limo dan melaporkan ke Pawas Ipda Jarot,"" tuturnya. Sekitar pukul 22.00 WIB, Piket Fungsi Polsek Cinere tiba di lokasi. Ketiga pelaku tawuran beserta barang bukti dibawa ke Polsek Cinere guna penyelidikan lebih lanjut. Tonton juga Video: Viral! Remaja Bawa Sajam-Molotov di Depok, Diduga Mau Tawuran [Gambas:Video 20detik]",TAWURAN
"Viral Remaja di Depok Terkapar Luka Bacok, Diduga Korban Tawuran Seorang remaja berinisial F (14) ditemukan dalam kondisi terkapar dan bersimbah darah akibat luka bacok di Meruyung, Limo, Depok. Korban, yang merupakan pelajar SMP, diduga dibacok lawan tawuran dan ditemukan oleh warga sekitar. Kejadian ini viral di media sosial. Dalam rekaman video yang beredar, terlihat korban dalam kondisi terkapar dan bersimbah darah ditemukan warga di pinggir jalan. Peristiwa itu terjadi pada Senin (8/6/2026) pukul 19.30 WIB di Meruyung, Limo, Depok. Mulanya, korban bersama kedua temannya, yaitu R dan D. Mereka berboncengan tiga orang menaiki sepeda motor. Sesampai di Makam Kopo, Limo, ketiganya bertemu dengan kelompok tawuran yang berasal dari SMP lain. Mereka hendak melakukan tawuran di Pacuan Kuda Limo, melawan SMP yang berbeda. SCROLL TO CONTINUE WITH CONTENT ""Pada saat menuju Pacuan Kuda Limo, F (korban) mengendarai sepeda motor membonceng R dan D. Kemudian kedua kelompok tersebut bertemu di Pacuan Kuda Limo,"" ujar Kapolsek Cinere Kompol Chairul Saleh dalam keterangannya, Rabu (10/6). Saat di lokasi, D turun dari motor untuk melihat kelompok musuh. Karena jumlah tak seimbang, D kembali naik motor dan kabur ke Jalan Tiga Putera, Meruyung, Depok. ""Saat melintas di Jalan Tiga Putera, sepeda motor yang dikendarai oleh F, R, dan D ditendang oleh kelompok musuh sehingga sepeda motor terjatuh,"" ucapnya. Korban kemudian dibacok kelompok musuh hingga mengalami luka sobek di kepala dan pelipis. Sedangkan R dan D berlari dan kabur meninggalkan korban. ""Kemudian warga sekitar yang lewat di lokasi kejadian memberi pertolongan kepada F dan menghubungi keluarga F. Korban kemudian dibawa ke Klinik As-Syifa Parung Bingung untuk dilakukan tindakan medis,"" tuturnya. Setelah dilakukan tindakan medis, F dibawa pulang oleh keluarganya dikarenakan berobat jalan. Polisi masih mendalami terkait kasus tersebut, namun ortu korban membuat surat pernyataan karena enggan membuat laporan polisi (LP). ""Sedang didalami, tapi orang tua korban tidak mau buat laporan polisi,"" tutupnya. Lihat juga Video 'Pegawai Toko Roti Tewas Dibacok di Jakbar gegara Senggolan Motor': [Gambas:Video 20detik]",PEMBACOKAN
"Warga Cinere Dibacok Saat Lerai Tawuran Subuh-subuh, Pelakunya Pelajar Polisi menangkap pelajar berinisial AI karena membacok warga berinisial M di Pangkalan Jati, Cinere, Depok , Jawa Barat (Jabar). Peristiwa itu terjadi saat AI dan kelompoknya sedang terlibat tawuran di lokasi kejadian. ""Korban di sini adalah Saudara M. Pelakunya adalah anak AI dari kelompok Karang Tengah Bersatu, sebagai pelaku utamanya,"" kata Kapolsek Cinere Kompol Pesta Hasiholan kepada wartawan, Rabu (9/10/2024. Tawuran itu terjadi Sabtu (14/9) di waktu Subuh sekitar pukul 04.00 WIB di Jalan Pangkalan Jati II, RT 01 RW 06, Kelurahan Pangkalan Jati, Cinere, Depok. Korban saat itu sedang tidur tapi mendengar ada keributan. SCROLL TO CONTINUE WITH CONTENT Korban M membawa cangkul untuk membubarkan kelompok yang terlibat tawuran . Namun kehadiran M dianggap sebagai lawan sehingga AI membacok menggunakan cocor bebek (corbek). ""Setelah dia keluar, karena dilihat ini pada main golok, kemudian dia bawa cangkul untuk menakuti. Tiba-tiba anak AI melihat korban atas nama Madinah membawa cangkul dan langsung, perkiraan anak AI, bahwa beliau ini adalah lawannya, kemudian mengayunkan corbeknya dalam bentuk sajam, kemudian ditangkis oleh korban Madinah,"" jelasnya. AI membacok korban sekali dan langsung melarikan diri bersama kelompoknya. Korban M mengalami sejumlah luka akibat dibacok corbek. Korban telah dibawa ke rumah sakit (RS). ""Sehingga, akibat bacokan, ditangkis dengan tangan kiri, akibat bacokan tersebut, tangan sebelah kirinya luka atau sobek dan mengenai tulang, dan tulangnya pun retak. Kemudian otot penggerak jari pun putus,"" ujarnya. AI dan kelompoknya lalu kabur ke arah Waduk Lebak Bulus, Jakarta Selatan (Jaksel). AI juga membuang barang bukti corbek. Korban pun melapor ke Polsek Cinere . Polisi menyelidiki dengan meminta keterangan saksi-saksi hingga didapatkan ciri-ciri pelaku. Polisi juga mempertemukan AI dengan korban untuk memastikan penindakan hukum, termasuk juga menunjukkan pakaian yang dipakai pelaku saat kejadian. Simak berita selengkapnya di halaman selanjutnya. ""Setelah diinterogasi, ternyata Anak AI mengakui bahwa memang pada tanggal 14 September 2024 pukul 04.00 WIB, benar melakukan pembacokan kepada korban,"" ucapnya. ""Kemudian setelah menyebut satu per satu, kemudian diambil, diamankan dan dibawa ke polsek dan dilakukan interogasi kembali, bahwa pelaku tersebut adalah Anak AI yang bersekolah di ***uri,"" imbuh dia. Pesta mengatakan tawuran tersebut terjadi karena saling tantang antara kelompok di Instagram. Pelaku diamankan dan dibawa ke Polsek Cinere pada Selasa (16/9). Akibat perbuatannya, pelaku dikenakan Pasal 351 ayat 2 juncto 55 KUHP. Polisi akan menerapkan diversi karena pelaku masih masuk kategori usia anak. ""Karena ini memang pelakunya di bawah umur, kita mengacu kepada UU Perlindungan Anak. Bahwa walaupun korban di atas umur namun pelakunya di bawah umur, maka kita akan lakukan diversi,"" tutupnya.",PEMBACOKAN
"Ngeri! Pria di Depok Tiba-tiba Diserang lalu Dibacok Golok Seorang pria berinisial AE mengalami penganiayaan di Jalan Raya Bogor, Cilodong, Depok. Korban dipukul hingga dibacok golok oleh pelaku berinisial JT. Peristiwa itu terjadi pada Senin (21/10/2024) pukul 11.30 WIB di Jalan Raya Bogor, Cilodong, Depok. Awalnya korban dan saksi berinisial IO sedang nongkrong dan mengobrol di lokasi. ""Tiba-tiba pelaku datang langsung menghampiri korban dan memukul wajah korban. Lalu korban berdiri dan mendorong badan pelaku,"" kata Kabid Humas Polda Metro Jaya Kombes Ade Ary dalam keterangannya, Selasa (22/10). SCROLL TO CONTINUE WITH CONTENT Pelaku sempat pergi dari lokasi dan meminta korban untuk tinggal. Tak lama kemudian, pelaku datang sambil menenteng senjata tajam. ""Kemudian pelaku pergi meninggalkan korban dan berkata 'Tunggu sebentar'. Tidak lama pelaku kembali ke TKP dengan sudah membawa sajam jenis golok dan langsung menghampiri korban,"" tuturnya. Saat korban berusaha menutup pintu rolling door, pelaku langsung membacokkan golok tersebut korban. Akibat penganiayaan itu, korban mengalami luka bacok bagian jari tangan kanan. ""Ketika korban akan menutup pintu rolling door ternyata pelaku membacokkan goloknya ke arah tangan kanan korban dan mengenai jari tangan kanan. Atas kejadian tersebut korban mengalami luka bacok di bagian jari tangan kanan. Pelapor yang merupakan keluarga korban pun melaporkan kejadian tersebut pada Selasa (22/10) ke Polres Metro Depok. Saat ini kasus tersebut ditangani Polres Metro Depok.",PEMBACOKAN
"Viral Pria di Depok Diduga Dibegal, Tangan dan Punggung Dibacok Video viral memperlihatkan seorang pria terluka diduga menjadi korban begal di Sawangan, Depok, Jawa Barat. Korban mengaku dibuntuti oleh para pelaku. Dimintai konfirmasi, Kasi Humas Polres Metro Depok AKP Hendra mengatakan pihaknya saat ini masih mendalami kejadian tersebut. Hendra menjelaskan peristiwa itu terjadi pada Rabu (5/2) pukul 22.00 WIB di Jalan Parakan, Cinangka, Sawangan, Depok. ""Pada hari Rabu tanggal 5 Februari 2025 sekitar jam 22.00 WIB, melakukan pengecekan dan mendatangi TKP perkara pembacokan terhadap korban oleh dua orang tak dikenal menggunakan senjata tajam jenis celurit di Jalan Parakan RT 04/05 Cinangka, Sawangan, Depok,"" kata Hendra dalam keterangannya, Kamis (6/2). SCROLL TO CONTINUE WITH CONTENT Peristiwa itu terjadi pada Rabu (5/2) pukul 22.00 WIB. Mulanya korban diikuti oleh dua pelaku yang berboncengan saat melintas di Jalan Parakan. Korban kemudian dibacok hingga terjatuh . ""Salah seorang pelaku langsung membacok ke arah punggung korban. Dan kemudian ke arah lengan kanan korban sehingga korban terjatuh dari sepeda motor,"" kata Hendra. Korban sempat meminta tolong setelah dibacok pelaku. Kedua pelaku kemudian kabur dan meninggalkan korban di lokasi. ""Setelah itu, korban berteriak minta tolong dan kedua pelaku kabur menggunakan sepeda motor meninggalkan korban,"" jelasnya. Imbasnya, korban mengalami luka di lengan kanan. Beruntung, barang berharga milik korban tak ada yang hilang. ""Akibat peristiwa tersebut, korban mengalami luka di lengan kanan, jaket sobek di bagian belakang. Tidak ada barang milik korban yang hilang dalam peristiwa tersebut,"" tuturnya. Hendra mengatakan polisi sudah mengecek tempat kejadian perkara (TKP). Saat ini kasus tersebut tengah ditangani pihak kepolisian guna penyelidikan lebih lanjut. Simak juga Video 'Pukuli Korban Pakai Bambu, Duo Begal Sadis di Sleman Ditangkap': [Gambas:Video 20detik]",PEMBACOKAN
"ASN Kejagung Sempat Tak Sadar Tangannya Terluka Usai Dibacok OTK di Depok Seorang ASN staf Pusat Data Statistik Kriminal dan Teknologi Informasi Kejaksaan Agung (Pusdaskrimti Kejagung) berinisial DSK (44) dibacok orang tidak dikenal (OTK) saat pulang kerja di Depok , Jawa Barat (Jabar). Korban mengaku tak menyadari tangannya terluka saat dipepet pelaku. ""Pasca dihampiri sepeda motor dari arah yang berlawanan, tiba-tiba korban merasa tangannya seperti disentuh sesuatu, korban tidak bisa melihat apa itu karena situasinya gelap,"" kata Kasat Reskrim Polres Metro Depok AKBP Bambang kepada wartawan, Rabu (28/5/2025). Korban merasa terancam namun terus melanjutkan perjalanan sampai ke rumah. Setelah sampai rumah, korban baru menyadari pergelangan tangannya terluka. SCROLL TO CONTINUE WITH CONTENT ""Kemudian korban karena merasa terancam bahaya begitu menguatkan diri untuk melanjutkan perjalanan hingga ke rumahnya. Setelah di rumah baru memeriksa pergelangan tangannya telah ada luka,"" ungkapnya. Peristiwa itu terjadi di Pengasinan, Sawangan, Depok, pada Sabtu (24/5) pukul 02.30 WIB. Korban dibacok menjelang 800 meter dari rumahnya. ""Jadi pada menjelang kejadian beliau mengendarai sepeda motor di jalan pengasinan, kurang lebih berjarak 800 meter dari rumahnya,"" ucapnya. Di tengah perjalanan pulang, korban tiba-tiba dipepet para pelaku yang datang dari arah berlawanan. Sesaat sebelum dibacok, korban sempat mendengar kata-kata 'sikat'. ""Kemudian ada sepeda motor yang berlawanan arah menghampiri yang bersangkutan. Kemudian korban mendengar ada kata-kata 'sikat',"" tuturnya. Polisi telah memeriksa 7 orang saksi dalam memburu pelaku. Saat ini kasus tersebut masih dalam penyelidikan. Lihat juga video: Jukir dan Petugas BPBD Dibacok OTK Saat Konvoi Persib di Garut [Gambas:Video 20detik]",PEMBACOKAN
"Kejagung Sebut Pembacokan Pegawainya di Depok Tidak Terkait Perkara Seorang ASN Kejaksaan Agung berinisial DSK (44) dibacok orang tidak dikenal saat pulang kerja di Depok, Jawa Barat. Kejagung menyebut kasus pembacokan itu tak terkait dengan perkara. Kepala Pusat Penerangan Hukum Kejagung Harli Siregar menyebut DSK tak menangani perkara. Sebab, dia merupakan pegawai internal Kejagung. ""Dia kan pegawai bukan Jaksa, jadi tidak ada kaitan dengan perkara,"" kata Harli saat dikonfirmasi, Jumat (30/5/2025). SCROLL TO CONTINUE WITH CONTENT Harli menduga pelaku memiliki motif kejahatan lain seperti pencurian hingga begal. Adapun kasus itu kini tengah diusut oleh Polres Metro Depok. ""Mungkin (begal),"" tuturnya. Diberitakan sebelumnya, pembacokan pegawai di Kejagung ini terjadi di Pengasinan, Sawangan, Depok, pada Sabtu (24/5) pukul 02.30 WIB. Kala itu DSK, yang menjabat Kasi Perangkat Keras dan Jaringan, selesai bekerja dan langsung pulang. Namun, di tengah jalan, hujan lebat dan korban berhenti sambil berteduh. Tak lama setelah hujan reda, korban melanjutkan perjalanannya. Namun, sekitar pukul 02.30 WIB, di lokasi yang tak jauh dari rumahnya, korban dipepet pengendara lain dari arah berlawanan. ""Sesampainya di sekitar Jalan Pengasinan, kurang lebih 1 km dari rumah yang bersangkutan, pada saat masih mengendarai sepeda motor, tiba-tiba dari arah depan terdapat dua orang yang berboncengan langsung mendekat,"" jelas Kapuspenkum Kejagung, Harli Siregar. Sembari mendekati korban, pelaku mengayunkan senjata tajam ke arah pergelangan tangan korban. Sebelum membacok, pelaku sempat berteriak 'sikat!'. ""Sambil berteriak 'sikat' sambil mengayunkan senjata tajam ke arah pergelangan tangan Saudara DS dan sesaat kemudian berteriak kembali 'mampus lu', dan kemudian langsung tancap gas tanpa mengikuti kembali Saudara DS,"" terang Harli. Korban kemudian langsung dibawa ke rumah sakit untuk mendapat perawatan medis. Akibat perbuatan pelaku, korban mengalami luka berat di pergelangan tangan kanan. ""Diagnosis sementara, urat kelingking kanan putus dan tidak bisa lagi digerakkan,"" ucap Harli. Simak juga Video 'Jukir dan Petugas BPBD Dibacok OTK Saat Konvoi Persib di Garut': [Gambas:Video 20detik]",PEMBACOKAN
"ASN Kejagung Dibacok OTK Saat Pulang Kerja, Pelaku Sempat Teriaki Korban Seorang ASN Kejaksaan Agung (Kejagung) berinisial DSK (44) dibacok orang tidak dikenal (OTK) saat tengah dalam perjalanan pulang di kawasan Pengasinan, Sawangan, Depok. Sebelum membacok, pelaku sempat meneriaki korban. Kejadian itu dibenarkan Kapuspenkum Kejagung, Harli Siregar. Dia mengatakan peristiwa itu terjadi pada pada Sabtu (24/5/2025), pukul 02.30 WIB dini hari. ""Betul pegawai kejaksaan yang peristiwanya di Depok. Sudah ditangani Polri,"" kata Harli dalam keterangannya, Selasa (27/5) dilansir detikNews . SCROLL TO CONTINUE WITH CONTENT Harli menyebutkan, pada Jumat (23/5) malam sebelum kejadian, korban DSK, yang menjabat Kasi Perangkat Keras dan Jaringan, langsung pulang begitu pekerjaannya selesai. Namun di tengah perjalanan, hujan deras sehingga korban memilih berhenti sambil berteduh. Begitu hujan reda, korban pun melanjutkan perjalanannya. Namun, sekira pukul 02.30 WIB, di lokasi yang tak jauh dari rumahnya, tiba-tiba korban dipepet pengendara lain dari arah berlawanan. ""Sesampainya di sekitar Jalan Pengasinan, kurang lebih 1 km dari rumah yang bersangkutan. Pada saat masih mengendarai sepeda motor tiba-tiba dari arah depan terdapat dua orang yang berboncengan langsung mendekat,"" jelas Harli. Selanjutnya pelaku mengayunkan senjata tajam ke arah pergelangan tangan korban. Sebelum membacok korban, pelaku sempat berteriak 'sikat!'. ""Sambil berteriak 'sikat' sambil mengayunkan senjata tajam ke arah pergelangan tangan saudara DS dan sesaat kemudian berteriak kembali 'mampus lu', dan kemudian langsung tancap gas tanpa mengikuti kembali saudara DS,"" terang Harli. Akibat kejadian itu, korban mengalami luka berat di pergelangan tangan kanan. Korban pun langsung dibawa ke rumah sakit untuk mendapat perawatan medis. ""Diagnosa sementara urat kelingking kanan putus dan tidak bisa lagi digerakkan,"" ucap Harli. Baca selengkapnya di sini",PEMBACOKAN
"Pegawai Kejagung Dibacok di Depok, Tak Ada Barang Korban yang Hilang Polisi menyelidiki kasus ASN staf Pusdaskrimti Kejagung berinisial DSK (44) yang dibacok orang tidak dikenal (OTK) di Sawangan, Depok . Polisi mengatakan tidak ada barang korban yang hilang. ""Nggak ada (barang hilang),"" kata Kasat Reskrim Polres Metro Depok AKBP Bambang kepada wartawan, Selasa (27/5/2025). Bambang mengatakan korban tiba-tiba saja dibacok saat perjalanan ke rumahnya. Motor yang dikendarai korban tidak terjatuh saat pembacokan tersebut. SCROLL TO CONTINUE WITH CONTENT ""Iya (tiba-tiba dibacok), motornya juga utuh, nggak ada lecet. Nggak jatuh,"" jelasnya. Polisi saat ini masih mengumpulkan saksi-saksi guna memburu pelaku. Bambang mengatakan tujuh saksi telah diambil keterangan dalam menyelidiki kasus tersebut. ""Belum (teridentifikasi berapa pelaku), masih mau mengumpulkan keterangan saksi-saksi,"" jelasnya. ""Saksi yang menyaksikan langsung sementara belum ada, tapi yang telah diambil keterangan itu ada sekitar 6 atau 7 orang,"" tuturnya. Polisi telah menyisir CCTV di sekitar lokasi tempat kejadian perkara (TKP). ""Nggak ada (CCTV). Udah disisir. Terdekat (lokasi kejadian) dari tempat cuci mobil sama minimarket juga nggak ngarah ke sana, arah kameranya nggak ke lokasi,"" katanya. Polisi mengatakan sudah mengambil keterangan korban yang masih berada di rumah sakit. Berdasarkan pengakuannya, korban tak memiliki masalah dengan seseorang. ""Korban baru saja selesai diambil keterangan di rumah sakit. Nggak, belum, nggak ada (masalah sama seseorang),"" tuturnya. Kejadian pembacokan pegawai di Kejagung ini terjadi di Pengasinan, Sawangan, Depok, pada Sabtu (24/5) pukul 02.30 WIB. Kala itu DSK, yang menjabat Kasi Perangkat Keras dan Jaringan, selesai bekerja dan langsung pulang. Namun, di tengah jalan, hujan lebat dan korban berhenti sambil berteduh. Tak lama setelah hujan reda, korban melanjutkan perjalanannya. Namun, sekitar pukul 02.30 WIB, di lokasi yang tak jauh dari rumahnya, korban dipepet pengendara lain dari arah berlawanan. ""Sesampainya di sekitar Jalan Pengasinan, kurang lebih 1 km dari rumah yang bersangkutan. Pada saat masih mengendarai sepeda motor, tiba-tiba dari arah depan terdapat dua orang yang berboncengan langsung mendekat,"" jelas Harli. Sembari mendekati korban, pelaku mengayunkan senjata tajam ke arah pergelangan tangan korban. Sebelum membacok, pelaku sempat berteriak 'sikat!'. ""Sambil berteriak 'sikat' sambil mengayunkan senjata tajam ke arah pergelangan tangan Saudara DS dan sesaat kemudian berteriak kembali 'mampus lu ', dan kemudian langsung tancap gas tanpa mengikuti kembali Saudara DS,"" terang Harli. Tonton juga ""Viral Pemotor Nyaris Dibacok di Bantul, Pelaku Diduga Aksi Klitih"" di sini: [Gambas:Video 20detik]",PEMBACOKAN
"Jaksa Agung Jenguk Pegawai Dibacok OTK di Depok, Minta Lebih Waspada Jaksa Agung ST Burhanuddin menjenguk ASN pada staf Pusat Data Statistik Kriminal dan Teknologi Informasi (Pusdaskrimti) Kejaksaan Agung (Kejagung) berinisial DSK (44) yang dibacok orang tidak dikenal (OTK). Disebutkan kondisi DSK sudah lebih stabil. Hal itu disampaikan Kapuspenkum Kejagung Harli Siregar. Jaksa Agung menjenguk korban pada Senin (26/5). ""Kemarin siang kami mendampingi Bapak Jaksa Agung menjenguk korban di rumah sakit,"" kata Harli kepada wartawan, Selasa (27/5/2025). SCROLL TO CONTINUE WITH CONTENT Harli menyebut DSK telah mendapatkan penanganan medis di bagian pergelangan tangan yang dibacok oleh korban. ""Kondisi korban stabil, sudah dilakukan operasi,"" ungkap dia. Harli menyebut Jaksa Agung juga berpesan agar jajarannya berhati-hati dan waspada, khususnya saat malam hari. ""Pesan beliau untuk korban dan semua aparat Kejaksaan agar lebih berhati-hati dan penuh kewaspadaan dalam menjalankan tugas, apalagi ketika malam hari,"" sebut Harli. Diberitakan sebelumnya, kejadian pembacokan pegawai di Kejagung ini terjadi di Pengasinan, Sawangan, Depok, pada Sabtu (24/5/2025) pukul 02.30 WIB. Kala itu DSK, yang menjabat Kasi Perangkat Keras dan Jaringan, selesai bekerja dan langsung pulang. Namun, di tengah jalan, hujan lebat dan korban berhenti sambil berteduh. Tak lama setelah hujan reda, korban melanjutkan perjalanannya. Namun, sekitar pukul 02.30 WIB, di lokasi yang tak jauh dari rumahnya, korban dipepet pengendara lain dari arah berlawanan. ""Sesampainya di sekitar Jalan Pengasinan, kurang lebih 1 km dari rumah yang bersangkutan. Pada saat masih mengendarai sepeda motor, tiba-tiba dari arah depan terdapat dua orang yang berboncengan langsung mendekat,"" jelas Harli. Sembari mendekati korban, pelaku mengayunkan senjata tajam ke arah pergelangan tangan korban. Sebelum membacok, pelaku sempat berteriak 'sikat!'. ""Sambil berteriak 'sikat' sambil mengayunkan senjata tajam ke arah pergelangan tangan Saudara DS dan sesaat kemudian berteriak kembali 'mampus lu ', dan kemudian langsung tancap gas tanpa mengikuti kembali Saudara DS,"" terang Harli. Korban kemudian langsung dibawa ke rumah sakit untuk mendapat perawatan medis. Akibat perbuatan pelaku, korban mengalami luka berat di pergelangan tangan kanan. ""Diagnosis sementara, urat kelingking kanan putus dan tidak bisa lagi digerakkan,"" ucap Harli. Lihat Video 'Jukir dan Petugas BPBD Dibacok OTK Saat Konvoi Persib di Garut': [Gambas:Video 20detik]",PEMBACOKAN
"Polisi Periksa 7 Saksi Usut Pegawai Kejagung Dibacok OTK di Depok Seorang ASN staf Pusat Data Statistik Kriminal dan Teknologi Informasi (Pusdaskrimti) Kejagung berinisial DSK (44) dibacok orang tidak dikenal (OTK) di Pengasinan, Sawangan, Depok. Polisi memeriksa 7 saksi untuk mengusut kasus tersebut. ""Saksi yang menyaksikan langsung sementara belum ada, tapi yang telah diambil keterangan itu ada sekitar 6 atau 7 orang,"" kata Kasat Reskrim Polres Metro Depok AKBP Bambang kepada wartawan, Selasa (27/5/2025). Polisi juga sudah mengambil keterangan korban di rumah sakit. Berdasarkan pengakuannya, korban tak memiliki masalah dengan seseorang. SCROLL TO CONTINUE WITH CONTENT ""Korban baru saja selesai diambil keterangan di rumah sakit. Nggak, belum, nggak ada (masalah sama seseorang),"" tuturnya. Polisi mengatakan tidak ada barang yang hilang dari korban namun tiba-tiba saja dibacok. ""Nggak ada (barang hilang). Iya (tiba-tiba dibacok) motornya juga utuh, nggak ada lecet. Nggak jatuh,"" jelasnya. Polisi melakukan penyelidikan dengan menyisir CCTV. Sejumlah titik CCTV yang merekam kejadian diperiksa oleh polisi. ""Nggak ada (CCTV). Udah disisir. Terdekat (lokasi kejadian) dari tempat cuci mobil sama Indomaret juga nggak ngarah ke sana, arah kameranya nggak ke lokasi,"" terangnya. Diberitakan sebelumnya, kejadian pembacokan pegawai di Kejagung ini terjadi di Pengasinan, Sawangan, Depok, pada Sabtu (24/5) pukul 02.30 WIB. Kala itu DSK selesai bekerja dan langsung pulang. Namun, di tengah jalan, hujan lebat dan korban berhenti sambil berteduh. Tak lama setelah hujan reda, korban melanjutkan perjalanannya. Namun, sekitar pukul 02.30 WIB, di lokasi yang tak jauh dari rumahnya, korban dipepet pengendara lain dari arah berlawanan. ""Sesampainya di sekitar Jalan Pengasinan, kurang lebih 1 km dari rumah yang bersangkutan. Pada saat masih mengendarai sepeda motor, tiba-tiba dari arah depan terdapat dua orang yang berboncengan langsung mendekat,"" jelas Kapuspenkum Kejagung, Harli Siregar. Lihat juga Video: Rumah Pemilik Wisata di Lampung Diteror OTK, Satu Penghuni Tewas Dibacok [Gambas:Video 20detik]",PEMBACOKAN
"ASN Kejagung Diserang OTK Sepulang Kerja, Diteriaki 'Mampus Lu!' Seorang ASN Kejaksaan Agung (Kejagung) menjadi korban pembacokan orang tak dikenal (OTK). Korban DSK (44) merupakan staf Pusat Data Statistik Kriminal dan Teknologi Informasi (Pusdaskrimti) Kejagung. Dilansir detikNews, peristiwa terjadi pada Sabtu (24/5) pukul 02.30 WIB dini hari. Saat itu korban baru selesai bekerja dan hendak pulang ke rumahnya di Sawangan, Depok. Kepala Pusat Penerangan Hukum (Kapuspenkum) Kejagung Harli Siregar membenarkan peristiwa yang menimpa seorang pegawai Kejagung ini. Harli menyebut kasus ini telah dilaporkan ke polisi. ADVERTISEMENT SCROLL TO CONTINUE WITH CONTENT ""Betul pegawai kejaksaan yang peristiwannya di Depok. Sudah ditangani Polri,"" ujar Harli dalam keterangannya, Selasa (27/5/2025). Harli menceritakan kronologi kejadian. Pada Jumat (23/5), korban DSK yang menjabat sebagai Kasi Perangkat Keras dan Jaringan bekerja hingga lewat tengah malam. Setelah pekerjaannya selesai, ia langsung pulang. Di tengah jalan, hujan lebat turun dan korban memutuskan berteduh dulu. Usai hujan reda, korban melanjutkan perjalanan dan hampir tiba di daerah tempat tinggalnya pada pukul 02.30 WIB. Tiba-tiba ada pengendara dari arah berlawanan yang memepet korban. Harli menyebut motor tersebut ditumpangi dua orang berboncengan. ""Sesampainya di sekitar Jalan Pengasinan, kurang lebih 1 km dari rumah yang bersangkutan. Pada saat masih mengendarai sepeda motor tiba-tiba dari arah depan terdapat dua orang yang berboncengan langsung mendekat,"" jelas Harli. Orang tak dikenal itu lantas mengayunkan senjata tajam ke arah pergelangan tangan korban. Sebelum membacok, pelaku sempat berteriak 'sikat!'. ""Sambil berteriak 'sikat' sambil mengayunkan senjata tajam ke arah pergelangan tangan saudara DS dan sesaat kemudian berteriak kembali 'mampus lu', dan kemudian langsung tancap gas tanpa mengikuti kembali saudara DS,"" terang Harli. Korban langsung dibawa ke rumah sakit untuk mendapat perawatan medis. Akibat kejadian ini, korban mengalami luka berat di pergelangan tangan kanan. ""Diagnosa sementara urat kelingking kanan putus dan tidak bisa lagi digerakkan,"" pungkasnya.",PEMBACOKAN
"ABG 'Cengtri' Luka Bacok di Depok Korban Perkelahian, 2 Pelaku Ditangkap Seorang ABG di Depok jadi korban pembacokan akibat perkelahian . Polisi menangkap dua orang pelaku terkait pembacokan korban. ""(Pelaku diamankan) dua orang,"" kata Wakasat Samapta Polres Metro Depok AKP Winam Agus saat dihubungi detikcom , Jumat (14/2/2025). Pelaku ditangkap di kediamannya pada Minggu (9/2) siang. Pelaku kemudian dibawa ke Polres Metro Depok. SCROLL TO CONTINUE WITH CONTENT ""Pelaku F umur 15 tahun, S 15 tahun. Ditangkap hari Minggu siang, di rumahnya, dibantu Bhabinkamtibmas,"" ucapnya. Dalam peristiwa ini, Tim Patroli awalnya tengah mengejar motor cengtri . Begitu didekati, ternyata ABG yang duduk di tengah dalam kondisi terkulai. Winam Agus yang saat itu ikut berpatroli kemudian bertanya kepada ABG tersebut. ""Kenapa?"" tanya Winam. ""Dibacok, Pak, di situ, Pak,"" kata teman korban. ""Tawuran?"" kata polisi. ""Kagak, Pak,"" kata teman korban. ""Cepat, cepat bawa ke klinik,"" kata Winam. Korban Perkelahian Peristiwa itu terjadi pada Minggu (9/2). Awalnya dirinya bersama anggota TPPP Polres Metro Depok tengah melaksanakan patroli malam. ""Tim Perintis Poles Metro Depok, ketika patroli melintasi Jalan Juanda, Depok, bertemu dengan pengendara bonceng tiga, kemudian dihampiri ternyata ada seorang dari mereka terluka. Dengan respons cepat, dibawa ke klinik terdekat untuk mendapat pertolongan tim medis,"" jelasnya. Winam mengatakan remaja tersebut dibacok saat berkelahi. Awalnya korban dan pelaku janjian untuk berkelahi. Namun pelaku mengambil senjata tajam (sajam) dan menyabetnya ke dada dan punggung korban. ""Hanya janjian di HP untuk kelahi tangan kosong. Namun, saat berlangsung kelahi, tiba-tiba pelaku ambil sajam di balik bajunya, langsung disabet ke arah dada. Korban bermaksud lari, disabet lagi punggung kanan dua kali,"" tuturnya. Polisi kemudian menangkap dua pelaku yang membacok korban. Berdasarkan keterangan warga, kata Winam, pelaku sering melakukan tawuran. ""Menurut masyarakat di mana pelaku ini tinggal, anak ini memang pemain tawuran. Bader , nakal,"" ucapnya. Lihat juga Video: Tawuran Horor di Bekasi Korban hingga Dilindas Motor [Gambas:Video 20detik]",PEMBACOKAN
"Jabar Hari Ini: Petir Renggut Nyawa 2 Pekerja di Sukabumi Sejumlah peristiwa terjadi di Jawa Barat (Jabar) hari ini, Kamis (27/2/2025). Mulai dari pria di Soreang yang bacok seorang pemuda hingga sambaran petir tewaskan 2 warga di Sukabumi. Berikut rangkuman Jabar hari ini Seorang pria inisial CA (34) nekat melakukan pembacokan brutal di Kecamatan Soreang, Kabupaten Bandung. Korban berinisial NC (23) mengalami luka dan bersimbah darah. SCROLL TO CONTINUE WITH CONTENT Aksi pembacokan tersebut diketahui terjadi di Kampung Lembur Picung, Desa Panyirapan, Kecamatan Soreang, Kabupaten Bandung, Sabtu (22/2/2025) lalu. Pelaku dengan inisial CA saat ini telah diamankan polisi. ""Iya benar kejadiannya Sabtu 22 Februari 2025 sekitar jam 9 malam. Pelaku inisial CA telah diamankan bersama barang bukti berupa sebilah celurit berwarna hitam,"" ujar Kapolsek Soreang Kompol Ivan Taufiq, kepada awak media, Kamis (27/2/2025). Ivan menjelaskan kronologi pembacokan brutal CA kepada korbannya. CA geram sebab menerima kabar tentang anaknya yang bakal dikeroyok oleh korban. Setelah mendengar kabar itu, CA mendatangi korban dengan luapan emosi dan senjata tajam. ""Menurut keterangan saksi kejadian bermula ketika pelaku CA tiba-tiba datang menemui korban dan langsung menendang korban yang sedang jongkok, mengenai telinga kirinya,"" katanya. Pihaknya mengaku saat peristiwa tersebut korban sempat melakukan perlawanan. Sehingga keduanya sempat terlihat baku hantam. ""Pelaku kemudian mengeluarkan celurit dan menyerang punggung serta kaki kiri korban, menyebabkan luka sobek,"" jelasnya. Ivan mengungkapkan setelah itu polisi langsung mendatangi tempat kejadian perkara (TKP). Kemudian korban langsung dibawa ke RSUD Otista Soreang dan melakukan visum. ""Setelah itu kami langsung mengamankan tersangka dan saat ini sedang menjalani pemeriksaan lebih lanjut untuk proses hukum selanjutnya,"" ucapnya. Hujan deras mengguyur Desa Kertajaya, Kecamatan Simpenan, Kabupaten Sukabumi, Rabu (26/2/2025) siang. Kla itu langit gelap, suara gemuruh bersahutan, diiringi kilatan petir yang menyambar dari kejauhan. Saat itu, sekelompok pekerja tengah berteduh di sebuah saung di kebun singkong yang sedang dibangun. Mereka berpikir hujan mulai mereda, namun nahas maut datang tanpa peringatan. Sekitar pukul 14.00 WIB, petir menghantam saung tersebut. Dua orang tewas di tempat, sementara dua lainnya mengalami luka berat. Korban tewas di tempat bernama Ahmad Saepuloh (36), warga Kampung Cigadog 3, Desa Kertajaya dan Abas (55), warga Kampung Pasir Lame, Desa Ciemas. Lalu dua korban lainnya Idris (62), warga Kampung Citepus Tengah, Desa Citepus, dan Dodo (23), warga Kampung Pasir Lame, Desa Ciemas, harus dilarikan ke RSUD Palabuhanratu dalam kondisi kritis. ""Awalnya para pekerja berteduh di dapur bangunan yang sudah beratap, namun karena hujan disertai angin kencang, air tetap masuk. Mereka pun berpindah ke ruang depan, berlindung di bawah lantai dua yang masih dalam tahap pembangunan,"" kata Babinsa Kertajaya, Serda Zaiful Ansori kepada detikJabar, Kamis (27/2/2025). ""Ketika langit mulai terang dan petir terdengar semakin jarang, korban pertama naik ke lantai dua untuk menutupi bagian atas dengan asbes agar air tidak masuk ke lantai satu. Korban kedua berdiri di tangga, membantu menyodorkan asbes dari bawah. Namun, saat keduanya tengah bekerja, kilatan petir menyambar,"" ujar Zaiful. Suara dentuman keras menggema, diikuti jeritan panik. Salah satu pekerja yang selamat merangkak keluar dari saung, mencari bantuan ke tetangga yang berada di atas bukit. Babinsa dan aparat desa segera datang untuk mengevakuasi korban dan menghubungi pihak keluarga. ""Pemakaman korban Ahmad Saepuloh berlangsung malam harinya, pukul 21.20 WIB, di pemakaman umum Kampung Cigadog, Desa Kertajaya. Sementara dua korban luka masih menjalani perawatan intensif di rumah sakit,"" jelasnya. Proses evakuasi juga berlangsung dramatis, dari lokasi kejadian hingga ke jalanan yang bisa dilintasi kendaraan berjarak sejauh 2 kilometer. Zaiful menceritakan ia dibantu warga bergantian membawa korban menggunakan tandu darurat dari kain sarung. ""Jaraknya kurang lebih dua kilometer dari lokasi kejadian ke kendaraan, pakai sarung ada karung juga kita pakai kayu dan batang pohon untuk mengangkut korban, tandu darurat,"" pungkasnya. Pemerintah Provinsi Jawa Barat menonaktifkan Kepala SMAN 1 Cianjur Agam Supriyanta usai mengabaikan larangan study tour atau tur studi dan tetap memberangkatkan ratusan siswanya ke Bali. Dinonaktifkannya Kepala SMAN 1 Cianjur itu disampaikan langsung Gubernur Jawa Barat Dedi Mulyadi dalam akun instagramnya. Pada video berdurasi 5 menit itu, Dedi menyebutkan pihaknya menerjunkan Inspektorat Daerah Provinsi Jawa Barat ke SMAN 1 Cianjur terkait pemberangkatan ratusan siswa untuk study tour ke Bali. ""Dua hari lalu kita turunkan Inspektorat. Tadi malam sudah diputuskan dan disimpulkan Kepala SMAN 1 Cianjur dinonaktifkan sementara karena kami harus melakukan pendalaman terhadap pengelolaan keuangan di SMAN 1 Cianjur,"" kata dia dalam unggahan videonya, Rabu (27/2/2025). Menurut dia, jika ditemukan kesalahan yang tidak dapat ditoleransi, maka akan diberhentikan secara permanen serta diputuskan kembali menjadi guru biasa di seluruh sekolah di Jawa Barat. ""Itu juga akan terus kami lakukan ke seluruh sekolah di Jawa Barat agar mendapatkan rekomendasi yang objektif,"" kata dia. Dia menyebut langkah yang diambil Pemprov Jabar bertujuan untuk meringankan para orang tua dari beban pembiayaan. ""Pemerintah sudah memberikan subsidi puluhan triliun. Tapi kalau di sekolah masih ada pembebanan biaya yang tinggi maka subsidi tersebut tidak ada maknanya,"" kata dia. Sekda Provinsi Jawa Barat Herman Suryatman, mengatakan penonaktifan Kepala SMAN 1 Cianjur sudah sesuai dengan mekanisme dan ketentuan, yakni berdasarkan hasil pemeriksaan inspektorat daerah. ""Itu berdasarkan pemeriksaan inspektorat. Pak Gubernur juga sudah mencermati, mengikuti mekanisme sesuai ketentuan hukum. Tindaklanjuti sesuai ketentuan. Kita negara hukum harus akuntabel,"" kata dia. Dia menyebut selain SMAN 1 Cianjur, ada sekolah lain di Jawa Barat yang juga diperiksa. ""Kita dalami semuanya. Kita lihat bobotnya, tindakan yang diberikan sesuai dengan dinamika yang terjadi. Kita ada peraturan tentang disiplin PNS,"" kata dia. Sementara itu, Kepala SMAN 1 Cianjur nonaktif, Agam Supriyanta mengaku jika larangan pemberangkatan study tour muncul setelah para siswa berangkat ke Bali. Adapun edaran sebelumnya hanya bersifat imbauan. ""Kalau sebelumnya sifatnya imbauan sehingga ditafsirkan tetap bisa. Sedangkan larangan oleh Pak Gubernur itu pada 20 Februari, di mana siswa sudah dalam perjalanan. Mereka berangkat pada 18 Februari,"" kata dia. Oleh karena itu, sekitar 300 siswa yang berangkat study tour dengan biaya sekitar Rp 3,5 juta itu tetap melanjutkan kegiatan. ""Kalau langsung dipulangkan kan tidak mungkin. Karena sudah di tengah perjalanan,"" kata dia. Agam menuturkan pihaknya siap memberikan penjelasan lebih lanjut ke Pemprov Jawa Barat terkait kegiatan tersebut. ""Pada dasarnya kita patuhi dan ikuti arahan dari pimpinan. Kami juga akan memberikan penjelasan lebih lanjut terkait kegiatan study tour ke dinas,"" kata dia. Pelaku pariwisata di kawasan Lembang, Kabupaten Bandung Barat (KBB) mulai merasakan dampak dari kebijakan pelarangan study tour yang disampaikan Gubernur Jawa Barat, Dedi Mulyadi. Pelarangan itu bukan omon-omon semata, sebab sudah memakan korban. Kepala SMAN 6 Depok dipecat sesaat setelah KDM dilantik, karena keukeuh menggelar study tour ke beberapa daerah. Public Relation Farmhouse Susu Lembang, Intania Setiati mengatakan pada bulan Februari ini, sudah ada beberapa sekolah yang memutuskan pembatalan kunjungan demi manut pada titah Dedi Mulyadi. ""Di Februari ini ada 2 sekolah cancel, ke Farmhouse dan Floating. Mereka dari Bekasi, memutuskan cancel karena larangan study tour,"" kata Intania saat dikonfirmasi, Rabu (26/2/2025). Ia mengatakan kunjungan pelajar menjadi salah satu yang dinantikan demi memulihkan diri usai hantaman pandemi COVID-19. Sebab pada beberapa momen libur panjang, angka kunjungan tak naik signifikan. ""Salah satu yang memang kita tunggu itu kan study tour dan libur sekolah, cuma karena ada larangan begini ya pasti terdampak. Untungnya menjelang puasa enggak banyak yang wisata, tapi mungkin setelahnya kan. Cuma kalau lihat kondisi sekarang, bisa jadi menurun kunjungannya,"" kata Intania. Tak cuma ke objek wisata Farmhouse dan Floating Market, pelarangan study tour juga berdampak pada sektor restoran dan rumah makan. Hal itu diungkapkan Ketua Perhimpunan Hotel dan Restoran Indonesia (PHRI) KBB, Eko Suprianto. ""Sudah ada yang cancel. Catatan kami ada 18 kunjungan yang dibatalkan, jumlah pesanan makan sekitar 4.300 pax. Itu cuma di Februari,"" kata Eko. Efek yang bakal ditimbulkan dari realisasi pelarangan itu tak cuma langsung pada pengusaha wisatanya saja, namun juga pada pedagang yang menggantungkan hidup di sektor pariwisata. ""Bukan cuma pengusaha pastinya, tapi juga ke pelaku UMKM di sekitaran objek wisata. Ini efeknya domino, jadi bisa semua kena,"" kata Eko. Ia mengatakan bakal meminta jadwal pertemuan dengan Dedi Mulyadi untuk membahas nasih sektor pariwisata dan orang yang menggantungkan hidup di dalamnya. ""Rencananya kami dan PHRI Jabar nanti mau menghadap ke Pak Gubernur untuk membahas ini,"" tutur Eko. Duel tim papan atas akan berlangsung pada pekan ke-25 Liga 1 2024/2025. Persib Bandung bakal dijamu Persebaya Surabaya di Stadion Gelora Bung Tomo, Sabtu (1/3/2025) pukul 20.30 WIB. Menjelang pertandingan, Persib dipastikan masih belum bisa diperkuat gelandang muda serbabisa, Beckham Putra. Ia disanksi Komite Disiplin (Komdis) PSSI berupa larangan 3 pertandingan setelah melakukan selebrasi di laga kontra Persija Jakarta. Namun kabar baiknya, sejumlah pemain inti Persib Bandung bisa diturunkan melawan Persebaya. Gustavo Franca bisa kembali setelah terkena akumulasi kartu kuning, begitu juga dengan Nick Kuipers yang pulih dari cedera. ""Nick sudah berlatih seperti biasa. Jadi, semua pemain siap untuk pertandingan,"" kata pelatih Persib Bojan Hodak di Stadion GBLA, Kamis (27/2/2025). ""Semua pemain dalam kondisi fit dan tidak ada masalah. Hanya Beckham satu-satunya yang masih kena skorsing,"" ucap Bojan menambahkan. Secara hitung-hitungan, Persib memang diunggulkan dalam laga kali ini. Persib kokoh di puncak klasemen dengan 51 poin, dan berjarak 10 angka dengan Persebaya di peringkat ketiga. Bahkan dalam dalam 7 pertandingan terakhirnya, Persebaya tercatat baru sekali mendapat kemenangan, sekali imbang dan lima laga sisanya berakhir dengan kekalahan. Sementara Persib bisa tampil konsisten dengan mencetak 4 kemenangan dan 3 laga imbang. Namun kata Bojan, Persebaya tentu bukan tim sembarangan untuk dikalahkan. Bojan pun berambisi timnya bisa mencetak kemenangan setelah dua pertandingan beruntun selalu bermain imbang. ""Mungkin saat ini mereka tidak memiliki tingkat kepercayaan diri seperti sebelumnya. Tetapi kita tidak boleh memberi mereka peluang, kita harus bermain lebih keras dan berusaha memenangkan pertandingan,"" pungkasnya.",PEMBACOKAN
"Kejagung Duga Pegawainya Dibacok di Depok Korban Begal Kejaksaan Agung (Kejagung) menduga kasus pembacokan terhadap pegawainya berinisial DSK di Depok, Jawa Barat, merupakan aksi pembegalan. Aksi itu katanya mengarah ke tindak kejahatan pencurian dengan kekerasan. ""Kami berkesimpulan sementara ini bisa saja ada bentuk kejahatan-kejahatan, apakah dalam upaya begal, pencurian dan seterusnya,"" ujar Kepala Pusat Penerangan Hukum (Kapuspenkum) Kejagung Harli Siregar di Kantor Kejagung, Jakarta Selatan, Senin (2/6/2025). Harli menerangkan, dugaan itu karena korban DSK merupakan seorang staf dan bukan jaksa yang terlibat dalam penanganan perkara. DSK merupakan pegawai Pusat Data Statistik Kriminal dan Teknologi Informasi (Pusdakrimti). SCROLL TO CONTINUE WITH CONTENT ""Artinya yang bersangkutan tidak menangani perkara. Yang kedua, bahwa dari sisi profil yang bersangkutan kita sudah investigasi, sudah melakukan pengecekan, amat sangat jauh dari hal-hal yang katakanlah ada perseteruan atau ada persinggungan atau ada persoalan-persoalan di sana. Nah, jadi orangnya orang baik, kategori baik,"" ungkapnya. Meski begitu, Kejagung berharap pelaku pembacokan segera ditangkap. Dia ingin motif sesungguhnya bisa diketahui. ""Kita mengharapkan bahwa tentu teman-teman penyidik bisa segera menangkap pelakunya supaya apa yang menjadi motif dari perbuatan ini bisa secara jelas, bisa kita ketahui dan disampaikan ke publik,"" ucapnya. Diberitakan sebelumnya, pembacokan pegawai di Kejagung ini terjadi di Pengasinan, Sawangan, Depok, pada Sabtu (24/5) pukul 02.30 WIB. Kala itu DSK, yang menjabat Kasi Perangkat Keras dan Jaringan, selesai bekerja dan langsung pulang. Namun, di tengah jalan, hujan lebat dan korban berhenti sambil berteduh. Tak lama setelah hujan reda, korban melanjutkan perjalanannya. Namun, sekitar pukul 02.30 WIB, di lokasi yang tak jauh dari rumahnya, korban dipepet pengendara lain dari arah berlawanan. ""Sesampainya di sekitar Jalan Pengasinan, kurang lebih 1 km dari rumah yang bersangkutan, pada saat masih mengendarai sepeda motor, tiba-tiba dari arah depan terdapat dua orang yang berboncengan langsung mendekat,"" jelas Kapuspenkum Kejagung, Harli Siregar. Sembari mendekati korban, pelaku mengayunkan senjata tajam ke arah pergelangan tangan korban. Sebelum membacok, pelaku sempat berteriak 'sikat!'. ""Sambil berteriak 'sikat' sambil mengayunkan senjata tajam ke arah pergelangan tangan Saudara DS dan sesaat kemudian berteriak kembali 'mampus lu', dan kemudian langsung tancap gas tanpa mengikuti kembali Saudara DS,"" terang Harli. Korban kemudian langsung dibawa ke rumah sakit untuk mendapat perawatan medis. Akibat perbuatan pelaku, korban mengalami luka berat di pergelangan tangan kanan. ""Diagnosis sementara, urat kelingking kanan putus dan tidak bisa lagi digerakkan,"" ucap Harli. Tonton juga ""Jukir dan Petugas BPBD Dibacok OTK Saat Konvoi Persib di Garut"" di sini: [Gambas:Video 20detik]",PEMBACOKAN
"4 Fakta Tentang Heboh ABG Luka Bacok Cengtri di Depok dan Bogor Tim Patroli Perintis Presisi (TPPP) Polres Metro Depok bertemu dengan tiga ABG berboncengan motor (cengtri) di Jalan Juanda, Depok . Dalam video yang beredar, terlihat salah satunya yang berada di tengah terkulai karena luka bacok . Setelah ditelusuri, ternyata korban mengalami luka bacok setelah berkelahi karena masalah pribadi. Berikut informasi selengkapnya. Tim Patroli ini awalnya tengah mengejar motor cengtri. Begitu didekati, ternyata ABG yang duduk di tengah dalam kondisi terkulai dan berlumuran darah. SCROLL TO CONTINUE WITH CONTENT Wakasat Samapta Polres Metro Depok AKP Winam Agus yang saat itu ikut berpatroli kemudian bertanya kepada ABG tersebut. ""Kenapa?"" tanya Winam. ""Dibacok, Pak, di situ, Pak,"" kata teman korban. ""Tawuran?"" kata polisi. ""Kagak, Pak,"" kata teman korban. ""Cepat, cepat bawa ke klinik,"" kata Winam. AKP Winam Agus mengatakan peristiwa itu terjadi pada Minggu (9/2/2025). Awalnya, dirinya bersama anggota TPPP Polres Metro Depok sedang melaksanakan patroli malam. ""Tim Perintis Poles Metro Depok, ketika patroli melintasi Jalan Juanda, Depok, bertemu dengan pengendara bonceng tiga, kemudian dihampiri ternyata ada seorang dari mereka terluka. Dengan respons cepat, dibawa ke klinik terdekat untuk mendapat pertolongan tim medis,"" kata Winam saat dihubungi detikcom , Jumat (13/2). Winam mengatakan remaja tersebut dibacok saat berkelahi. Awalnya, korban dan pelaku janjian untuk berkelahi. Namun, pelaku mengambil senjata tajam (sajam) dan menyabetnya ke dada dan punggung korban. ""Hanya janjian di HP untuk kelahi tangan kosong. Namun, saat berlangsung kelahi, tiba-tiba pelaku ambil sajam di balik bajunya, langsung disabet ke arah dada. Korban bermaksud lari, disabet lagi punggung kanan dua kali,"" jelasnya. Baca berita di halaman selanjutnya. Seorang ABG di Depok, Jawa Barat, mengalami luka bacok. Hal ini terjadi saat korban berkelahi dengan lawannya. Perkelahian dipicu masalah pribadi. ""Berawal dari masalah pribadi, korban janjian bertemu untuk berkelahi dengan tangan kosong,"" ujar Wakasat Samapta Polres Metro Depok AKP Winam Agus, saat dihubungi detikcom , Jumat (14/2/2025). Polisi menangkap dua pelaku yang membacok korban. Berdasarkan keterangan warga, pelaku sering melakukan tawuran. ""Menurut masyarakat di mana pelaku ini tinggal, anak ini memang pemain tawuran. Bader, nakal. (Pelaku diamankan) dua orang,"" kata AKP Winam. Pelaku ditangkap di kediamannya pada Minggu (9/2) siang. Pelaku lalu dibawa ke Polres Metro Depok. ""Pelaku F umur 15 tahun, S 15 tahun. Ditangkap hari Minggu siang, di rumahnya, dibantu Bhabinkamtibmas,"" tutupnya.",PEMBACOKAN
"Viral Narasi Klitih di Kentungan Sleman, Polisi Luruskan Viral di media sosial unggahan dengan narasi kejadian klitih di sekitar Kentungan, Depok, Sleman. Terkait hal itu, Polresta Sleman meluruskan informasi tersebut. Adapun kabar tersebut viral usai diunggah oleh akun media sosial X @merapi_uncover . Dalam postingannya, disebutkan peristiwa terjadi di Jalan Kaliurang, sekitar Kentungan. Masih dalam postingan itu, disebutkan terjadi klitih atau kejadian pembacokan. Adapun peristiwa itu disebutkan terjadi pada Minggu (27/10) dini hari sekitar pukul 00.27 WIB. SCROLL TO CONTINUE WITH CONTENT "" Pukul 00:27 Barusan banget min, di perempatan Jalan Kaliurang Kentungan , entah Klitih entah berantem , bac*k bac*kan , gila ya Jogja ini, masalah Klitih belum teratasi , hati hati buat teman teman yang keluat malam naik motor , maaf gak ada foto atau video min, langsung pergi soalnya lg bac*k bac*kan 4 motor , 2 motor jatuh terus di bac*K ,"" tulis akun tersebut seperti dilihat detikJogja , Senin (28/10/2024). Terkait hal itu, Kasat Reskrim Polresta Sleman, AKP Riski Adrian, mengatakan bahwa kejadian itu bukanlah klitih seperti yang dinarasikan dalam postingan. ""Nggak ada (kejadian klitih itu),"" kata Adrian saat dihubungi detikJogja , Senin (28/10/2024). Petugas kepolisian, kata Adrian, langsung mendatangi lokasi kejadian usai mendapat informasi tersebut. Dia mengatakan bahwa peristiwa yang terjadi merupakan kasus kecelakaan lalu lintas dan tidak ada pembacokan. ""Yang ada orang kecelakaan terus ribut di jalan dan bubar. Pas anggota ke sana sudah tidak ada. Kami lalu cari info dengan warga sekitar dan mereka bilang itu kecelakaan,"" tegasnya.",PEMBACOKAN
"Terungkap Motif ABG 'Cengtri' Dibacok di Depok Dipicu Masalah Pribadi Seorang ABG di Depok, Jawa Barat, mengalami luka bacok setelah berkelahi dengan lawannya. Polisi menyebut perkelahian itu dipicu masalah pribadi. ""Berawal dari masalah pribadi, korban janjian bertemu untuk berkelahi dengan tangan kosong,"" ujar Wakasat Samapta Polres Metro Depok AKP Winam Agus, saat dihubungi detikcom , Jumat (14/2/2025). Winam mengatakan korban sempat janjian dengan lawan melalui handphone (HP). Korban datang ke lokasi ditemani 2 teman pria dan 1 perempuan yang merupakan pacarnya. SCROLL TO CONTINUE WITH CONTENT ""Hanya janjian di HP untuk kelahi tangan kosong,"" ujar Winam. Saat bertemu di lokasi yang dijanjikan, korban berduel dengan lawannya . Tiba-tiba lawannya itu mengeluarkan senjata tajam dan membacoknya. ""Namun, saat berlangsung kelahi, tiba-tiba pelaku ambil sajam di balik bajunya, langsung disabet ke arah dada. Korban bermaksud lari, disabet lagi punggung kanan dua kali,"" tuturnya. Peristiwa itu terjadi pada Minggu (9/2/2025). Awalnya Wakasat Samapta Polres Metro Depok AKP Winam Agus bersama anggota TPPP Polres Metro Depok tengah melaksanakan patroli malam di Jalan Juanda, Depok. Tim Patroli kemudian mengejar motor 'cengtri' yang ditumpangi 3 ABG. Begitu didekati, ternyata ABG yang duduk di tengah dalam kondisi terkulai. AKP Winam Agus yang saat itu ikut berpatroli kemudian bertanya kepada ABG tersebut. Winam sempat menanyakan apakah mereka tawuran, tetapi mereka mengelak. ""Kenapa?"" tanya Winam. ""Dibacok, Pak, di situ, Pak,"" kata teman korban. ""Tawuran?"" kata polisi. "" Kagak , Pak,"" kata teman korban. ""Cepat, cepat bawa ke klinik,"" kata Winam. Polisi kemudian menangkap dua pelaku yang membacok korban. Berdasarkan keterangan warga, kata Winam, pelaku sering melakukan tawuran . ""Menurut masyarakat, pelaku tinggal, anak ini memang pemain tawuran. Bader , nakal,"" ucapnya. ""(Pelaku diamankan) dua orang,"" tuturnya. Pelaku ditangkap di kediamannya pada Minggu (9/2) siang. Kedua pelaku yaitu F (15) dan S (15) diamankan di Polres Metro Depok. Lihat juga Video: Viral Pemotor Wanita Bonceng Anak Kecil Masuk Tol Jagorawi [Gambas:Video 20detik]",PEMBACOKAN
"Suami Bacok Istri Bertubi-tubi di Depok Jadi Tersangka Wanita berinisial TA (24) dibacok bertubi-tubi oleh oleh suaminya, Luthfi Ramdhani (30). Polisi menetapkan Luthfi menjadi tersangka. ""(Pelaku) ditahan, sudah (status) tersangka,"" kata Kanit PPA Polres Depok Iptu Santy kepada wartawan di Mapolres Metro Depok, Senin (2/12/2024). Motifnya, tersangka cemburu lantaran diduga korban memiliki teman pria. Sebab, sejak 1 minggu terakhir korban dan tersangka terlibat cekcok karena masalah tersebut. SCROLL TO CONTINUE WITH CONTENT ""Karena motifnya cemburu. Cemburunya karena dia (pelaku) curiga memang pertengkarannya sudah seminggu yang lalu,"" jelasnya. Dalam sepekan itu, tersangka sudah melakukan KDRT sebanyak 3 kali ke korban. ""Sudah tiga kali, menurut korban Dia sudah mengalami kekerasan rumah tangga itu tiga kali. Tapi tidak pakai alat,"" tuturnya. Santy mengatakan tersangka juga mengaku menyiapkan golok untuk melukai diduga pacar Istrinya. Namun, tersangka membabi buta. ""Cemburu buta dan dia (korban) kembali ke rumah neneknya nggak sama cowok gitu. Diduga sih cowok (makan malam dengan korban) karena kalau memang main sama cewek kenapa nitip-nitipin anak gitu, nitipin anak ke rumah neneknya. Jadi pelaku ini curiga kenapa sih nitipin anak ke rumah nenek gitu,"" jelasnya. ""Puncaknya itu (cekcok) setelah makan malam istrinya. (Golok disiapkan) ke teman prianya (korban) keterangan dari pelaku,"" tambahnya. Imbas perbuatannya, tersangka dikenai Pasal Kekerasan Dalam Rumah Tangga dalam Pasal 44 ayat 1 dan 2 UU RI Nomor 23 Tahun 2004 tentang Penghapusan Kekerasan Dalam Rumah Tangga. Tersangka terancam pidana 5 dan 10 tahun penjara. ""Ancaman pidananya ayat 1, 5 tahun penjara dan ayat 2, 10 tahun penjara,"" ucapnya. Sebelumnya, Kabid Humas Polda Metro Jaya Kombes Ade Ary Syam Indradi mengatakan peristiwa itu terjadi pada Jumat (29/11) malam. Mulanya ayah korban berinisial DS mendapatkan video call dari korban. Saat itu, korban sudah dalam kondisi bersimbah darah. ""Bapak dari korban mendapat panggilan video call dari korban, saat itu kondisi korban sudah berlumuran darah karena menderita luka bacokan di bagian kepala dan bahu,"" kata Ade Ary kepada wartawan, Minggu (1/12). Saksi pun bergegas ke rumah korban, tapi saat itu korban sudah dibawa ke rumah sakit. Sementara itu, pelaku yang tak lain adalah suami korban sudah diamankan pihak RT. Korban menjelaskan aksi pembacokan terjadi lantaran dipicu karena cemburu. Pelaku saat itu membabi buta membacok korban di bagian kepala, bahu, hingga leher. ""Menurut keterangan dari korban saat itu terjadi cekcok di antara keduanya karena cemburu. Pelaku yang emosi langsung menganiaya korban dengan cara membacok. Atas kejadian tersebut korban mengalami luka bacok pada bagian kepala, bahu, kening, leher dan mendapatkan jahitan,"" ucapnya. Lihat juga Video 'Aksi Wanita di Makassar Bacok Ibunya Gegara Ditegur Bersihkan Rumah': [Gambas:Video 20detik]",PEMBACOKAN
"Teganya Suami di Depok Bacok Istri karena Cemburu Buta Teganya pria di Depok bernama Luthfi Ramdhani (30). Dia membacok istrinya inisial TA (24) secara bertubi-tubi gara-gara cemburu buta. Luthfi pun menjadi tersangka dan ditahan di Polres Metro Depok. ""(Pelaku) ditahan, sudah (status) tersangka,"" kata Kanit PPA Polres Depok Iptu Santy kepada wartawan di Mapolres Metro Depok, Senin (2/12/2024). Atas perbuatannya, Luthfi dijerat Pasal Kekerasan Dalam Rumah Tangga dalam Pasal 44 ayat 1 dan 2 UU RI Nomor 23 Tahun 2004 tentang Penghapusan Kekerasan Dalam Rumah Tangga. Tersangka terancam pidana hingga 10 tahun penjara. SCROLL TO CONTINUE WITH CONTENT Motif Luthfi menganiaya istrinya karena tersangka cemburu lantaran diduga korban memiliki teman pria. Sebab, sejak 1 minggu terakhir korban dan tersangka terlibat cekcok karena masalah tersebut. ""Karena motifnya cemburu. Cemburunya karena dia (pelaku) curiga memang pertengkarannya sudah seminggu yang lalu,"" ucapnya. Dalam sepekan itu, tersangka sudah melakukan KDRT sebanyak tiga kali ke korban. ""Sudah tiga kali, menurut korban dia sudah mengalami kekerasan rumah tangga itu tiga kali. Tapi tidak pakai alat,"" ujarnya. Awalnya, pada Jumat (29/11) pukul 18.00 WIB korban berpamitan kepada tersangka untuk pergi ke rumah neneknya di Mampang, Pancoran Mas, Depok. Korban pergi menggunakan sepeda motor, sedangkan tersangka di rumah. ""Sekira pukul 18.20 WIB korban sampai di rumah nenek korban (MN) dan main di sana. Sekira pukul 21.00 WIB korban pergi keluar menemui teman korban untuk makan,"" kata Iptu Santy. Setelah selesai makan, korban kembali ke rumah nenek korban sekitar pukul 22.30 WIB. Saat itu, ternyata suaminya sudah berada di rumah MN dan langsung marah-marah kepada korban. ""Dengan mengatakan 'habis dari mana lu?'. Namun korban hanya menjawab 'udah ah, gua mau pulang'. Setelah itu korban bersiap untuk pulang,"" jelasnya. Simak juga Video 'Terkuak, Motif Suami Tega Tikam Istri hingga Tewas di Gresik': [Gambas:Video 20detik] Simak selengkapnya di halaman selanjutnya: Kemudian, saat korban sudah menaiki motor, tiba-tiba kepala korban dipukul oleh tersangka menggunakan benda keras. Korban refleks turun dari motor dan melindungi kepala korban dengan posisi jongkok. ""Pelaku tetap memukulkan benda tersebut ke badan korban berkali-kali hingga akhirnya nenek korban dan bibi korban berinisial NH melerainya,"" ucapnya. Setelah itu, korban berlari ke dalam rumah dengan kondisi berlumuran darah. Korban menutup pintu untuk mengamankan diri, tapi tersangka tetap mengejarnya. ""(Pelaku) Mendorong pintu sampai terbuka. Korban langsung melindungi diri sambil jongkok di belakang pintu. Kemudian, pelaku langsung memukul dan menendang berkali-kali badan korban,"" tuturnya. Setelah itu, warga kembali melerai dan menarik pelaku keluar. Pelaku dibawa warga pergi dari lokasi sembari korban menghubungi ayahnya yang berinisial HP. ""Korban memberitahukan bahwa pelaku telah menganiaya korban. Setelah itu korban dibantu oleh warga dibawa ke Rumah Sakit Bhakti Yudha untuk mendapat pertolongan medis,"" imbuhnya. Simak juga Video 'Terkuak, Motif Suami Tega Tikam Istri hingga Tewas di Gresik': [Gambas:Video 20detik]",PEMBACOKAN
"Detik-detik Pegawai Kejagung Dibacok OTK, Korban Dengar Teriakan 'Sikat' Seorang ASN staf Pusat Data Statistik Kriminal dan Teknologi Informasi Kejaksaan Agung (Pusdaskrimti Kejagung) berinisial DSK (44) dibacok orang tidak dikenal (OTK) saat pulang kerja di Depok, Jawa Barat (Jabar). Saat ini pelaku masih dalam penyelidikan polisi. Peristiwa itu terjadi di Pengasinan, Sawangan, Depok, pada Sabtu (24/5/2025), pukul 02.30 WIB. Korban dibacok menjelang 800 meter dari rumahnya. ""Jadi pada menjelang kejadian beliau mengendarai sepeda motor di jalan pengasinan, kurang lebih berjarak 800 meter dari rumahnya,"" kata Kasat Reskrim Polres Metro Depok AKBP Bambang kepada wartawan, Rabu (28/5). SCROLL TO CONTINUE WITH CONTENT Di tengah perjalanan pulang, korban tiba-tiba dipepet para pelaku yang datang dari arah berlawanan . Sesaat sebelum dibacok, korban sempat mendengar kata-kata 'sikat'. ""Kemudian, ada sepeda motor yang berlawanan arah menghampiri yang bersangkutan. Kemudian, korban mendengar ada kata-kata 'sikat',"" tuturnya. Setelah itu, korban merasa tangan seperti tersentuh benda. Korban tidak bisa menyadari karena kondisi saat kejadian gelap. ""Pasca-dihampiri sepeda motor dari arah yang berlawanan, tiba-tiba korban merasa tangannya seperti disentuh sesuatu, korban tidak bisa melihat apa itu karena situasinya gelap,"" terangnya. Korban merasa terancam namun terus melanjutkan perjalanan sampai ke rumah. Setelah sampai rumah, korban baru menyadari pergelangan tangannya terluka. ""Kemudian, korban karena merasa terancam bahaya begitu menguatkan diri untuk melanjutkan perjalanan hingga ke rumahnya. Setelah di rumah baru memeriksa pergelangan tangannya telah ada luka,"" ungkapnya. Polisi telah memeriksa 7 orang saksi dalam memburu pelaku. Saat ini kasus tersebut masih dalam penyelidikan . Diberitakan sebelumnya, kejadian pembacokan pegawai di Kejagung ini terjadi di Pengasinan, Sawangan, Depok, pada Sabtu (24/5), pukul 02.30 WIB. Kala itu DSK selesai bekerja dan langsung pulang. Kemudian, korban dipepet pengendara lain dari arah berlawanan. Pelaku mengayunkan senjata tajam ke arah pergelangan tangan korban. Akibat perbuatan pelaku, korban mengalami luka berat di pergelangan tangan kanan. Lihat juga video: Jukir dan Petugas BPBD Dibacok OTK Saat Konvoi Persib di Garut [Gambas:Video 20detik]",PEMBACOKAN
"Teka-teki Pembacok Pegawai Kejagung di Depok Seorang ASN staf Pusat Data Statistik Kriminal dan Teknologi Informasi Kejaksaan Agung (Pusdaskrimti Kejagung) berinisial DSK (44) dibacok orang tidak dikenal (OTK) saat pulang kerja di Depok, Jawa Barat (Jabar). Siapa pelaku pembacokan masih tanda tanya hingga kini. Kapuspenkum Kejagung, Harli Siregar menjelaskan peristiwa berdarah itu saat korban tengah dalam perjalanan pulang kerja di kawasan Pengasinan, Sawangan, Depok. Peristiwa itu terjadi pada pada Sabtu (24/5), pukul 02.30 WIB dini hari. ""Betul pegawai kejaksaan yang peristiwanya di Depok. Sudah ditangani Polri,"" kata Harli dalam keterangannya, Selasa (27/5). SCROLL TO CONTINUE WITH CONTENT Pada Jumat (23/5) malam sebelum kejadian, korban DSK, yang menjabat Kasi Perangkat Keras dan Jaringan, selesai bekerja dan langsung pulang. Namun, di tengah jalan, hujan lebat dan korban berhenti sambil berteduh. Tak lama setelah hujan reda, korban melanjutkan perjalanannya. Namun, sekitar pukul 02.30 WIB, di lokasi yang tak jauh dari rumahnya, korban dipepet pengendara lain dari arah berlawanan. ""Sesampainya di sekitar Jalan Pengasinan, kurang lebih 1 Km dari rumah yang bersangkutan. Pada saat masih mengendarai sepeda motor tiba-tiba dari arah depan terdapat dua orang yang berboncengan langsung mendekat,"" jelas Harli. Sembari mendekati korban, pelaku mengayunkan senjata tajam ke arah pergelangan tangan korban. Sebelum membacok, pelaku sempat berteriak 'sikat'. ""Sambil berteriak 'Sikat' sambil mengayunkan senjata tajam ke arah pergelangan tangan saudara DS dan sesaat kemudian berteriak kembali 'Mampus lu', dan kemudian langsung tancap gas tanpa mengikuti kembali saudara DS,"" terang Harli. Korban kemudian langsung dibawa ke rumah sakit untuk mendapat perawatan medis. Akibat perbuatan pelaku, korban mengalami luka berat di pergelangan tangan kanan. ""Diagnosa sementara urat kelingking kanan putus dan tidak bisa lagi digerakkan,"" ucap Harli. ""Kemarin siang kami mendampingi Bapak Jaksa Agung menjenguk korban di rumah sakit,"" kata Kapuspenkum Kejagung Harli Siregar kepada wartawan, Selasa (27/5). Harli menyebut DSK telah mendapatkan penanganan medis di bagian pergelangan tangan yang dibacok oleh korban. ""Kondisi korban stabil, sudah dilakukan operasi,"" ungkap dia. Harli menyebut Jaksa Agung juga berpesan agar jajarannya berhati-hati dan waspada, khususnya saat malam hari. ""Pesan beliau untuk korban dan semua aparat kejaksaan agar lebih berhati-hati dan penuh kewaspadaan dalam menjalankan tugas, apalagi ketika malam hari,"" sebut Harli. ""Nggak ada (CCTV). Udah disisir. Terdekat (lokasi kejadian) dari tempat cuci mobil sama Indomaret juga nggak ngarah ke sana, arah kameranya nggak ke lokasi,"" kata Kasat Reskrim Polres Metro Depok AKBP Bambang kepada wartawan, Selasa (27/5). Bambang mengatakan 7 saksi telah diambil keterangan dalam menyelidiki kasus tersebut. Polisi juga sudah mengambil keterangan korban di rumah sakit. Berdasarkan pengakuannya, korban tak memiliki masalah dengan seseorang. ""Korban baru saja selesai diambil keterangan di rumah sakit. Nggak, belum, nggak ada (masalah sama seseorang),"" tuturnya. ""Saksi yang menyaksikan langsung sementara belum ada, tapi yang telah diambil keterangan itu ada sekitar 6 atau 7 orang,"" kata AKBP Bambang. Sementara itu, di sisi lain, polisi mengatakan tidak ada barang korban yang hilang. Motor yang dikendarai korban pun tak dicuri oleh pelaku pembacokan. ""Nggak ada (barang hilang),"" kata AKBP Bambang. Bambang mengatakan korban tiba-tiba saja dibacok saat perjalanan ke rumahnya. Motor yang dikendarai korban tidak terjatuh saat pembacokan tersebut. ""Iya (tiba-tiba dibacok), motornya juga utuh, nggak ada lecet. Nggak jatuh,"" jelasnya. Polisi saat ini masih mengumpulkan saksi-saksi guna memburu pelaku yang belum terindentifikasi. ""Belum (teridentifikasi berapa pelaku), masih mau mengumpulkan keterangan saksi-saksi,"" jelasnya.",PEMBACOKAN
"Teriakan 'Sikat' Saat Pegawai Kejagung Dibacok Sosok Misterius Polisi masih menyelidiki kasus pembacokan yang menimpa pegawai di Pusdakrimti Kejaksaan Agung (Kejagung). Sosok pelaku pembacokan masih misterius. Sejumlah upaya penyelidikan dilakukan polisi, mulai menyisir CCTV di lokasi kejadian hingga mengumpulkan petunjuk-petunjuk lain yang mungkin mengarah pada si pelaku. Sementara itu, kondisi korban, DSK (44), kini mulai membaik. DSK sudah bisa dimintai keterangan oleh pihak kepolisian meski dalam kondisi terbatas karena masih dalam perawatan di rumah sakit. SCROLL TO CONTINUE WITH CONTENT Dalam pemeriksaan tersebut, DSK mengungkapkan kronologi kejadian yang menimpanya. Berikut rangkumannya. Peristiwa pembacokan itu terjadi di Pengasinan, Sawangan, Depok, pada Sabtu (24/5/2025), pukul 02.30 WIB. Korban dibacok menjelang 800 meter dari rumahnya. ""Jadi pada menjelang kejadian beliau mengendarai sepeda motor di jalan pengasinan, kurang lebih berjarak 800 meter dari rumahnya,"" kata Kasat Reskrim Polres Metro Depok AKBP Bambang kepada wartawan, Rabu (28/5). Di tengah perjalanan pulang, korban tiba-tiba dipepet para pelaku yang datang dari arah berlawanan . Sesaat sebelum dibacok, korban sempat mendengar kata-kata 'sikat'. ""Kemudian, ada sepeda motor yang berlawanan arah menghampiri yang bersangkutan. Kemudian, korban mendengar ada kata-kata 'sikat', "" tuturnya. Setelah itu, korban merasa tangan seperti tersentuh benda. Korban tidak bisa menyadari karena kondisi saat kejadian gelap. ""Pasca-dihampiri sepeda motor dari arah yang berlawanan, tiba-tiba korban merasa tangannya seperti disentuh sesuatu, korban tidak bisa melihat apa itu karena situasinya gelap,"" terangnya. Korban merasa terancam tapi terus melanjutkan perjalanan sampai ke rumah. Setelah sampai rumah, korban baru menyadari pergelangan tangannya terluka. ""Kemudian, korban karena merasa terancam bahaya begitu menguatkan diri untuk melanjutkan perjalanan hingga ke rumahnya. Setelah di rumah baru memeriksa pergelangan tangannya telah ada luka,"" ungkapnya. Polisi telah memeriksa 7 orang saksi dalam memburu pelaku. Saat ini kasus tersebut masih dalam penyelidikan. Sementara itu, Bambang mengatakan kondisi korban saat ini mulai membaik. Korban sudah dimintai keterangan ""Pada hari ini kondisi korban sudah membaik dalam rangka pemulihan pasca-operasi. Kemudian juga korban sudah bersedia memberi keterangan kepada penyelidik,"" kata Kasat Reskrim Polres Metro Depok AKBP Bambang kepada wartawan, Rabu (28/5). Bambang mengatakan DSK dimintai keterangan pada Selasa (27/5). Dia dimintai keterangan oleh penyidik di rumah sakit. Diberitakan sebelumnya, kejadian pembacokan pegawai di Kejagung ini terjadi di Pengasinan, Sawangan, Depok, pada Sabtu (24/5), pukul 02.30 WIB. Kala itu DSK selesai bekerja dan langsung pulang. Kemudian, korban dipepet pengendara lain dari arah berlawanan. Pelaku mengayunkan senjata tajam ke arah pergelangan tangan korban. Akibat perbuatan pelaku, korban mengalami luka berat di pergelangan tangan kanan. Lihat juga Video: Rumah Pemilik Wisata di Lampung Diteror OTK, Satu Penghuni Tewas Dibacok [Gambas:Video 20detik]",PEMBACOKAN
"Polisi Sisir CCTV Buru Pelaku Pembacokan Pegawai Kejagung di Depok Seorang ASN pada staf Pusat Data Statistik Kriminal dan Teknologi Informasi (Pusdaskrimti) Kejaksaan Agung (Kejagung) berinisial DSK (44) dibacok orang tidak dikenal (OTK) di Pengasinan, Sawangan, Depok . Polisi melakukan penyelidikan dengan menyisir CCTV. ""Nggak ada (CCTV). Udah disisir. Terdekat (lokasi kejadian) dari tempat cuci mobil sama Indomaret juga nggak ngarah ke sana, arah kameranya nggak ke lokasi,"" kata Kasat Reskrim Polres Metro Depok AKBP Bambang kepada wartawan, Selasa (27/5/2025). Bambang mengatakan tujuh saksi telah diambil keterangan dalam menyelidiki kasus tersebut. Polisi juga sudah mengambil keterangan korban di rumah sakit. Berdasarkan pengakuannya, korban tak memiliki masalah dengan seseorang. SCROLL TO CONTINUE WITH CONTENT ""Korban baru saja selesai diambil keterangan di rumah sakit. Nggak, belum, nggak ada (masalah sama seseorang),"" tuturnya. Diberitakan sebelumnya, pembacokan pegawai di Kejagung ini terjadi di Pengasinan, Sawangan, Depok, pada Sabtu (24/5) pukul 02.30 WIB. Kala itu DSK, yang menjabat Kasi Perangkat Keras dan Jaringan, selesai bekerja dan langsung pulang. Namun, di tengah jalan, hujan lebat dan korban berhenti sambil berteduh. Tak lama setelah hujan reda, korban melanjutkan perjalanannya. Namun, sekitar pukul 02.30 WIB, di lokasi yang tak jauh dari rumahnya, korban dipepet pengendara lain dari arah berlawanan. ""Sesampainya di sekitar Jalan Pengasinan, kurang lebih 1 km dari rumah yang bersangkutan, pada saat masih mengendarai sepeda motor, tiba-tiba dari arah depan terdapat dua orang yang berboncengan langsung mendekat,"" jelas Kapuspenkum Kejagung, Harli Siregar. Sembari mendekati korban, pelaku mengayunkan senjata tajam ke arah pergelangan tangan korban. Sebelum membacok, pelaku sempat berteriak 'sikat!'. ""Sambil berteriak 'sikat' sambil mengayunkan senjata tajam ke arah pergelangan tangan Saudara DS dan sesaat kemudian berteriak kembali 'mampus lu ', dan kemudian langsung tancap gas tanpa mengikuti kembali Saudara DS,"" terang Harli. Korban kemudian langsung dibawa ke rumah sakit untuk mendapat perawatan medis. Akibat perbuatan pelaku, korban mengalami luka berat di pergelangan tangan kanan. ""Diagnosis sementara, urat kelingking kanan putus dan tidak bisa lagi digerakkan,"" ucap Harli. Tonton juga ""Jukir dan Petugas BPBD Dibacok OTK Saat Konvoi Persib di Garut"" di sini: [Gambas:Video 20detik]",PEMBACOKAN
"Kondisi Membaik, ASN Kejagung Korban Pembacokan Dimintai Keterangan Polisi Seorang ASN staf Pusat Data Statistik Kriminal dan Teknologi Informasi Kejaksaan Agung (Pusdaskrimti Kejagung) berinisial DSK (44) dibacok orang tidak dikenal (OTK) saat pulang kerja di Depok, Jawa Barat (Jabar). Kondisi korban sudah membaik dan bisa memberikan keterangan ke polisi. ""Pada hari ini kondisi korban sudah membaik dalam rangka pemulihan pasca-operasi. Kemudian juga korban sudah bersedia memberi keterangan kepada penyelidik,"" kata Kasat Reskrim Polres Metro Depok AKBP Bambang kepada wartawan, Rabu (28/5/2025). Bambang mengatakan DSK dimintai keterangan pada Selasa (27/5). Dia dimintai keterangan oleh penyidik di rumah sakit. SCROLL TO CONTINUE WITH CONTENT Berdasarkan keterangannya, korban mengaku tak menyadari tangannya terluka saat dipepet pelaku . ""Pasca dihampiri sepeda motor dari arah yang berlawanan, tiba-tiba korban merasa tangannya seperti disentuh sesuatu, korban tidak bisa melihat apa itu karena situasinya gelap,"" jelasnya. Korban merasa terancam namun terus melanjutkan perjalanan sampai ke rumah. Setelah sampai rumah, korban baru menyadari pergelangan tangannya terluka. ""Kemudian korban karena merasa terancam bahaya begitu menguatkan diri untuk melanjutkan perjalanan hingga ke rumahnya. Setelah di rumah baru memeriksa pergelangan tangannya telah ada luka,"" ungkapnya. Peristiwa itu terjadi di Pengasinan, Sawangan, Depok, pada Sabtu (24/5), pukul 02.30 WIB. Korban dibacok menjelang 800 meter dari rumahnya. ""Jadi pada menjelang kejadian beliau mengendarai sepeda motor di jalan pengasinan, kurang lebih berjarak 800 meter dari rumahnya,"" ucapnya. Di tengah perjalanan pulang, korban tiba-tiba dipepet para pelaku yang datang dari arah berlawanan. Sesaat sebelum dibacok, korban sempat mendengar kata-kata 'sikat'. ""Kemudian, ada sepeda motor yang berlawanan arah menghampiri yang bersangkutan. Kemudian, korban mendengar ada kata-kata 'sikat',"" tuturnya. Polisi telah memeriksa 7 orang saksi dalam memburu pelaku. Saat ini kasus tersebut masih dalam penyelidikan. Lihat juga Video 'Jukir dan Petugas BPBD Dibacok OTK Saat Konvoi Persib di Garut': [Gambas:Video 20detik]",PEMBACOKAN
"ABG 'Cengtri' Kepergok di Depok Ternyata Korban Duel Kena Bacok Seorang remaja mengalami luka bacok usai berkelahi dengan lawannya di Jalan Juanda, Depok. Pelaku dua orang saat ini telah diamankan polisi. Korban luka bacok ini awalnya dipergoki oleh Tim Patroli Perintis Presisi (TPPP) Polres Metro Depok saat berboncengan motor bertiga (cengtri) di Jalan Raya Juanda, Kota Depok, pada Minggu (9/2/2025) malam. Korban yang duduk diapit di tengah ditemukan dalam kondisi terkulai lemah dan berlumuran darah. Polisi kemudian membantu korban dilarikan ke klinik terdekat. Sementara tak lama setelah itu, dua orang pelaku pembacokan ditangkap polisi. Berikut rangkumannya. SCROLL TO CONTINUE WITH CONTENT Kejadian berawal saat Wakasat Samapta Polres Metro Depok AKP Winam Agus bersama anggota TPPP Polres Metro Depok tengah melaksanakan patroli malam di Jalan Juanda, Depok, Minggu (9/2) malam. Tim Patroli kemudian mengejar motor cengtri yang ditumpangi 3 ABG. Begitu didekati, ternyata ABG yang duduk di tengah dalam kondisi terkulai. AKP Winam Agus yang saat itu ikut berpatroli kemudian bertanya kepada ABG tersebut. Winam sempat menanyakan apakah mereka tawuran, tetapi mereka mengelak. ""Kenapa?"" tanya Winam. ""Dibacok, Pak, di situ, Pak,"" kata teman korban. ""Tawuran?"" kata polisi. ""Kagak, Pak,"" kata teman korban. ""Cepat, cepat bawa ke klinik,"" kata Winam. Winam mengatakan korban awalnya janjian berkelahi dengan lawan melalui handphone (HP). Korban datang ke lokasi ditemani 2 teman pria dan 1 perempuan yang merupakan pacarnya. ""Hanya janjian di HP untuk kelahi tangan kosong,"" ujar Winam. Saat bertemu di lokasi yang dijanjikan, korbanberduel dengan lawannya. Tiba-tiba lawannya itu mengeluarkan senjata tajam dan membacoknya. ""Namun, saat berlangsung kelahi, tiba-tiba pelaku ambil sajam di balik bajunya, langsung disabet ke arah dada. Korban bermaksud lari, disabet lagi punggung kanan dua kali,"" tuturnya. Baca selengkapnya di halaman selanjutnya Seorang ABG di Depok, Jawa Barat luka bacok setelah berkelahi dengan lawannya. Polisi menyebut perkelahian itu dipicu masalah pribadi. ""Berawal dari masalah pribadi, korban janjian bertemu untuk berkelahi dengan tangan kosong,"" ujar Wakasat Samapta Polres Metro Depok AKP Winam Agus, saat dihubungi detikcom, Jumat (14/2). Winam mengatakan korban sempat janjian dengan lawan melalui handphone (HP). Korban datang ke lokasi ditemani 2 teman pria dan 1 perempuan yang merupakan pacarnya. ""Hanya janjian di HP untuk kelahi tangan kosong,"" ujar Winam. Saat bertemu di lokasi yang dijanjikan, korbanberduel dengan lawannya. Tiba-tiba lawannya itu mengeluarkan senjata tajam dan membacoknya. ""Namun, saat berlangsung kelahi, tiba-tiba pelaku ambil sajam di balik bajunya, langsung disabet ke arah dada. Korban bermaksud lari, disabet lagi punggung kanan dua kali,"" tuturnya. Polisi kemudian menangkap dua pelaku yang membacok korban. Berdasarkan keterangan warga, kata Winam, pelaku sering melakukan tawuran. ""Menurut masyarakat, pelaku tinggal, anak ini memang pemain tawuran. Bader, nakal,"" ucapnya. ""(Pelaku diamankan) dua orang,"" tuturnya. Pelaku ditangkap di kediamannya pada Minggu (9/2) siang. Kedua pelaku yaitu F (15) dan S (15) diamankan di Polres Metro Depok. Simak juga Video: Heboh Pemotor Bonceng 3 Melaju Ugal-ugalan di Tol Cikampek [Gambas:Video 20detik]",PEMBACOKAN
"Terbakar Cemburu, Pria di Depok Tega Bacok Istri Bertubi-tubi Wanita berinisial TA menjadi korban kekerasan dalam rumah tangga ( KDRT ) oleh suaminya, LR. Korban dibacok bertubi-tubi oleh pelaku hingga bersimbah darah di Pancoran Mas, Kota Depok , Jawa Barat. Kabid Humas Polda Metro Jaya Kombes Ade Ary Syam Indradi mengatakan peristiwa itu terjadi pada Jumat (29/11) malam. Mulanya ayah korban berinisial DS mendapatkan video call dari korban. Saat itu, korban sudah dalam kondisi bersimbah darah. ""Bapak dari korban mendapat panggilan video call dari korban, saat itu kondisi korban sudah berlumuran darah karena menderita luka bacokan di bagian kepala dan bahu,"" kata Ade Ary kepada wartawan, Minggu (1/12/2024). SCROLL TO CONTINUE WITH CONTENT Saksi pun bergegas ke rumah korban, tapi saat itu korban sudah dibawa ke rumah sakit. Sementara itu, pelaku yang tak lain adalah suami korban sudah diamankan pihak RT. Korban menjelaskan aksi pembacokan terjadi lantaran dipicu karena cemburu. Pelaku saat itu membabi buta membacok korban di bagian kepala, bahu, hingga leher. ""Menurut keterangan dari korban saat itu terjadi cekcok di antara keduanya karena cemburu. Pelaku yang emosi langsung menganiaya korban dengan cara membacok. Atas kejadian tersebut korban mengalami luka bacok pada bagian kepala, bahu, kening, leher dan mendapatkan jahitan,"" ucapnya. Saat ini, pelaku LR sudah diamankan polisi. Kasus KDRT tersebut kini tengah diusut Polres Metro Depok. Tonton juga video: Ketua KPPS di Bima Dibacok di TPS, Pelaku Ditangkap [Gambas:Video 20detik]",PEMBACOKAN
"Rampok Bejat Perkosa Wanita Depok Jual Ponsel Korban, Duitnya buat Nyabu Polisi mengungkap ulah bejat Riki Rikardo alias Denis, perampok yang memerkosa wanita berinisial Y (36) di Pancoran Mas, Kota Depok, Jawa Barat (Jabar). Pelaku menjual ponsel korban seharga Rp 700 ribu. "" Handphone hasil kejahatannya itu dijual kepada rekannya satu kos-kosan, yaitu tersangka HHP, dijual seharga Rp 700 ribu,"" kata Kabid Humas Polda Metro Jaya Kombes Ade Ary Syam Indradi kepada wartawan, Kamis (20/3/2025). Ade Ary mengatakan duit hasil penjualan tersebut digunakan pelaku untuk membeli narkotika jenis sabu. Adapun Riki diketahui merupakan seorang pengangguran dan residivis kasus pemerkosaan pada 2016. SCROLL TO CONTINUE WITH CONTENT ""Kemudian uang Rp 700 ribu itu dipakai apa, dipakai untuk membeli narkoba, yaitu narkotika jenis sabu atau metamfetamin. Lalu kami sampaikan bahwa tersangka RR ini adalah seorang residivis yang di tahun 2016 juga telah melakukan tindak pidana serupa yaitu pemerkosaan dan telah divonis di tahun 2016,"" jelasnya. Riki Rikardo ditangkap saat hendak menjual sabu di Kampung Pitara, Pancoran Mas, Kota Depok. Selain Riki, polisi meringkus pria bernama Habib Hendra Pratama sebagai penadah barang curian. Saat ini keduanya sudah ditetapkan sebagai tersangka. Riki si rampok bejat dijerat dengan Pasal 365 KUHP tentang pencurian dengan kekerasan dan atau Pasal 285 KUHP tentang Pemerkosaan. ""Dengan ancaman pidana maksimal penjara 12 tahun,"" tuturnya. Seperti diketahui, perampokan dengan senjata tajam terjadi di rumah warga Pancoran Mas, Depok. Rampok berkapak itu juga memerkosa pemilik rumah, wanita berinisial Y (36), saat melancarkan aksinya. Perampokan ini terjadi pada Sabtu (15/3) dini hari. Pelaku membobol rumah saat korban sedang tidur. ""Di saat korban sedang tidur, korban kaget setelah mengetahui dan melihat pelaku yang sudah berada di dalam kamar menarik selimut yang digunakan korban,"" kata Kasubdit Resmob Ditreskrimum Polda Metro Jaya AKBP Ressa Fiardy Marasabessy saat dihubungi, Selasa (18/3). Saat itu pelaku mengancam korban dengan kapak yang dibawanya. Pelaku lalu memerkosa korban di rumahnya tersebut. ""Pelaku saat itu membawa kapak, lalu mengancam korban menggunakan kapak agar membuka celana dan bajunya, dan sempat mengancam akan membunuh jika korban berteriak. Setelah korban menuruti perintah pelaku, kemudian pelaku melakukan pemerkosaan terhadap korban,"" jelasnya.",PENCURIAN
"Ibu dan Anak di Depok Dibacok Parang Usai Pergoki Perampok Masuk Rumah Seorang ibu dan anak menjadi korban perampokan di Sukamaju Baru, Depok. Keduanya dibacok menggunakan parang setelah memergoki perampok yang masuk ke dalam rumahnya. ""Betul (ada perampokan melukai ibu dan anak),"" ujar Kapolsek Cimanggis Kompol Jupriono saat dihubungi wartawan, Rabu (10/6/2026). Kompol Jupriono mengatakan peristiwa itu terjadi pada Senin (8/6) pukul 02.00 WIB di Sukamaju Baru, Depok. Mulanya pelaku memasuki rumah korban hendak mencuri ponsel . SCROLL TO CONTINUE WITH CONTENT ""Saat masuk rumah mengambil handphone di rumah korban, ketahuan,"" ujarnya. Kedua korban memergoki pelaku dan sempat melakukan perlawanan. Karena panik, pelaku kemudian melukai korban menggunakan parang yang terpajang di rumah. ""Kemudian pelaku mengambil parang yang jadi pajangan di rumah tersebut dan membacok pemilik rumah. Ya (kedua korban sempat melawan),"" ucapnya. Imbas peristiwa tersebut, kedua korban mengalami luka di jari dan wajah. Keduanya dilarikan ke Rumah Sakit Husada Cibinong guna penanganan medis. ""Luka jari, kepala, dan muka. (Dirawat) di RS Husada Cibinong,"" ucapnya. Saat ini kasus tersebut masih dalam penyelidikan. Polisi masih mengejar pelaku perampokan. Lihat juga Video 'Pensiunan JICT yang Ditemukan Tewas di Bekasi Ternyata Dibunuh Perampok': [Gambas:Video 20detik]",PEMBACOKAN
"Kronologi Sopir Taksi Online Dibunuh Duo Perampok di Tol Jagorawi Pembunuhan Ujang Adiwijaya (57), sopir taksi online yang mayatnya dibuang di pinggir Tol Jagorawi, Bogor, akhirnya terungkap. Polres Bogor menangkap dua pelaku, RS dan AH, sekaligus mengungkap motif perampokan di balik aksi keji tersebut. Kapolres Bogor AKBP Wikha Ardilestanto menjelaskan peristiwa tersebut terjadi pada hari Senin (10/11). Jasad korban ditemukan dalam kondisi terikat di tangan dan kakinya, di pinggir Tol Jagorawi, tepatnya di KM 30+800 pada sore hari. ""Jadi sore itu personel dari Poslek Citeureup mendapatkan informasi dari masyarakat bahwa melihat sesosok mayat di pinggir Tol Jagorawi. Kemudian dilakukan pengecekan ke lokasi,"" kata Wikha dalam konferensi pers di kantornya, Jalan Tegar Beriman, Bogor, Kamis (13/11/2025). SCROLL TO CONTINUE WITH CONTENT Tim Satreskrim Polres Bogor bergerak cepat melakukan identifikasi dan penyelidikan. Dari pemeriksaan sidik jari, polisi mengetahui identitas korban yang menjadi titik awal penyelidikan dimulai. Hasil visum jenazah ditemukan adanya sejumlah kekerasan pada tubuh korban. Polisi menduga kuat korban dibunuh . ""Diketahui bahwa korban meninggal karena menjadi korban kekerasan. Ada beberapa bekas kekerasan di tubuh korban, salah satunya ada luka dari di sekitaran leher dan bercak pendarahan di pundak kanan dan kiri, serta leher,"" jelasnya. Kasus ini bermula saat dua tersangka, RS dan AH, memesan taksi online. Sejak awal, keduanya sudah berniat melakukan perampokan dengan mencari korban secara acak. Orderan penumpang itu masuk ke aplikasi ojol milik korban. Kedua pelaku dijemput korban di kawasan Depok. Singkat cerita, dalam perjalanan, kedua pelaku melancarkan aksinya. Mereka menjerat leher korban dengan tali jemuran dan memukul kepala korban. ""Tersangka RS kemudian mengambil alih kemudi. Sempat berputar-putar ke beberapa lokasi untuk memastikan bahwa korban sudah meninggal dunia atau belum,"" imbuhnya. Setelah memastikan korban meninggal dunia, mereka sempat berhenti di counter elektronik untuk menjual ponsel korban. Hasil penjualannya digunakan untuk mengisi bensin, saldo kartu elektronik, dan lain-lain. ""Kemudian mereka kembali berkeliling sambil memastikan korban meninggal dunia. Kemudian setelah memastikan, di area Tol Jagorawi pelaku melambangkan tangan dan kaki korban, dan meninggalkan jenazah korban di pinggir tol Km 30+800,"" jelasnya. Kemudian, mobil yang dirampok pelaku tersebut sempat mogok di dekat Gerbang Tol (GT) Sentul Utara. Kedua tersangka memanggil mobil towing dan membawa mobil korban ke bengkel. ""Alhamdulillah mobilnya pun sudah ditemukan. Kemarin sudah kita amankan juga untuk barang bukti yang diambil tersangka. Nomornya sama, serinya juga sama, jadi dipastikan bahwa itu tadinya mau diambil oleh pelaku. Namun karena mogok dan diletakkan di salah satu bengkel di Citeureup,"" sebutnya. Setelah menaruh mobil di bengkel, kemudian kedua tersangka melarikan diri ke Ciamis . Keduanya ditangkap saat melakukan 'paniisan' di salah satu makam di Ciamis. ""Kedua tersangka saat ditahan sedang melakukan paniisan, atau berharap mendapatkan pertolongan dari hal-hal gaib yang dilakukan di salah satu tempat pemakaman di Ciamis. Jadi waktu ditangkap kondisinya kedua tersangka ini sedang melakukan paniisan,"" bebernya. Sejumlah barang bukti turut diamankan dalam kejadian itu. Di antaranya 1 buah mobil, 1 potongan lakban warna coklat dan hitam, 1 bed cover warna biru dipakai untuk bekap korban, tali jemuran merah untuk mencekik leher korban, 1 setel baju, 1 dus ponsel dan ponselnya. ""Kepada para pelaku disangkakan Pasal 365 ayat 4 KUHP yaitu pencurian dengan kekerasan yang mengakibatkan kematian dan Pasal 340 KUHP pembunuhan berencana,"" pungkasnya. Saksikan Live DetikPagi: Simak Video 'Fakta Penemuan Mayat dengan Tangan-Kaki Terikat di Tol Jagorawi': [Gambas:Video 20detik]",PENCURIAN
"Wujud Benda Disebut Jimat yang Dipakai Begal Tewas Diamuk Warga di Depok Pria hendak mencuri motor lalu ketahuan di daerah Cisalak, Kota Depok, tewas di rumah sakit akibat diamuk massa . Sebelum tewas, pelaku sempat kebal karena jimat yang dipakainya. Barang diduga 'jimat' itu berwujud kertas yang bertuliskan huruf Arab. Jimat itu sebelumnya dimasukkan ke kantong berbahan kain goni. Pelaku meletakkan jimat itu di celananya. ""(Barang bukti) kunci letter-T , gembok yang dirusak, kunci motor, barang-barang milik terduga, kemungkinan (jimat). Jadi (jimat) ditaruh di dalam kulit ini ada di dalam celananya dia,"" kata Kanit Reskrim Polsek Cimanggis AKP Ade Ahmad Sudrajat kepada wartawan di kantornya, Rabu (30/10/2024). SCROLL TO CONTINUE WITH CONTENT Dia mengatakan pelaku sempat kebal saat jimat masih berada padanya meski sudah dipukul warga. Saat warga menelanjanginya, pelaku pun langsung luka-luka dihajar warga. ""Awalnya (pelaku) kuat (dihajar massa), tapi setelah ininya (jimatnya) lepas, nyerah . Dari penghuni sama warga begitu, kalau sebelumnya sudah sempet diamuk massa. Namun pelaku ini tidak kenapa-kenapa, setelah ditelanjangi baru pelaku itu baru mengalami luka-luka,"" tuturnya. Penjaga kos, Putra (22), mengatakan pelaku ditanya-tanyai warga saat tertangkap. Putra mengatakan pelaku tetap kuat dan tak banyak luka saat dipukuli warga karena ternyata mengantongi jimat. ""Saya lihat gespernya, akhirnya saya potong, saya suruh buka bajunya, ternyata jimatnya ketinggalan, itu diambil, dipotong pake golok. Baru pas dibuka ada tulisan Arab, saya suruh makan ke mulut, pelaku sempat nggak mau tuh , tapi akhirnya ditelan itu jimatnya, abis ditelan, dia muntah dan keluarin darah intinya,"" jelasnya. Putra dan teman-teman lainnya berusaha mengamankan pelaku. Sampai akhirnya Babinsa datang untuk mengamankan pelaku. Dimintai konfirmasi, Kapolsek Cimanggis Kompol Tatang Targana mengatakan peristiwa itu terjadi pada Sabtu (26/10), pukul 04.10 WIB di Jalan Nusa Indah, Cisalak, Depok. Pelaku berjumlah dua orang. ""Benar kejadian tersebut. Namun pelaku tidak tertolong karena dimassa,"" kata Tatang saat dihubungi wartawan, Senin (28/10). Dia mengatakan satu pelaku kabur. Kemudian pelaku lainnya dihakimi warga hingga tewas. ""(Pelaku) satu kabur. Satu tertangkap massa dan dihakimi. Meninggal di RS,"" tutupnya. Lihat juga Video 'Polisi Selidiki Dugaan Gerombolan ABG Hendak Membegal di Bogor': [Gambas:Video 20detik]",BEGAL
"Wanita di Depok Diperkosa Rampok Berkapak Saat Sedang Tidur Wanita Y (36), korban perampokan yang diperkosa dalam rumahnya di kawasan Depok , Jawa Barat, tinggal seorang diri. Polisi menyebut Y merupakan seorang ibu yang memiliki anak yang dititipkan ke pihak keluarganya. ""Korban tinggal sendiri, usia 36 tahun. Anaknya diberikan ke keluarganya, informasi dari penyidik,"" jelas Kabid Humas Polda Metro Jaya Kombes Ade Ary Syam Indradi kepada wartawan, Rabu (19/3/2025). Ade Ary menjelaskan kondisi korban pun sudah diketahui oleh pelaku RR, yang kini sudah ditangkap oleh jajaran Polres Metro Depok dan Subdit Resmob Ditreskrimum Polda Metro Jaya. Dia mengatakan, atas dasar pengetahuan tersebut, pelaku berani melakukan aksinya. SCROLL TO CONTINUE WITH CONTENT ""Jadi, saat kejadian, saya yakin pelaku memahami secara pasti lokasi dan profil korban, sehingga dia berani melakukan aksi sendirian,"" kata Ade Ary. Dia menjelaskan saat ini korban sudah dalam kondisi aman. Korban sudah divisum. Ade Ary menerangkan perampokan dan pemerkosaan ini terjadi pada Sabtu (15/3) dini hari. Dia menjelaskan, sebelum korban masuk ke rumah, pelaku sudah lebih dulu berada di kamar korban. Dia mengatakan pelaku masuk ke dalam rumah korban melalui jendela. ""Kemudian (pelaku) menarik selimut korban, kemudian mengancam korban dengan kapak untuk membuka celana dan baju, bajunya korban,"" ucap Ade Ary. ""Kemudian korban juga diancam oleh pelaku, apabila korban berteriak, korban akan dibunuh oleh pelaku. Kemudian, setelah itu, pelaku melakukan pemerkosaan terhadap korban,"" terangnya. Setelah selesai memerkosa korban, pelaku melihat ada handphone yang tergeletak di atas kasur. "" Handphone korban diambil, setelah itu pelaku memerintahkan atau nyuruh korban masuk ke kamar mandi. Setelah itu, pelaku kabur,"" ujarnya. RR ditangkap setelah polisi melakukan serangkaian penyelidikan. RR ditangkap oleh jajaran tim Polres Metro Depok didampingi Subdit Resmob Ditreskrimum Polda Metro Jaya pada Selasa (18/3). ""Dalam waktu tiga hari atau tepatnya hari Selasa, kedua tersangka bisa diamankan. Yang melakukan adalah Tersangka RR. Handphone hasil kejahatannya itu dijual kepada rekannya satu kos-kosan, yaitu Tersangka HHP ya,"" kata Ade Ary. Ade Ary menjelaskan tersangka RR menjual HP kepada tersangka HHP seharga Rp 700 ribu. ""(Uang hasil menjual barang curian) dipakai untuk membeli narkoba ya, yaitu narkotika jenis sabu,"" jelas Ade Ary. Polisi mengungkap RR merupakan seorang residivis. RR merupakan seorang residivis dalam kasus serupa, yakni pemerkosaan. Akibat perbuatannya, RR dijerat pasal berlapis. RR dijerat Pasal 285 KUHP tentang pemerkosaan. RR pun diancam dengan hukuman maksimal 12 tahun penjara dengan pasal ini. Kemudian, RR juga dijerat pasal pencurian. ""Kami jerat dengan Pasal 365 KUHP dengan ancaman pidana penjara maksimal 9 tahun,"" katanya. Sementara itu, terhadap satu tersangka lainnya, HHP, yang berperan sebagai penadah barang curian dari RR, turut disangkakan dengan Pasal 480 KUHP. HHP pun terancam hukuman pidana penjara maksimal 4 tahun. Lihat juga Video: Bejat! Pria di Maros Perkosa ABG, Modus Beri Tempat Tinggal [Gambas:Video 20detik]",PENCURIAN
"Polisi Tangkap Perampok yang Bacok Ibu dan Anak Pakai Parang di Depok Seorang ibu dan anak dibacok menggunakan parang saat memergoki perampok masuk ke dalam rumahnya di Sukamaju Baru, Depok . Pelaku berinisial DR (28) kini ditangkap. ""Ini alhamdulillah dua hari kemudian kita bisa berhasil amankan diduga pelaku, inisialnya DR, usia kurang lebih 28 tahun, yang tinggalnya di Citatah, Kelurahan Ciriung, Kecamatan Cibinong, Kabupaten Bogor,"" ujar Kapolsek Cimanggis Kompol Jupriono kepada wartawan, Jumat (12/6/2026). SCROLL TO CONTINUE WITH CONTENT Polisi saat ini juga masih memburu pelaku berinisial IY, yang merupakan rekan korban. Diduga pelaku bekerja sama melakukan pencurian juga kekerasan. ""Satu lagi inisial IY masih terus kita cari keberadaannya, yang memang secara bersama-sama melakukan pencurian dengan kekerasan bersama Tersangka DR,"" ucapnya. Atas perbuatannya, kedua tersangka dikenai Pasal 479 ayat 2 KUHP dengan ancaman hukuman 12 tahun. Peristiwa itu terjadi pada Senin (8/6/2026) pukul 01.00 WIB di Jalan Raya Bogor Km 35, Sukamaju Baru, Tapos, Kota Depok. Mulanya kedua pelaku memang berniat melakukan pencurian. Setiba di rumah korban, DR masuk ke rumah dengan cara memanjat pagar. Kemudian DR membuka kunci yang tergantung di dalam pintu. ""Jadi tangannya yang masuk, kemudian membuka kunci yang memang kondisinya masih tergantung di pintu,"" ucapnya. Setelah pintu terbuka, tersangka DR masuk ke dalam rumah, sementara IY berjaga di luar rumah. DR masuk mencari barang-barang berharga yang ada di dalam rumah. ""Salah satunya berhasil diambil adalah sebuah handphone . Kemudian, setelah handphone bisa dikuasai, Tersangka DR melihat ada parang yang jadi pajangan di rumah tersebut, diambil yang niatnya untuk berjaga-jaga,"" jelasnya. DR masih berusaha mencari barang lain yang ada di dalam rumah, dan masuk ke salah satu kamar. Ternyata korban belum tidur. ""Sehingga penghuni itu teriak, dan saat itu Tersangka DR sudah memegang parang, sehingga terjadi kekerasan pada korban,"" tuturnya. Karena teriakan korban, akhirnya ibu korban terbangun dan menghalau pelaku. Namun ibu korban dibacok DR menggunakan parang yang dia curi dari dalam rumah. ""Setelah melukai dua orang tersebut, pelaku atau Tersangka DR ini kabur dengan membawa hasil kejahatannya berupa handphone milik korban,"" ungkapnya. Jupriono mengatakan, imbas kejadian tersebut, korban mengalami luka di pipi dan kepala. Sedangkan ibu korban mengalami luka di bagian tangan hingga jari hampir putus. ""Alhamdulillah setelah dilakukan perawatan di rumah sakit kurang lebih 3 hari, saat ini sudah bisa kembali ke rumah,"" tutupnya. Lihat juga Video: Polisi Tangkap Perampok-Pemerkosa Pasangan Vlogger Asal Spanyol [Gambas:Video 20detik]",PENCURIAN
"Kapolda Metro Beri Penghargaan ke 4 Satpam, Ada yang Lawan Rampok Bersenpi Kapolda Metro Jaya Irjen Asep Edi Suheri memberi penghargaan kepada empat Satpam dan Satkamling berprestasi di Jakarta. Di antara mereka, ada yang menggagalkan aksi maling berpistol. Penghargaan diberikan saat apel Pam Swakarsa di Lapangan Presisi Polda Metro Jaya, Jumat (28/11/2025) pagi. Irjen Asep mengucapkan terima kasih atas aksi para Satpam berprestasi itu. ""Tentunya kami selaku Kapolda dan jajaran mengapresiasi hal ini memberikan penghargaan setinggi-tingginya sudah bisa menggagalkan suatu kejahatan, bisa menangkap pelakunya dan juga membantu kegiatan masyarakat dalam menghadapi bencana alam Ataupun kebakaran yang ada di wilayah lingkungan warganya,"" kata Irjen Asep kepada wartawan, Jumat (28/11/2025). SCROLL TO CONTINUE WITH CONTENT Berikut empat Satpam yang diberi penghargaan: 1. Tri Agus Wiyono, satpam Kantor Pegadaian di Kota Depok Pada 10 Juli 2025 lalu, dia berhasil menggagalkan aksi perampokan terhadap nasabah senilai Rp 300 juta. Para pelaku melancarkan aksinya dengan modus gembos ban. 2. Sandra Pujangga Hadi, satpam di kawasan Pantai Indah Kapuk (PIK) 2 Pada 22 Agustus 2025 lalu, Sandra mengamankan pelaku pencurian spion mobil. Dalam aksinya, para pelaku mempersenjatai diri dengan menggunakan senjata api. 3. Syahrul, Satkamling RW 14, Cengkareng, Jakarta Barat Syahrul berperan dalam membantu mengatasi korsleting listrik, mengatasi kebakaran hingga menangkap maling di wilayah Cengkareng. 4. Rianto Cahaya Putra, Satkamling Petukangan Utara Rianto diberikan penghargaan oleh Polda Metro Jaya setelah berhasil mengamankan pelaku tawuran remaja di wilayah Petukangan, Pesanggrahan, Jakarta Selatan.",PENCURIAN
"25 Pencuri dan Begal Dibekuk di Depok Depok - Polres Kota Depok mengamankan 25 tersangka dari berbagai kasus kejahatan seperti pembegalan, perampokan dan pencurian. Barbuk hasil kejahatan juga diamankan. Para pelaku dihadirkan dalam rilis di Mapolres Kota Depok, Kamis (30/10/2019). Para pelaku dihadirkan dalam rilis dengan memakai baju tahanan. Mereka juga mendapat penjagaan dari aparat kepolisian. Sebagian dari mereka berusaha untuk menutupi wajahnya saat dihadirkan dalam rilis kasus kejahatan. Para tersangka ini diamankan dari sejumlah kasus kejahatan di wilayah Kota Depok. Polisi menggelar barang bukti yang diamankan dari para pelaku. Barang bukti itu mulai dari linggis hingga obeng. Golok hingga kunci leter T juga diamankan dari para pelaku. Polisi juga mengamankan barang bukti motor dari pelaku curanmor. Saat ini barang bukti sepeda motor itu telah dipasangi garis polisi. TV pun juga diamankan dari pelaku pencurian. Beberapa di antara mereka terpaksa ditembak di bagian kakinya oleh polisi. Rilis kasus kejahatan di Mapolres Kota Depok itu mendapat penjagaan dari polisi bersenjata lengkap.",PENCURIAN
"Sia-sia 2 Pembunuh Sopir di Jagorawi Minta Tolong ke Makam Keramat Tabir pembunuhan Ujang Adiwijaya (57), sopri taksi online yang mayatnya ditemukan di pinggir Tol Jagorawi, Bogor akhirnya terungkap. Ia dibunuh oleh RS dan AH, yang ternyata sempat melakukan ritual gaib agar bisa lolos dari kejaran aparat penegak hukum. Kapolres Bogor AKBP Wikha Ardilestanto menjelaskan peristiwa tersebut terjadi pada hari Senin (10/11). Jasad korban ditemukan dalam kondisi terikat di tangan dan kakinya, di pinggir Tol Jagorawi, tepatnya di KM 30+800 pada sore hari. ""Jadi sore itu personel dari Poslek Citeureup mendapatkan informasi dari masyarakat bahwa melihat sesosok mayat di pinggir Tol Jagorawi. Kemudian dilakukan pengecekan ke lokasi,"" kata Wikha dalam konferensi pers di kantornya, Jalan Tegar Beriman, Bogor, Kamis (13/11/2025). SCROLL TO CONTINUE WITH CONTENT Tim Satreskrim Polres Bogor bergerak cepat melakukan identifikasi dan penyelidikan. Dari pemeriksaan sidik jari, polisi mengetahui identitas korban yang menjadi titik awal penyelidikan dimulai. Hasil visum jenazah ditemukan adanya sejumlah kekerasan pada tubuh korban. Polisi menduga kuat korban dibunuh. ""Diketahui bahwa korban meninggal karena menjadi korban kekerasan. Ada beberapa bekas kekerasan di tubuh korban, salah satunya ada luka dari di sekitaran leher dan bercak pendarahan di pundak kanan dan kiri, serta leher,"" jelasnya. Kasus ini bermula saat dua tersangka, RS dan AH, memesan taksi online. Sejak awal, keduanya sudah berniat melakukan perampokan dengan mencari korban secara acak. Orderan penumpang itu masuk ke aplikasi ojol milik korban. Kedua pelaku dijemput korban di kawasan Depok. Singkat cerita, dalam perjalanan, kedua pelaku melancarkan aksinya. Mereka menjerat leher korban dengan tali jemuran dan memukul kepala korban. ""Tersangka RS kemudian mengambil alih kemudi. Sempat berputar-putar ke beberapa lokasi untuk memastikan bahwa korban sudah meninggal dunia atau belum,"" imbuhnya. Setelah memastikan korban meninggal dunia, mereka sempat berhenti di counter elektronik untuk menjual ponsel korban. Hasil penjualannya digunakan untuk mengisi bensin, saldo kartu elektronik, dan lain-lain. ""Kemudian mereka kembali berkeliling sambil memastikan korban meninggal dunia. Kemudian setelah memastikan, di area Tol Jagorawi pelaku melambangkan tangan dan kaki korban, dan meninggalkan jenazah korban di pinggir tol Km 30+800,"" jelasnya. Kemudian, mobil yang dirampok pelaku tersebut sempat mogok di dekat Gerbang Tol (GT) Sentul Utara. Kedua tersangka memanggil mobil towing dan membawa mobil korban ke bengkel. ""Alhamdulillah mobilnya pun sudah ditemukan. Kemarin sudah kita amankan juga untuk barang bukti yang diambil tersangka. Nomornya sama, serinya juga sama, jadi dipastikan bahwa itu tadinya mau diambil oleh pelaku. Namun karena mogok dan diletakkan di salah satu bengkel di Citeureup,"" sebutnya. Setelah menaruh mobil di bengkel, kemudian kedua tersangka melarikan diri ke Ciamis. Keduanya ditangkap saat melakukan 'paniisan' di salah satu makam di Ciamis. ""Kedua tersangka saat ditahan sedang melakukan paniisan, atau berharap mendapatkan pertolongan dari hal-hal gaib yang dilakukan di salah satu tempat pemakaman di Ciamis. Jadi waktu ditangkap kondisinya kedua tersangka ini sedang melakukan paniisan,"" bebernya. Sejumlah barang bukti turut diamankan dalam kejadian itu. Di antaranya 1 buah mobil, 1 potongan lakban warna coklat dan hitam, 1 bed cover warna biru dipakai untuk bekap korban, tali jemuran merah untuk mencekik leher korban, 1 setel baju, 1 dus ponsel dan ponselnya. ""Kepada para pelaku disangkakan Pasal 365 ayat 4 KUHP yaitu pencurian dengan kekerasan yang mengakibatkan kematian dan Pasal 340 KUHP pembunuhan berencana,"" pungkasnya. Artikel ini telah tayang di detikNews",PENCURIAN
"Dalih Rampok Berkapak Terpengaruh Sabu Saat Perkosa Pemilik Rumah Riki Rikardo alias Denis, perampok rumah yang sempat-sempatnya melakukan aksi bejat, beralasan terpengaruh sabu. Riki memerkosa Y (36), pemilik rumah, saat merampok. Polisi menyebutkan Riki menggunakan sabu terlebih dahulu sebelum melakukan perampokan di rumah korban di Pancoran Mas, Depok . Tes urinenya pun hasilnya positif. ""Berdasarkan hasil pendalaman kami, setelah pelaku ditangkap, kami mendapatkan informasi bahwa si pelaku ketika melakukan aksinya pada saat itu dalam keadaan terpengaruh karena selesai mengkonsumsi narkoba jenis sabu,"" kata Dirreskrimum Polda Metro Jaya Kombes Wira Satya Triputra kepada wartawan, Senin (24/3/2025). SCROLL TO CONTINUE WITH CONTENT ""Jadi ketika masuk rumah tersebut dalam keadaan masih seperti orang mabuk karena selesai mengkonsumsi sabu dan setelah dilakukan pengecekan pada saat setelah ditangkap terhadap tersangka setelah di tes urine dinyatakan positif,"" jelas Wira. Riki diketahui sudah ditangkap polisi saat hendak menjual sabu. Riki juga disebut seorang pengangguran dan juga residivis. ""Tersangka RR pekerjaannya adalah pengangguran sambil berprofesi sebagai kurir dan pedagang narkoba,"" kata Kabid Humas Polda Metro Jaya Kombes Ade Ary Syam Indradi kepada wartawan, Rabu (19/3). "" Handphone hasil kejahatannya itu dijual kepada rekannya satu kos-kosan, yaitu tersangka HHP, dijual seharga Rp 700 ribu,"" kata Kabid Humas Polda Metro Jaya Kombes Ade Ary Syam Indradi kepada wartawan, Kamis (20/3). Ade Ary mengatakan duit hasil penjualan tersebut digunakan pelaku untuk membeli narkotika jenis sabu. Adapun Riki diketahui merupakan seorang pengangguran dan residivis kasus pemerkosaan pada 2016. ""Kemudian uang Rp 700 ribu itu dipakai apa, dipakai untuk membeli narkoba, yaitu narkotika jenis sabu atau metamfetamin. Lalu kami sampaikan bahwa tersangka RR ini adalah seorang residivis yang di tahun 2016 juga telah melakukan tindak pidana serupa yaitu pemerkosaan dan telah divonis di tahun 2016,"" jelasnya. Riki Rikardo ditangkap saat hendak menjual sabu di Kampung Pitara, Pancoran Mas, Kota Depok. Selain Riki, polisi meringkus pria bernama Habib Hendra Pratama sebagai penadah barang curian. ""Korban tinggal sendiri, usia 36 tahun. Anaknya diberikan ke keluarganya, informasi dari penyidik,"" jelas Kabid Humas Polda Metro Jaya Kombes Ade Ary Syam Indradi kepada wartawan, Rabu (19/3). Ade Ary menjelaskan, kondisi korban pun sudah diketahui oleh pelaku RR, yang kini sudah ditangkap oleh jajaran Polres Metro Depok dan Subdit Resmob Ditreskrimum Polda Metro Jaya. Dia mengatakan, atas dasar pengetahuan tersebut, pelaku berani melakukan aksinya. ""Jadi, saat kejadian, saya yakin pelaku memahami secara pasti lokasi dan profil korban, sehingga dia berani melakukan aksi sendirian,"" kata Ade Ary. Dia menjelaskan, saat ini korban sudah dalam kondisi aman. Korban sudah divisum. Ade Ary menerangkan perampokan dan pemerkosaan ini terjadi pada Sabtu (15/3) dini hari. Dia menjelaskan, sebelum korban masuk ke rumah, pelaku sudah lebih dulu berada di kamar korban. Dia mengatakan pelaku masuk ke rumah korban melalui jendela. ""Kemudian (pelaku) menarik selimut korban, kemudian mengancam korban dengan kapak untuk membuka celana dan baju, bajunya korban,"" ucap Ade Ary. ""Kemudian korban juga diancam oleh pelaku, apabila korban berteriak, korban akan dibunuh oleh pelaku. Kemudian, setelah itu, pelaku melakukan pemerkosaan terhadap korban,"" terangnya. Lihat juga Video 'Heboh Perampokan saat Macet di Tol Jakut, Korban Dibacok di Punggung':",PEMBACOKAN
"Akhir Pelarian Duo Pembunuh Sopir Taksi Online di 'Makam Keramat' Kasus perampokan yang menewaskan driver taksi online Ujang Adiwijaya (57) di di Tol Jagorawi terungkap. Dua pelaku kini sudah diringkus polisi. Adapun jasad korban ditemukan pada hari Senin (10/11) sore. Setelah ditemukan, mayat korban langsung dibawa ke Rumah Sakit Polri Kramat Jati untuk diautopsi. Saat diselidiki, mobil hingga harta benda korban hilang dibawa pelaku. Berdasarkan hasil autopsi, dia mengatakan, ditemukan tindak pidana dalam penemuan mayat itu SCROLL TO CONTINUE WITH CONTENT ""Berdasarkan keterangan yang diperoleh, yang bersangkutan diketahui terakhir mengendarai kendaraan roda empat. Yang bersangkutan juga sebagai pengemudi taksi daring juga memiliki harta benda, yang saat kita temukan di lapangan barang-barang tersebut tidak ada,"" kata Kasat Reskrim Polres Bogor AKP Anggi Eko Prasetyo, Rabu (12/11). ""Kemungkinan barang-barang tersebut diambil oleh terduga pelaku. Pelaku saat ini kita sedang melakukan penyelidikan untuk dilakukan pengejaran,"" tambahnya. Lalu, Kapolres Bogor AKBP Wikha Ardilestanto mengatakan tersangka RS mengajak AH untuk melakukan perampokan. Jadi, kejadian itu sudah direncanakan sebelumnya. ""Dari keterangan sementara pelaku diperoleh bahwa tersangka inisial RS dan AH. RS mengajak AH untuk merampok sopir taksi online. Jadi memang sudah ada niatan awal. Kemudian dari pendalaman karena desakan ekonomi,"" kata Wikha, Kamis (13/11/2025). Berikut lima hal terkait kasus perampokan ini: Kedua pelaku ditetapkan sebagai tersangka usai ditangkap. Kedua pelaku dijerat dengan pasal berlapis, termasuk pembunuhan. ""Kepada para pelaku disangkakan Pasal 365 ayat 4 KUHP yaitu pencurian dengan kekerasan yang mengakibatkan kematian dan Pasal 340 KUHP pembunuhan berencana,"" kata Kapolres Bogor AKBP Wikha Ardilestanto, Kamis (13/11/2025). Akibat perbuatannya itu, kedua tersangka terancam hukuman mati. Kedua tersangka sendiri ditangkap pada Rabu (12/11) kemarin, di Ciamis. ""Dengan ancaman hukuman pidana mati atau penjara seumur hidup atau paling lama 20 tahun,"" jelasnya. Kedua pelaku juga dihadirkan dalam konferensi pers. Mereka terlihat mengenakan baju tahanan berwarna oranye. Polisi menjelaskan modus operandi RS dan AH merampok pengemudi taksi online bernama Ujang Adiwijaya (57) yang mayatnya ditemukan di pinggir Tol Jagorawi, Bogor. Mulanya, keduanya memesan taksi online. Kapolres Bogor AKBP Wikha Ardilestanto mengatakan kemudian setelah masuk ke mobil, keduanya langsung menjerat leher korban dari belakang. Mereka juga memukul kepala korbannya. ""Jadi mereka melakukan pemesanan taksi online dan ketika mereka masuk mobil langsung mereka menjerat leher korban dengan tapi jemuran dari belakang dan memukul kepala korban,"" kata Wikha, Kamis (13/11/2025). Setelah korban tak sadarkan diri, tersangka RS mengambil alih kemudi mobil korban. Mereka sempat berputar-putar sambil memastikan korban meninggal dunia. ""Setelah memastikan korban meninggal dunia, mereka sempat berhenti di counter HP untuk menjual HP korban untuk mengisi bensin, isi e-toll, dan sebagainya,"" bebernya. Kemudian mereka kembali berkeliling guna memastikan korban meninggal dunia. Keduanya lalu mengikat tangan dan kaki korban dan membuangnya di Tol Jagorawi. ""Kemudian setelah memastikan, di area Tol Jagorawi pelaku melambangkan tangan dan kaki korban, dan meninggalkan jenazah korban di pinggir tol Km 30+800,"" imbuhnya. Kedua tersangka, RS dan AH, ditangkap saat sedang bersembunyi ketika melakukan 'paniisan' di 'makam keramat'. Kapolres Bogor AKBP Wikha Ardilestanto menjelaskan paniisan yang dimaksud merupakan ritual di pemakaman di Ciamis, Jawa Barat, yang dianggap tempat keramat, bermaksud meminta pertolongan gaib. ""Sebagai informasi, kedua tersangka saat ditahan sedang melakukan paniisan, atau berharap mendapatkan pertolongan dari hal-hal gaib yang dilakukan di salah satu tempat pemakaman di Ciamis,"" kata Wikha, dalam konferensi pers di Mapolres Bogor, Kamis (13/11/2025). Terpisah, Kasat Reskrim Polres Bogor AKP Anggi Eko Prasetyo menjelaskan keduanya ditangkap saat berada di saung. Mereka mendatangi salah satu makam yang dianggap keramat untuk semedi. ""Terkait penangkapan, itu tertangkap kedua pelaku tersebut sedang di salah satu makam yang dianggap keramat di saung sedang beristirahat atau tirakatan di sana. Berbicara keyakinan karena memang posisinya tertangkap di situ mungkin itu yang mereka yakini,"" beber Eko. RS dan AH berencana kabur usai membunuh Ujang Adiwijaya (57), yang mayatnya dibuang di Tol Jagorawi, Bogor. Mereka hendak kabur menggunakan mobil korban yang dirampok. Kapolres Bogor AKBP Wikha Ardilestanto menyebut tersangka sempat mengalami kendala. Yaitu mobil yang dirampoknya itu mogok. ""Mobil yang mampu diambil alih dari korban itu mogok di dekat Gerbang Tol (GT) Sentul Utara,"" kata Wikha, Kamis (13/11/2025). Kedua tersangka kemudian memanggil mobil towing untuk membawa mobil hasil rampokannya itu. Kemudian mereka membawa mobilnya ke salah satu bengkel di wilayah Citeureup. ""Kedua pelaku ini memanggil mobil towing dan membawa ke salah satu bengkel yang ada di Citeureup. Alhamdulillah mobilnya pun sudah ditemukan,"" tuturnya. Mobil tersebut kemudian diamankan untuk menjadi barang bukti. Setelah dicocokkan nomor seri dan lain-lainnya, mobil dapat dipastikan milik korban. ""Setelah menaruh mobilnya di bengkel tersebut, kedua pelaku melarikan diri ke Ciamis sampai akhirnya dapat tertangkap,"" bebernya. Perampok RS dan AH, membunuh korban sebelum membuangnya di Tol Jagorawi, Bogor. Keduanya juga sempat berkeliling sebelum membuang korban. ""Tersangka RS kemudian mengambil alih kemudi. Sempat berputar-putar ke beberapa lokasi untuk memastikan bahwa korban sudah meninggal dunia atau belum,"" kata Kapolres Bogor AKBP Wikha Ardilestanto, Kamis (13/11/2025). Kedua tersangka juga sempat berhenti di konter elektronik untuk menjual ponsel korban. ""Setelah memastikan korban meninggal dunia, mereka sempat berhenti di konter HP untuk menjual HP korban untuk mengisi bensin, isi e-toll, dan sebagainya,"" bebernya. ""Kemudian mereka kembali berkeliling sambil memastikan korban meninggal dunia. Kemudian setelah memastikan, di area Tol Jagorawi pelaku melambangkan tangan dan kaki korban, dan meninggalkan jenazah korban di pinggir tol Km 30+800,"" bebernya. Terpisah, Kasat Reskrim Polres Bogor AKP Anggi Eko Prasetyo menyebut pelaku memesan taksi dari wilayah Kota Depok. Kemudian di tengah perjalanan, korban dihabisi. ""Di perjalanan kemudian dilakukan perbuatan berupa pencekikan dari belakang menggunakan tali. Tujuannya membuat korban lemas,"" tutur Eko. Diketahui, kedua tersangka sendiri ditangkap pada Rabu (12/11) kemarin. Keduanya ditangkap saat melarikan diri ke wilayah Ciamis. Lihat Video 'Fakta Penemuan Mayat dengan Tangan-Kaki Terikat di Tol Jagorawi': [Gambas:Video 20detik]",PENCURIAN
"Dosa Berlipat Perampok Bejat yang Perkosa Wanita Depok Aksi perampokan terjadi di sebuah rumah di kawasan Pancoran Mas, Kota Depok, Jawa Barat (Jabar) . Pelaku juga memerkosa wanita Y (36), yang merupakan pemilik rumah. Dosa perampok itu berlipat karena duit hasil merampok untuk membeli sabu. Kasubdit Resmob Ditreskrimum Polda Metro Jaya AKBP Ressa Fiardy Marasabessy mengatakan peristiwa tersebut terjadi pada Sabtu (15/3/2025) dini hari. Pelaku saat itu menarik selimut yang digunakan korban. ""Di saat korban sedang tidur, korban kaget setelah mengetahui dan melihat pelaku yang sudah berada di dalam kamar menarik selimut yang digunakan korban,"" kata Ressa saat dihubungi, Selasa (18/3). SCROLL TO CONTINUE WITH CONTENT Saat itu pelaku mengancam korban dengan kapak yang dibawanya. Pelaku lalu memerkosa korban di rumahnya tersebut. ""Pelaku saat itu membawa kapak, lalu mengancam korban menggunakan kapak agar membuka celana dan bajunya, dan sempat diancam akan dibunuh jika korban berteriak. Setelah korban menuruti perintah pelaku, kemudian pelaku melakukan pemerkosaan terhadap korban,"" jelasnya. Ressa menambahkan, setelah melakukan aksinya tersebut, pelaku mengambil ponsel korban. Korban saat itu diminta masuk ke dalam kamar mandi, sementara pelaku melarikan diri. ""Setelah pelaku selesai melakukan aksinya kemudian pelaku menyuruh korban untuk masuk kamar mandi, dan sementara pelaku kabur keluar. Setelah korban keluar kamar mandi, pelaku sudah tidak ada, namun pintu dapur samping sudah terbuka, serta jendela sebelah kiri rumah terbuka,"" tuturnya. Apa saja dosa pelaku? Baca halaman selanjutnya. ""Korban tinggal sendiri, usia 36 tahun. Anaknya diberikan ke keluarganya, informasi dari penyidik,"" jelas Kabid Humas Polda Metro Jaya Kombes Ade Ary Syam Indradi kepada wartawan, Rabu (19/3/2025). Ade Ary menjelaskan kondisi korban pun sudah diketahui oleh pelaku RR, yang kini sudah ditangkap oleh jajaran Polres Metro Depok dan Subdit Resmob Ditreskrimum Polda Metro Jaya. Dia mengatakan, atas dasar pengetahuan tersebut, pelaku berani melakukan aksinya. ""Jadi, saat kejadian, saya yakin pelaku memahami secara pasti lokasi dan profil korban, sehingga dia berani melakukan aksi sendirian,"" kata Ade Ary. Dia menjelaskan saat ini korban sudah dalam kondisi aman. Korban sudah divisum. Ade Ary menerangkan perampokan dan pemerkosaan ini terjadi pada Sabtu (15/3) dini hari. Dia menjelaskan, sebelum korban masuk ke rumah, pelaku sudah lebih dulu berada di kamar korban. Dia mengatakan pelaku masuk ke dalam rumah korban melalui jendela. ""Kemudian (pelaku) menarik selimut korban, kemudian mengancam korban dengan kapak untuk membuka celana dan baju, bajunya korban,"" ucap Ade Ary. ""Kemudian korban juga diancam oleh pelaku, apabila korban berteriak, korban akan dibunuh oleh pelaku. Kemudian, setelah itu, pelaku melakukan pemerkosaan terhadap korban,"" terangnya. ""Dalam waktu tiga hari atau tepatnya hari Selasa, kedua tersangka bisa diamankan. Yang melakukan adalah Tersangka RR. Handphone hasil kejahatannya itu dijual kepada rekannya satu kos-kosan, yaitu Tersangka HHP ya,"" kata Ade Ary. Ade Ary menjelaskan tersangka RR menjual HP kepada tersangka HHP seharga Rp 700 ribu. ""(Uang hasil menjual barang curian) dipakai untuk membeli narkoba ya, yaitu narkotika jenis sabu,"" jelas Ade Ary. Polisi mengungkap RR merupakan seorang residivis. RR merupakan seorang residivis dalam kasus serupa, yakni pemerkosaan. Akibat perbuatannya, RR dijerat pasal berlapis. RR dijerat Pasal 285 KUHP tentang pemerkosaan. RR pun diancam dengan hukuman maksimal 12 tahun penjara dengan pasal ini. Kemudian, RR juga dijerat pasal pencurian. ""Kami jerat dengan Pasal 365 KUHP dengan ancaman pidana penjara maksimal 9 tahun,"" katanya. ""Handphone hasil kejahatannya itu dijual kepada rekannya satu kos-kosan, yaitu tersangka HHP, dijual seharga Rp 700 ribu,"" kata Ade Ary. Ade Ary mengatakan duit hasil penjualan tersebut digunakan pelaku untuk membeli narkotika jenis sabu. Adapun Riki diketahui merupakan seorang pengangguran dan residivis kasus pemerkosaan pada 2016. ""Kemudian uang Rp 700 ribu itu dipakai apa, dipakai untuk membeli narkoba, yaitu narkotika jenis sabu atau metamfetamin. Lalu kami sampaikan bahwa tersangka RR ini adalah seorang residivis yang di tahun 2016 juga telah melakukan tindak pidana serupa yaitu pemerkosaan dan telah divonis di tahun 2016,"" jelasnya. Riki Rikardo ditangkap saat hendak menjual sabu di Kampung Pitara, Pancoran Mas, Kota Depok. Selain Riki, polisi meringkus pria bernama Habib Hendra Pratama sebagai penadah barang curian. Saat ini keduanya sudah ditetapkan sebagai tersangka. Riki si rampok bejat dijerat dengan Pasal 365 KUHP tentang pencurian dengan kekerasan dan atau Pasal 285 KUHP tentang Pemerkosaan. ""Dengan ancaman pidana maksimal penjara 12 tahun,"" tuturnya. [Gambas:Video 20detik]",PENCURIAN
"Minimarket di Depok Disatroni Komplotan Rampok, Puluhan Juta Raib Komplotan perampok beraksi di wilayah Jakarta Timur (Jaktim), Depok, dan Bekasi. Para pelaku menodongkan pegawai minimarket menggunakan senjata api (senpi). Dinarasikan, aksi perampokan terjadi di Cimanggis, Depok, pada Senin (18/5) malam lalu. Kasat Reskrim Polres Metro Depok AKBP Made Gede Oka Utama mengatakan pelaku berjumlah empat orang. ""Kita sudah mengidentifikasi, yang masuk ke dalam minimarket itu sekitar dua orang, dan di luar ada sekitar dua orang yang menunggu,"" ujar AKBP Made kepada wartawan di Polres Metro Depok , Senin (25/5). SCROLL TO CONTINUE WITH CONTENT Dia menjelaskan ada dua pelaku masuk ke minimarket, sedangkan dua pelaku lain menunggu di luar. Kedua pelaku mengancam pegawai minimarket. ""Tidak ada (pegawai yang terluka) ya. Tidak ada, tapi mengalami pengancaman dan masuk ke dalam tindak pidana pencurian dengan kekerasan,"" tambahnya. Made mengatakan pelaku menodong menggunakan senpi dan senjata tajam (sajam). Pelaku menggasak Rp 36 juta dari brankas minimarket. ""(Ditodong pakai) Senjata tajam. Dan kita duga juga salah satu pelaku membawa senpi. Kerugiannya sudah kita dapatkan dari hasil laporan dari korban, senilai uang tunai Rp 36 juta dari brankas minimarket,"" jelasnya. Saat ini kasus tersebut masih diselidiki Polres Metro Depok dengan koordinasi bersama Polres Metro Jakarta Timur guna mengejar pelaku. Koordinasi dilakukan karena diduga komplotan perampok di Depok sama dengan pelaku perampokan minimarket di Duren Sawit, Jaktim. ""Kami melihat yang di sana, kita juga berkoordinasi dengan Polres Jakarta Timur, apakah ada kesamaan (terkait kasus tersebut. Kami masih berkoordinasi untuk hal tersebut,"" ucapnya. ""Untuk kejadian yang ada di minimarket wilayah Cimanggis, masih kita dalam pengejaran, mohon doanya agar segera terungkap,"" tutupnya. Lihat juga Video .Kelilit Utang, Pria di Mojokerto Rampok Konter HP Modal Pistol Mainan': [Gambas:Video 20detik]",PENCURIAN
"Ammar Zoni Umbar Cerita Kelam Kehidupannya Sebelum Jadi Artis Aktor Ammar Zoni menangis saat membacakan nota pembelaan (pledoi) dalam sidang kasus peredaran narkoba di Rutan Salemba yang digelar di Pengadilan Negeri Jakarta Pusat, Kamis (2/4/2026). Ammar sebelumnya dituntut 9 tahun penjara. Di awal pembacaan pledoi, Ammar menyampaikan rasa terima kasih kepada keluarga, orang terdekat, hingga media yang telah mengikuti jalannya persidangan. Ia menegaskan tidak akan mengulang pembelaan dari tim kuasa hukum. ""Pada kesempatan hari ini, saya tidak akan mengulang apa yang sudah disampaikan oleh kuasa hukum saya terkait nota pembelaan berdasarkan fakta-fakta persidangan dengan analisis yuridis mendalam serta argumentasi hukum,"" kata Ammar di Pengadilan Negeri Jakarta Pusat pada Kamis (2/4/2026). SCROLL TO CONTINUE WITH CONTENT ""Izinkan saya menyampaikan sesuatu yang belum pernah saya kemukakan kepada khalayak umum tentang diri saya. Sesuatu yang selalu saya simpan dan takut untuk menceritakan tentang rahasia diri ini. Maka di kesempatan pledoi ini, saya memberanikan diri untuk menyampaikan tanpa dilebihkan atau dikurangi,"" ungkapnya. Ia berharap kejujuran tersebut dapat menjadi pertimbangan majelis hakim. Ammar berharap Majelis Hakim memberikan keputusan untuk nasibnya tentu lebih ringan dari tuntutan JPU. Ammar menceritakan latar belakang keluarganya. Ia lahir dari keluarga dengan latar Minang dan Sunda. Cara didik keluarganya, Ammar sebut sangat disiplin. ""Saya lahir dari dua keluarga besar Minang dan Sunda, yang notabene adalah tentara. Ayah saya memberi nama saya Muhammad Ammar Akbar dengan harapan kelak melakukan perbuatan yang besar,"" tuturnya. ""Mama saya Sri Mulyatini adalah guru TK Islam Al-Muhajirin Depok,"" katanya. Masa kecilnya disebut cukup harmonis dan jauh dari hal negatif. Keluarganya adalah kalangan berada. ""Saya tumbuh dari keluarga berkecukupan dan taat beragama serta jauh dari tindak kriminal apalagi narkoba. Kehidupan masa kecil saya cukup harmonis dan menyenangkan,"" ujarnya. Namun, kebahagiaan itu gak lama. Ammar kehilangan adik perempuannya saat masih kecil dan ibunda divonis sakit kanker. ""Saat saya umur 7 tahun terkena DBD stadium tiga. Adik saya Shifa yang sehat juga terkena DBD. Hanya dalam waktu 3 hari adik saya tidak terselamatkan,"" ungkapnya. ""Mama divonis oleh dokter leukemia atau kanker darah putih stadium akhir, di saat sedang hamil adik saya Panji,"" katanya. Ammar mengaku menyesali sikapnya sebelum ibunda meninggal. Dia pun ingat kata terakhir ibundanya sebelum meninggal. ""Saya masih nakal, suka ngebantah kalau dibilangin. Sampai kata-kata terakhir yang saya ingat, 'Kalau kamu jagain mama di sini terus siapa yang jagain adik-adik kamu di rumah?'"" kenang Ammar Zoni soal ucapan terakhir ibunda. ""Tiba-tiba mama pulang dengan pakaian hijau putih terlihat sehat.... Kemudian mama memeluk kami bertiga. Setelah itu saya dibangunkan dan diberi tahu mama sudah meninggal,"" ujarnya. Sejak kepergian ibunda, hidup Ammar berubah 180 derajat. Ia memilih tetap di Jakarta dan menjalani masa remaja yang kelam. ""Saya menjadi anak yang bandel, susah diatur, sering bolos sekolah, sering berantem, gak pernah salat,"" akunya. ""Saya nongkrong bersama anak punk, ngamen di stasiun, markirin di jalan, tidur di jalanan, kenal minum-minuman, kenal obat-obatan, sering tawuran,"" sambung Ammar Zoni. Ia mengaku pernah pindah sekolah hingga 15 kali karena sering dikeluarkan. Hal itu akibat kenakalannya. Itu terjadi saat dirinya duduk di bangku SMP hingga SMA. Alhasil keluarga memilih untuk mengirim Ammar Zoni ke kampungnya yang berada di Sumatera Barat. ""Saya dikirim ke Muara Labuh, Solok Selatan, tinggal bersama kakek dan nenek. Saya di sana bantu kakek urus sawah dan ladang serta belajar silat,"" ceritanya. ""Saya belajar silat dan agama di surau. Selama 3 tahun saya berhasil menjadi atlet pencak silat dan mendapat medali perunggu Porprov Sumbar 2011 serta tingkat internasional 2016,"" ungkap Ammar Zoni. ""Silat pula yang membawa saya melihat dunia sampai ke Hong Kong, Singapura, Malaysia, Brunei, dan membawa saya ke industri hiburan Tanah Air,"" tutup Ammar Zoni.",TAWURAN
"Aksi Begal Payudara 2 Kali Terjadi Dalam Sehari di Depok, Satu Korban Nenek Usia 50 Tahun Depok – Aksi begal payudara kembali terjadi di Kota Depok. Kali ini dua kejadian terjadi dalam sehari. Peristiwa pertama terjadi di sebuah bengkel di Jalan Putri Tunggal, Harjamukti, Cimanggis, Depok. Paur Humas Polres Metro Depok, Iptu Made Budi mengatakan korban adalah ibu rumah tangga. Saat kejadian, korban sedang memasak. “Tiba -tiba didatangi teriak ketakutan karena didatangi orang tidak dikenal dengan pakaian kotor,” katanya, Selasa, 20 Februari 2024. ADVERTISEMENT GULIR UNTUK LANJUT BACA Made Budi mengatakan, korban menceritakan kepada suaminya bahwa payudaranya diremas oleh orang tersebut. Suami korban langsung mengejar pelaku dan menyerahkan ke pengurus lingkungan. Namun ternyata pelaku adalah orang dengan gangguan jiwa (ODGJ). Korban sudah diminta untuk membuat laporan namun tidak mau.  Ilustrasi kasus begal payudara Photo : Zahrul Darmawan (Depok) “Pelaku kabur dan dikejar oleh suaminya. Ditangkap dan diserahkan ke RT. Korban diarahkan membuat laporan ke polsek namun tidak mau. Kemudian pelaku dilepaskan oleh RT karena pelakunya mengalami gangguan jiwa,” ujarnya. Peristiwa kedua terjadi di terowongan Tol Desari, Kecamatan Pancoran Mas. Kejadian menimpa Iin (50) yang melintas seorang diri pada Senin, 19 Februari 2024 malam pukul 19.30 WIB. Saat itu korban hendak pulang ke rumahnya setelah membeli makanan. Erna (32) cucu korban mengatakan saat itu neneknya pulang seorang diri. Dia sudah menawari untuk mengantar namun korban menolak. “Malam kemarin jam 19.30 nenek mau pulang karena mau nyalain lampu dan mau kasih makanan ke suaminya, kebetulan dia abis beli makanan. Kita udah nawarin buat anter tapi nenek nggak mau karena dia pikir dia udah biasa bolak-balik,” katanya. Dia mengaku sempat khawatir karena warung yang biasa jualan di dekat terowongan sedang tidak jualan. Selain itu penerangan juga tidak ada di terowongan. ADVERTISEMENT GULIR UNTUK LANJUT BACA “Kita nawarin mau anter karena posisi warung nasi uduk sama warung seblak yang biasa jualan itu lagi tutup semua. Dan posisi lampu jalan pinggir tol itu mati semua, sampai ke terowongan pun mati,” ujarnya. Ketika sedang jalan, korban melihat ada orang sedang duduk dekat pohon. Baru setengah perjalanan, tiba-tiba payudara korban diremas pelaku.",BEGAL
"Lawan Pelaku Begal, Ramadhan Kena Sabetan Celurit dan Kritis Depok – Aksi begal terjadi di Depok, Jawa Barat, tepatnya di Jalan Palakali, Kelurahan Kukusan, Kecamatan Beji. Korbannya adalah pengendara motor. Korban saat ini mengalami kritis di rumah sakit. Pembegalan itu terjadi dinihari tadi sekitar pukul 03.30 WIB. Korban bernama Ramadhan (41). ADVERTISEMENT GULIR UNTUK LANJUT BACA Paur Humas Polres Metro Depok, Iptu Made Budi mengatakan, saat itu korban sedang melintas menggunakan motornya. Tiba-tiba korban dihentikan oleh orang tak dikenal. “Ada 3 orang berboncengan menghentikan korban. Kemudian langsung meminta HP korban,” katanya, Rabu 4 Oktober 2023. Korban sempat melakukan perlawanan setelah HP diambil pelaku . Korban memukul pelaku dari belakang. Kesal karena dilawan, pelaku kemudian melukai korban dengan senjata tajam. “Pelaku menyerang korban dengan celurit ,” ungkapnya. Korban terluka di sejumlah bagian. Antara lain di wajah, lengan dan punggung. Beruntung ada warga yang melihat dan langsung membawa korban ke rumah sakit terdekat. “Korban luka di pipi sobek sebelah kanan, lengan sebelah kanan dan kiri luka sobek. Kemudian di punggung luka sobek,” ungkapnya. Pelaku berhasil menggondol dua HP milik korban. Polisi masih mendalami kasus tersebut. “Barang korban yang ambil oleh pelaku dua unit handphone,” katanya. ADVERTISEMENT GULIR UNTUK LANJUT BACA Saat ini korban masih dirawat intensif di RS. Sejumlah saksi sudah diminta keterangan terkait kasus ini.",BEGAL
"Kriminal kemarin, tawuran warga hingga polisi buru pelaku begal Jakarta (ANTARA) - Sejumlah peristiwa hukum dan kriminal terjadi di wilayah hukum Polda Metro Jaya pada Kamis (27/6) mulai dari tawuran warga kembali terjadi di kawasan Bassura, Jatinegara hingga polisi masih memburu pelaku begal di kawasan Duren Sawit, Jakarta Timur. Berikut rangkuman beritanya: 1. Tawuran warga kembali terjadi di kawasan Bassura Jakarta Timur Jakarta (ANTARA) - Tawuran antar warga RW 01 dan RW 02 kembali terjadi di Jalan Basuki Rahmat (Bassura) Kelurahan Cipinang Besar Utara, Kecamatan Jatinegara, Jakarta Timur, Kamis pagi. Baca selengkapnya di sini 2. Ribuan personel amankan aksi di Kawasan Patung Kuda dan Kemenkeu Jakarta (ANTARA) - Kepolisian mengerahkan sebanyak 1.872 personel gabungan guna mengamankan unjuk rasa beberapa elemen masyarakat di Kawasan Patung Kuda, Jakarta Pusat dan Kementerian Keuangan (Kemenkeu), Sawah Besar. Baca selengkapnya di sini 3. Polisi buru pelaku begal di Malaka Jaya Jakarta (ANTARA) - Tim gabungan Polda Metro Jaya, Polres Metro Jakarta Timur, dan Polsek Duren Sawit melakukan perburuan terhadap pelaku pembegalan terhadap korban berinisial IM (31) di Malaka Jaya, Duren Sawit, Jakarta Timur, Senin (24/6). Baca selengkapnya di sini 4. Polda Metro Jaya ungkap kasus penipuan modus like video di YouTube Jakarta (ANTARA) - Direktorat Reserse Kriminal Khusus Polda Metro Jaya mengungkap kasus penipuan dengan modus mengklik 'like' video yang ada di Youtube hingga kerugian mencapai ratusan juta rupiah. Baca selengkapnya di sini 5. Tewasnya mahasiswa UI Akseyna, Polisi: Kasusnya tidak pernah ditutup Jakarta (ANTARA) - Kapolres Metro Depok Kombes Pol Arya Perdana menyebutkan kasus kematian mahasiswa Universitas Indonesia, Akseyna Ahad Dori yang terjadi pada 28 Maret 2015 tidak pernah ditutup. Baca selengkapnya di sini Pewarta: Syaiful Hakim Editor: Hisar Sitanggang Copyright © ANTARA 2024 Dilarang keras mengambil konten, melakukan crawling atau pengindeksan otomatis untuk AI di situs web ini tanpa izin tertulis dari Kantor Berita ANTARA. Kirim Komentar menjadi tanggung-jawab Anda sesuai UU ITE.",BEGAL
"Demi Bayar Pinjol, Wanita di Depok Rela Jual Motor dan Ngaku Dibegal, Endingnya Bikin Nyesek! Kota Depok, VIVA – Drama penuh tipu-tipu terjadi di Depok. Seorang perempuan muda bernama Tasya Khairani (21) nekat mengarang cerita menjadi korban begal di kawasan Beji. Usut punya usut, aksi nekat itu dilakukan demi menutupi utang pinjaman online ( pinjol ). Awalnya, Tasya melapor ke Polres Metro Kota Depok pada Senin, 15 September 2025. Ia mengaku motor kesayangannya raib dirampas begal. Laporan itu bahkan sempat ia sebarkan ke media sosial hingga bikin heboh warganet. ADVERTISEMENT GULIR UNTUK LANJUT BACA Namun, kebohongan itu tak bertahan lama. Polisi menemukan fakta mengejutkan. Ternyata, motor yang diklaim hilang justru dijual Tasya ke tetangganya sendiri dengan harga Rp13 juta. ""Ternyata motor tersebut tidak hilang, melainkan dijual kepada tetangganya,"" ujar Kepala Seksi Hubungan Masyarakat Polres Metro Kota Depok, Ajun Komisaris Polisi Made Budi, Kamis, 18 September 2025. Dalam pemeriksaan, Tasya akhirnya mengaku menjual motor tersebut karena terdesak membayar utang pinjol. Sayangnya, ulah Tasya justru berbuah petaka. Gara-gara laporan palsu dan berita bohong yang sempat viral, ia kini ditetapkan sebagai tersangka. Polisi menjeratnya dengan Pasal 220 KUHP tentang laporan palsu. ""Uang hasil penjualan motor itu digunakan untuk melunasi hutang pinjaman online,"" ujar Made.",BEGAL
"Kabaharkam: HUT ke-72 Sabhara momentum hidupkan Patroli Presisi Jakarta (ANTARA) - Kepala Badan Pemelihara Keamanan (Kabaharkam) Polri Komjen Pol. Fadil Imran mengatakan HUT ke-72 Korsabhara Baharkam Polri menjadi momentum untuk menghidupkan kembali Sabhara Perintis, sosok yang dekat dengan masyarakat memberikan perlindungan dan melaksanakan patroli. ""Samapta Sabhara Polri lahir 72 tahun lalu. Momentum peringatan hari lahir untuk kembalikan Sabhara Perintis yang sosoknya sangat dekat dalam memberikan perlindungan, pertolongan kepada masyarakat, khususnya pelaksanaan patroli,"" kata Fadil usai apel peringatan HUT ke-72 Sabhara di Mako Sabhara, Depok, Jawa Barat, Kamis. Jenderal polisi bintang tiga menjelaskan HUT-72 patroli Presisi diperkuat baik patroli menggunakan roda dua, patroli roda empat, patroli bersepeda dan patroli jalan kaki. Mantan Kapolda Metro Jaya itu menyebut pihaknya terus menggodok patroli Patroli Presisi, terlebih Korsabhara sudah memiliki markas komando (mako) sendiri. ""Momentum HUT Sabhara Polri akan kami jadikan sebagai titik awal kembali menghidupkan, memperkuat, memodernisasi mendigitalisasi patroli, Itu sudah saya contohkan di Makasar,"" katanya. Dia mencontohkan Shelter Patroli Perintis Presisi Ditsamapta Polda Sulawesi Selatan (Sulsel). Shelter Patroli ini untuk mengantisipasi tindakan kejahatan serta mencegah tindak kriminalitas, seperti mengantisipasi balap liar, begal dan kejahatan jalanan. Shelter Patroli Presisi ini dilengkapi berbagai fasilitas seperti ruang checklist peralatan, ruang penyelesaian permasalahan, ruang pemeriksaan kesehatan, ruang CCTV, ruang rapat, ruang polwan, serta ruang pemeriksaan kendaraan. ""Rencana ke depan tidak ada lagi patroli yang diparkir di polsek, yang kemudian manajemen patrolinya, perawatannya, kemudian operasionalnya tidak maksimal,"" ujar Fadil Selain itu, kata Fadil, Baharkam Polri akan membuat shelter patroli, diharapkan pelaksanaan patroli Sabhara dimulai dari shelter patroli. ""Sehingga semua mobil patroli, berangkat patroli, kembali patroli, dari sebuah pool patroli, di sana manajemen patroli akan dikuatkan, perlengkapan-perlengkapan akan dioptimalkan, kemudian kontrol lapangan juga akan dioptimalkan,"" katanya menerangkan. Fadil juga mengatakan akan menguatkan fungsi Sabhara dalam pengamanan objek vital melalui program unggulan. ""Ada program unggulan bagaimana mengamankan objek vital dengan sistem manajemen pengamanan,"" katanya. Penguatan fungsi tugas juga dilakukan pada Polisi Satwa yang selama ini digunakan saat melakukan pelacakan tindak pidana, ke depan dihadirkan dalam setiap patroli bersama. ""Termasuk kegiatan masyarakat kami hadirkan seperti acara car free day, pasukan berkuda juga kami hadirkan,"" kata Fadil. Pewarta: Laily Rahmawaty Editor: Agus Setiawan Copyright © ANTARA 2024 Dilarang keras mengambil konten, melakukan crawling atau pengindeksan otomatis untuk AI di situs web ini tanpa izin tertulis dari Kantor Berita ANTARA. Kirim Komentar menjadi tanggung-jawab Anda sesuai UU ITE.",BEGAL
"Polda Metro ringkus dua pelaku pencurian motor Jakarta (ANTARA News) - Polda Metro Jaya meringkus dua pelaku spesialis pencurian sepeda motor asal Lampung, Agus Tami alias Imron (24) dan M Yusuf (29) di wilayah Tangerang Banten. ""Dari tangan kedua pelaku disita 50 pelat nomor polisi,"" kata Kepala Subdirektorat Reserse Mobil Direktorat Reserse Kriminal Umum Polda Metro Jaya Ajun Komisaris Besar Polisi Didik Sugiarto di Jakarta, Sabtu. Didik mengatakan petugas mendapatkan pelat nomor kendaraan itu saat menggeledah rumah seorang penadah di Pakuhaji Tangerang Banten. Kepala Unit V Subdit Resmob Ditreskrimum Polda Metro Jaya Komisaris Polisi Handik Zusen menambahkan kedua tersangka merupakan buruan polisi. Diketahui kedua pelaku kerap beraksi di wilayah Jakarta, Tangerang, Bekasi dan Depok. Handik mengungkapkan kedua tersangka mengaku telah melakukan pencurian sepeda motor sebanyak 50 kali sejak Januari hingga Februari 2015. Handik menyebutkan tersangka menyasar sepeda motor yang parkir di tempat umum seperti pinggir jalan, minimarket dan warung internet yang minim penjagaan. Tersangka Yusuf berperan sebagai eksekutor dengan merusak ""rumah"" kunci menggunakan kunci ""T"", sedangkan Agus mengawasi kondisi di lokasi. Komplotan itu menjual sepeda hasil curian seharga Rp2 juta - Rp3 juta per unit kepada seorang penadah di Pakuhaji Tangerang. Pewarta: Taufik Ridwan Editor: Ruslan Burhani Copyright © ANTARA 2015 Dilarang keras mengambil konten, melakukan crawling atau pengindeksan otomatis untuk AI di situs web ini tanpa izin tertulis dari Kantor Berita ANTARA. Kirim Komentar menjadi tanggung-jawab Anda sesuai UU ITE.",PENCURIAN
"Polda Metro Jaya kembali ringkus empat pelaku begal di wilayah Jakarta Jakarta (ANTARA) - Tim Pemburu Begal bentukan Polda Metro Jaya kembali menangkap empat pelaku tindakan pencurian dengan kekerasan atau begal yang terjadi di wilayah DKI Jakarta. Direktur Reserse Kriminal Umum Polda Metro Jaya, Kombes Pol Iman Imanuddin menjelaskan para pelaku sempat viral di media sosial. ""Sebagaimana kita ketahui, beberapa waktu lalu sempat viral kejadian curas di wilayah Duren Sawit, kemudian di wilayah Rawamangun, kemudian di wilayah Kebon Jeruk, dan di wilayah Bekasi, lalu kemudian, kami melakukan pengejaran terhadap terduga pelaku,"" katanya saat ditemui di Jakarta, Kamis. Iman menjelaskan ada dua pelaku begal yang mengeluarkan senjata api sehingga Tim Pemburu Begal melakukan tindakan terukur dan tegas. ""Karena sebelumnya pelaku juga pernah melukai korbannya dengan menggunakan senjata api tersebut, sehingga korban mengalami luka tembak di kaki dan menjalani perawatan di rumah sakit,"" katanya. Salah satu pelaku begal yang dilakukan tindakan terukur dan tegas oleh Tim Pemburu Begal di Jakarta, Kamis (21/5/2026). ANTARA/Ilham Kausar ""Tentunya kerja sama yang baik antara masyarakat dengan kepolisian akan menghadirkan keamanan yang baik buat kita semuanya. Kami terus akan berjuang untuk mewujudkan rasa aman bagi masyarakat daerah, khusus Ibukota Jakarta, Bekasi, Tangerang, Depok, dan sekitarnya,"" ucap Iman. Iman menambahkan total pelaku begal yang berhasil ditangkap oleh Tim Pemburu Begal pada hari keempat adalah 20 orang. Baca juga: Polda Metro Jaya periksa model yang diduga jadi korban begal Baca juga: Polda Metro Jaya akan tindak pedagang yang jual sapi glonggongan Baca juga: Polda Metro tangani dugaan kekerasan seksual oleh pelatih sepatu roda Pewarta: Ilham Kausar Editor: Alviansyah Pasaribu Copyright © ANTARA 2026 Dilarang keras mengambil konten, melakukan crawling atau pengindeksan otomatis untuk AI di situs web ini tanpa izin tertulis dari Kantor Berita ANTARA. Kirim Komentar menjadi tanggung-jawab Anda sesuai UU ITE.",PENCURIAN
"Siswa SMP Dibacok dan Dibegal Saat Pulang Sekolah Sendirian Depok – Seorang siswa SMP di Depok, Jawa Barat, menjadi korban begal. Korban dibacok di bagian punggung hingga luka sobek parah. Korban langsung dilarikan ke rumah sakit untuk menjalani perawatan. Paut Humas Polres Metro Depok, Iptu Made Budi mengatakan peristiwa itu terjadi di Jalan Anggrek 5, Kelurahan Depok Jaya, Kecamatan Pancoran Mas, Depok. Pembegalan itu terjadi sekitar pukul 13.30 WIB, saat korban pulang sekolah. Korban adalah DT. ADVERTISEMENT GULIR UNTUK LANJUT BACA “Sekira pukul 13.30 WIB, korban berniat pulang ke rumah seorang diri dari sekolah yang beralamat di Jalan Bangau Raya. Korban adalah siswa SMPN 2 Depok,” kata Paur Humas Polres Metro Depok, Iptu Made Budi pada Rabu, 24 April 2024.  Ilustrasi lokasi pembacokan. Photo : VIVA/Vicky Fajri Saat korban jalan menuju rumahnya seorang diri, tiba-tiba korban dipepet dua orang mengendarai sepeda motor. Saat melintas di Jalan Anggrek, ada orang yang berpura-pura menanyakan alamat pada korban. Pelaku langsung merampas ponsel korban. Saat dirampas, korban melawan untuk mempertahankan HP. “Sampai di Jalan Anggrek 5, korban dipepet oleh pemotor berboncengan yang menanyakan alamat kepada korban. Selanjutnya, pelaku merebut HP korban dan korban reflek menahan HP,” ujarnya. Ketika korban melawan lalu pelaku mengeluarkan senjata tajam dan membacok korban. DT pun mengalami luka bacok di punggung kiri. Setelah melukai korban, pelaku langsung melarikan diri. Korban pun langsung dilarikan ke rumah sakit oleh warga. “Pelaku membacok korban di punggung bawah sebelah kiri. Setelah melakukan penyerangan pelaku meninggalkan lokasi, sedangkan korban teriak meminta tolong dan dibawa ke RS Hermina,” ungkapnya. Korban mengalami luka parah dan harus dibawa ke rumah sakit. Korban dijahit 10 jahitan. “Akibat kejadian tersebut korban mengalami luka di punggung bawah sebelah kiri. Luka sobek 10 jahitan,” katanya. ADVERTISEMENT GULIR UNTUK LANJUT BACA Pembegalan ini terekam kamera CCTV warga, terlihat dari rekaman korban sedang berjalan dan dihampiri pelaku. Pelaku berjumlah dua orang naik motor berboncengan menghampiri korban. Pelaku mengenakan helm dan masker. Salah satu pelaku turun dari motor dan mendekati korban menanyakan sesuatu. Sedangkan, pelaku lainnya masih di motor. Pelaku langsung merebut HP korban dan korban melawan. Saat itu, pelaku mengeluarkan senjata tajam dan melukai korban. Kasusnya kini masih didalami.",PEMBACOKAN
"Tiga orang jadi buron polisi dalam kasus begal di Warteg Mamoka Jakarta (ANTARA) - Polsek Pesanggrahan Polres Metro Jakarta Selatan mengeluarkan surat penetapan daftar pencarian orang (DPO) atau buron kepada tiga pelaku begal di Warteg Mamoka Bahari. ""Kemarin telah kita tetapkan tiga DPO untuk kasus begal warteg,"" kata Kapolsek Pesanggrahan Kompol Sukadi di Jakarta, Jumat. Ketiga DPO begal Warteg Mamoka Bahari. yakni Heru Wahono (22) beralamat Jalan Jambu Nomor 7 RT 8/RW 15 Kecamatan Beji, Depok, Jawa Barat. Selanjutnya, Syadam Baskoro (22) beralamat Jalan H Sinda II Nomor 61 RT 10 RW 4, Kecamatan Beji, Depok, Jawa Barat. Ketiga, Ahmad Firdaus (22) beralamat Jalan Srengseng Sawah RT 5/ RW 3, Kelurahan Srengseng Sawah, Jagakarsa, Jakarta Selatan. Baca juga: Polisi buru tiga begal di Warteg Mamoka Bahari Jaksel Salah satu pelaku begal di Warteg Mamoka Bahari ditetapkan sebagai DPO atau buron. (ANTARA/HO-Humas Polres Metro Jakarta Selatan) Dua dari tiga DPO begal warteg ini, yakni Heru dan Syadam merupakan residivis yang pernah ditangkap oleh Tim Krimum Polres Metro Jakarta Selatan pada bulan Februari 2019. Foto penangkapan Heru dan Syadam pada tahun 2019 itu tersiar ke media sosial hingga viral karena telah ditangkap usai melakukan pencurian dengan kekerasan di Warteg Mamoka Bahari. Sebelumnya, Kapolres Metro Jakarta Selatan Kombes Pol Bastoni Purnama mengatakan dua pelaku begal yang terekam kamera CCTV tersebut pernah ditangkap oleh jajarannya karena kasus kriminal lainnya. ""Itu foto yang lama. Jadi pelaku begal ini sudah pernah ditangkap sama Polres Jakarta Selatan,"" kata Bastoni. Setelah identitas pelaku diketahui, polisi mendatangi rumah para pelaku begal tersebut namun tidak ditemukan. Baca juga: Kapolrestro Jaksel jelaskan foto viral pelaku begal warteg ditangkap Salah satu pelaku begal Warteg Mamoka Bahari ditetapkan sebagai DPO atau buron. (ANTARA/HO-Humas Polres Metro Jakarta Selatan) Polisi masih memburu ketiga begal warteg yang masih dalam pelarian, lalu menerbitkan surat DPO agar ketiganya segera menyerahkan diri atau akan ditangkap dengan tindakan tegas. Pembegalan terjadi Selasa (21/1) sekitar pukul 01.30 WIB di Warteg Mamoka Bahari, Jalan Ciledug Raya, RT 1/RW 1, Petukangan Utara, Kecamatan Pesanggrahan, Jakarta Selatan. Pembegalan tersebut terekam kamera CCTV di Warteg Mamoka Bahari. Saat itu satu orang pembeli jadi sasaran tiga pelaku begal. Dalam rekaman CCTV itu, korban terlihat sedang makan di warteg. Pelaku sebanyak tiga orang datang dan langsung melakukan perampokan. Salah satu pelaku mengacungkan celurit ke korban yang ketakutan lantas memberi ponsel miliknya kepada pelaku. Para pelaku kemudian melarikan diri menggunakan sepeda motor dengan membawa kabur sebuah ponsel dan uang senilai Rp950 ribu milik korban. Baca juga: Polisi segera tangkap begal warteg di Jaksel Pewarta: Laily Rahmawaty Editor: Sri Muryono Copyright © ANTARA 2020 Dilarang keras mengambil konten, melakukan crawling atau pengindeksan otomatis untuk AI di situs web ini tanpa izin tertulis dari Kantor Berita ANTARA. Kirim Komentar menjadi tanggung-jawab Anda sesuai UU ITE.",BEGAL
"Kasus Begal Payudara di Depok Berujung Damai, Korban Maafkan Pelaku Depok – Kasus begal payudara yang terjadi di Gang Boni, Pancoran Mas Depok berujung damai . Kedua belah pihak sepakat untuk menyelesaikan masalah secara kekeluargaan. “Kedua belah pihak sudah menyelesaikan permasalahan. Sudah berdamai,” kata Paur Humas Polres Metro Depok, Iptu Made Budi, Selasa, 8 Agustus 2023 ADVERTISEMENT GULIR UNTUK LANJUT BACA Pelaku yang diketahui bernama Rico Diva Pratama (19) datang ke Polsek Pancoran Mas pada Senin (7/8) pukul 20.30 WIB. Kemudian pelaku meminta maaf dan mengakui perbuatannya. Kasusnya pun sudah dinyatakan selesai. “Pelaku sudah damai dengan korban,” ujarnya. Begal payudara ini terjadi pada Kamis (3/8) di Gang Boni, Pancoran Mas sekitar pukul 18.00 WIB. Korban adalah SAA (27). Saat itu korban sedang melintas di lokasi kejadian dan pelaku langsung mendekati korban. “Saat korban dan berjalan di Gg Boni seorang diri, tiba-tiba pelaku menyalib menggunakan motor sendirian sampai ujung gang,” ungkapnya. Kemudian pelaku putar arah mendekati korban. Saat sudah dekat, pelaku langsung meremas payudara korban. Puas dengan aksinya, pelaku langsung kabur. “Saat sudah dekat dengan korban lalu pelaku dari samping kiri korban langsung memegang payudara korban menggunakan tangan kirinya dan langsung kabur,” tukasnya. ADVERTISEMENT GULIR UNTUK LANJUT BACA Pelaku menggunakan motor. Saat itu pelaku seorang diri. Namun ciri pelaku dikenali karena menggunakan topi warna merah. “Pelaku sendirian, pakai motor dan topi warna merah,” pungkasnya.",BEGAL
"Detik-Detik Begal Sadis, Tangan Bidan di Depok Nyaris Putus Depok, VIVA – Aksi begal brutal terjadi di wilayah Depok, Jawa Barat, pada Selasa dini hari, 25 Juni 2025. Seorang bidan dan rekannya menjadi korban saat sedang dalam perjalanan menggunakan sepeda motor. Kejadian ini terjadi di Jalan Arco Raya, Kecamatan Bojongsari, dan membuat tangan korban bidan nyaris putus akibat sabetan senjata tajam pelaku. Menurut laporan tvOnenews.com, korban adalah seorang bidan bernama Caca dan seorang perawat bernama Noval. Saat itu, mereka tengah melintasi jalan sepi pada pukul 01.50 WIB ketika dihampiri oleh dua pelaku yang mengendarai motor. Pelaku langsung menyerang korban menggunakan senjata tajam. ADVERTISEMENT GULIR UNTUK LANJUT BACA  ilustrasi aksi begal Photo : Screenshot video Youtube “Bidan Caca dibacok hingga pergelangan tangan kirinya nyaris putus, sedangkan perawat Noval mengalami luka berat karena melawan dan mempertahankan kendaraannya,” ujar Kepala Bidang Humas Polda Metro Jaya, Kombes Ade Ary Syam Indradi. Setelah kejadian, kepolisian segera melakukan penyelidikan dan berhasil menangkap tiga tersangka, yakni WAP (23), MF (18), dan MS (21). Ketiganya ditangkap di wilayah Bogor pada awal Juli 2025. MS diketahui sebagai pelaku utama yang membacok tangan korban. “MS (21) peran membacok bidan Caca. WAP sebagai kapten dan membacok Noval, sedangkan MF adalah joki motor,” ujar Ade Ary. Kini ketiga tersangka telah diamankan oleh Subdit Jatanras Polda Metro Jaya dan dijerat pasal berat atas tindakan kekerasan disertai pencurian dengan kekerasan.",PEMBACOKAN
"Kemarin, begal ditangkap hingga penyelundupan ganja 15 kilogram Jakarta (ANTARA) - Sejumlah berita kriminal menghiasi Jakarta pada Selasa (19/10) mulai dari komplotan begal ditangkap hingga tiga pelaku penyelundupan ganja seberat 15 kilogram ditangkap. Berikut rangkuman berita selengkapnya yang masih menarik untuk dibaca kembali menemani libur Maulid Nabi. 1. Polda Metro bekuk dua komplotan begal bersenjata tajam Penyidik Polda Metro Jaya membekuk dua komplotan begal yang kerap melukai korbannya dengan senjata tajam saat menjalankan aksinya di kawasan Bekasi dan Depok. Berita selengkapnya klik di sini 2. Polisi tangkap eks karyawan bank lakukan penipuan berkedok investasi Polrestro Jakarta Barat menangkap mantan pegawai bank yang melakukan penipuan berkedok investasi dengan nilai mencapai miliaran rupiah. Berita selengkapnya klik di sini 3. Polisi tangkap empat remaja pelaku tawuran di Lenteng Agung Kepolisian Sektor Jagakarsa menangkap empat orang remaja pelaku tawuran berinisial MA (16), DA (16), RKS (16) dan PB (16) di kawasan Lenteng Agung pada Jumat, (15/10) dini hari. Berita selengkapnya klik di sini 4.Polisi tingkatkan kasus Olivia Nathania ke tahap penyidikan Penyidik Polda Metro Jaya meningkatkan dugaan kasus penipuan dengan modus rekrutmen calon pegawai negeri sipil (CPNS) oleh anak penyanyi lawas Nia Daniaty, Olivia Nathania ke tahap penyidikan. Berita selengkapnya klik di sini 5. Polres Metro Jaksel tangkap tiga tersangka pembawa narkoba 15 kilogram Satuan Narkoba Polres Metro Jakarta Selatan menangkap tiga orang tersangka di wilayah Jakarta dan Jawa Barat yang membawa sebanyak 15 kilogram narkotika jenis ganja. Berita selengkapnya klik di sini Pewarta: Dewa Ketut Sudiarta Wiguna Editor: Edy Sujatmiko Copyright © ANTARA 2021 Dilarang keras mengambil konten, melakukan crawling atau pengindeksan otomatis untuk AI di situs web ini tanpa izin tertulis dari Kantor Berita ANTARA. Kirim Komentar menjadi tanggung-jawab Anda sesuai UU ITE.",BEGAL
"Kriminal kemarin, kematian di Tangsel hingga ekshumasi jasad bayi Jakarta (ANTARA) - Peristiwa kriminal terjadi di wilayah DKI Jakarta pada Selasa (17/12) mulai dari Kepolisian Sektor Ciputat Timur menyebut masih mendalami terkait kematian satu keluarga di Tangerang Selatan (Tangsel) hingga Kapolres Metro Jakarta Pusat Kombes Pol Susatyo P Condro menyatakan tim gabungan telah mengambil beberapa bagian dari jasad bayi yang diduga tertukar di RSI Cempaka Putih dalam ekshumasi. Selain itu, terdapat berita kriminal lainnya yang menarik untuk disimak pada pagi ini. Berikut rangkumannya: 1. Polisi masih dalami kematian satu keluarga di Tangsel akibat pinjol Kepolisian Sektor Ciputat Timur menyebut masih mendalami terkait kematian satu keluarga di Tangerang Selatan (Tangsel) yang diduga akibat terjerat pinjaman online (pinjol). ""Terkait dengan motif, yang menyebabkan peristiwa tersebut kami masih melakukan penyelidikan,"" kata Kapolsek Ciputat Timur, Komisaris Polisi Kemas M.S. Arifin saat dikonfirmasi di Tangerang Selatan, Selasa. Baca berita selengkapnya di sini 2. Polisi: Forensik ambil beberapa bagian dari jasad bayi saat ekshumasi Kapolres Metro Jakarta Pusat Kombes Pol Susatyo P Condro menyatakan tim gabungan telah mengambil beberapa bagian dari jasad bayi yang diduga tertukar di RSI Cempaka Putih dalam ekshumasi yang digelar di Tempat Pemakaman Umum (TPU) Semper Cilincing Jakarta Utara, Selasa. ""Untuk sampel yang diambil tim forensik dan Pusdokes Polri untuk dilakukan tes DNA,"" kata Kapolres Metro Jakarta Pusat Kombes Pol Susatyo P Condro di Jakarta, Selasa. Baca berita selengkapnya di sini 3. Sering tonton film dewasa picu anak Depok lakukan tindakan asusila Keseringan menonton film dewasa diduga memicu seorang anak laki-laki asal Bojongsari, Depok berinisial HRS (16) melakukan tindakan asusila berupa begal payudara sebanyak delapan kali di Depok dan Palmerah Jakarta Barat. ""Berdasarkan dari hasil pemeriksaan, pelaku sering menonton film dewasa,"" ungkap Kapolsek Palmerah Kompol Sugiran dalam jumpa pers di Jakarta, Selasa. Baca berita selengkapnya di sini 4. Ibu MAS minta keringanan hukuman bagi anaknya Ibu MAS (14), berinisial AP (40) meminta keringanan hukuman bagi anaknya dalam kasus dugaan pembunuhan terhadap ayahnya berinisial APW (40) dan neneknya, RM (69). ""Ya, kalau itu ya jelas karena memang semuanya itu ibunya berpikiran itu adalah anaknya,"" kata Kasi Humas Polres Metro Jakarta Selatan AKP Nurma Dewi kepada wartawan di Jakarta, Selasa. Baca berita selengkapnya di sini 5. Polisi periksa saksi dan rekaman CCTV rumah sakit soal bayi tertukar Kapolres Metro Jakarta Pusat Kombes Pol Susatyo P Condro menyatakan Kepolisian telah mengambil keterangan dari sejumlah pihak termasuk rekaman CCTV yang ada di RSI Cempaka Putih dalam rangka penyelidikan dugaan kasus bayi tertukar. ""Kami lakukan pemeriksaan terhadap orang tua, pihak RSI, rekaman CCTV setelah selesai persalinan,"" kata Susatyo di Jakarta, Selasa. Baca berita selengkapnya di sini Pewarta: Siti Nurhaliza Editor: Triono Subagyo Copyright © ANTARA 2024 Dilarang keras mengambil konten, melakukan crawling atau pengindeksan otomatis untuk AI di situs web ini tanpa izin tertulis dari Kantor Berita ANTARA. Kirim Komentar menjadi tanggung-jawab Anda sesuai UU ITE.",BEGAL
"Begal motor beroperasi di Jagakarsa berhasil dibekuk Jakarta (ANTARA News) - Anggota Polres Metro Jakarta Selatan membekuk sindikat begal yang merampas pengendara sepeda motor yang biasa beroperasi di Jagakarsa dan Depok. ""Para pelaku melakukan modus memepet pengendara kemudian merampas sepeda motor,"" kata Kapolres Metro Jakarta Selatan Komisaris Besar Polisi Indra Jafar di Jakarta, Selasa. Indra mengatakan petugas Satuan Reserse Kriminal Polres Metro Jakarta Selatan menciduk lima dari enam anggota komplotan penjahat jalanan itu. Petugas meringkus pelaku berinisial IAF, RF, AS, JP dan NF, kemudian polisi juga melumpuhkan dua tersangka karena berusaha melarikan diri. Indra mengungkapkan, sindikat pembegal itu melengkapi diri dengan senjata tajam dan melukai korban ketika melakukan perlawanan. Indra mencatat pelaku sudah melakukan pembegalan sebanyak 10 kali terhadap pengendara sepeda motor. ""Pelaku beraksi saat subuh di wilayah Jagakarsa, Jakarta Selatan dan wilayah Depok,"" ungkap Indra. Dari tangan pelaku, polisi menyita barang bukti senjata tajam dan dua unit sepeda motor dari hasil kejahatan. Saat ini, petugas masih memburu seorang pelaku lainnya berstatus daftar pencarian orang (DPO) yang telah diketahui identitasnya. Baca juga: Polres Jakarta Pusat patroli kawasan rawan kejahatan di jalanan Baca juga: Mulai Selasa malam nanti Polda Metro operasi buru jambret dan begal Pewarta: Taufik Ridwan Editor: Fitri Supratiwi Copyright © ANTARA 2018 Dilarang keras mengambil konten, melakukan crawling atau pengindeksan otomatis untuk AI di situs web ini tanpa izin tertulis dari Kantor Berita ANTARA. Kirim Komentar menjadi tanggung-jawab Anda sesuai UU ITE.",BEGAL
"Polrestro Jakut tingkatkan patroli daerah rawan begal Jakarta (ANTARA News) - Aparat Polres Metro Jakarta Utara (Polrestro Jakut) meningkatkan intensitas patroli pada daerah yang dianggap rawan begal terhadap pengendara sepeda motor. ""Kita tingkatkan Patroli Cipta Kondisi dan menempatkan petugas nonseragam di sejumlah lokasi,"" kata Kepala Polrestro Jakarta Utara Komisaris Besar Polisi M Iqbal di Jakarta Senin. Iqbal mengatakan hasil analisa terdapat tiga lokasi rawan kejahatan di wilayah Jakarta Utara yakni Kamar Muara Penjaringan, Perbatasan Danau Sunter-Benyamin Sueb dan Cakung-Cilincing. Iqbal menegaskan sejauh ini belum ada aksi pembegalan yang menewaskan pengguna sepeda motor di wilayah Jakarta Utara. Terjadi kasus perampasan atau pencurian sepeda motor yang tidak menewaskan pengendara, namun anggota Polrestro Jakarta Utara telah menangkap 30 tersangka pencurian. Selain meningkatkan patroli dan menempatkan anggota kepolisian, Polrestro Jakarta Utara meningkatkan koordinasi dengan kepolisian di wilayah perbatasan. Sebelumnya, anggota Polda Metro Jaya meringkus dua pelaku pencurian sepeda motor asal Lampung Agus Tami alias Imron (24) dan M Yusuf (29) di wilayah Tangerang Banten pada beberapa waktu lalu. Kedua pelaku telah beraksi sekitar 50 kali sejak Januari hingga Februari 2015 di wilayah Jakarta, Tangerang, Bekasi dan Depok. Pewarta: Taufik Ridwan Editor: Kunto Wibisono Copyright © ANTARA 2015 Dilarang keras mengambil konten, melakukan crawling atau pengindeksan otomatis untuk AI di situs web ini tanpa izin tertulis dari Kantor Berita ANTARA. Kirim Komentar menjadi tanggung-jawab Anda sesuai UU ITE.",BEGAL
"Kejagung duga pembacokan pegawai kejaksaan di Depok karena begal Jakarta (ANTARA) - Kejaksaan Agung menduga kasus pembacokan terhadap seorang pegawai Pusat Data Statistik Kriminal dan Teknologi Informasi (Pusdakrimti) Kejagung berinisial DSK di Depok, Jawa Barat, merupakan aksi begal. ""Kami berkesimpulan sementara ini bisa saja ada bentuk kejahatan-kejahatan, apakah dalam upaya begal, pencurian dan seterusnya,"" kata Kepala Pusat Penerangan Hukum (Kapuspenkum) Kejagung Harli Siregar di Gedung Kejaksaan Agung, Jakarta, Senin. Harli mengatakan bahwa dugaan ini didasari karena DSK selaku korban pembacokan merupakan seorang staf dan bukan jaksa yang terlibat perkara. ""Artinya yang bersangkutan tidak menangani perkara,"" katanya. Selain itu, dari investigasi Kejagung terhadap profil DSK, yang bersangkutan merupakan orang baik dan tidak terlibat dalam masalah. ""Sudah dilakukan pengecekan, (DSK) sangat jauh dari hal-hal yang katakanlah ada perseteruan ataupun ada persoalan-persoalan di sana,"" katanya. Baca juga: Kejagung tangkap buronan yang diduga terkait pembacokan jaksa Kendati demikian, kasus ini masih terus didalami oleh Kejagung dan penyelidik kepolisian agar ditemukan pelaku yang bertanggung jawab. Sebelumnya, DSK menjadi korban pembacokan orang tidak dikenal ketika hendak pulang ke rumahnya di Kota Depok, Jawa Barat. Kapuspenkum mengungkapkan bahwa kronologi kejadian pembacokan ini berawal ketika pada hari Jumat (23/5) sekitar pukul 21.00 WIB, DSK sempat berteduh di sebuah warung kopi karena hujan lebat. Usai hujan reda, DSK melanjutkan kembali perjalanan. Akan tetapi, pada hari Sabtu (24/5) sekitar pukul 02.30 WIB, DSK mendapatkan serangan dari penumpang sepeda motor arah berlawanan. Baca juga: Komisi Kejaksaan prihatin seorang jaksa menjadi korban pembacokan Serangan itu terjadi di Jalan Pengasinan, Sawangan, Depok, dan lebih kurang berjarak 1 kilometer dari rumah DSK. ""Tiba-tiba dari arah depan terdapat dua orang yang berboncengan langsung mendekati DSK sambil berteriak 'sikat', sambil mengayunkan senjata tajam ke arah pergelangan tangan DSK,"" ucap Kapuspenkum. Setelah mengayunkan senjata tajam, pelaku langsung melaju sambil meneriakkan ""mampus lu"", kemudian meninggalkan DSK. Ketika DSK dibawa ke rumah sakit, yang bersangkutan melihat dua orang yang mengawasi pergerakan mobil yang mengantar DSK ke rumah sakit. Namun, tidak diketahui maksud dan tujuan pergerakan dua orang tersebut. Akibat kejadian ini, DSK menderita luka berat di pergelangan tangan kanan. Kasus ini telah mendapatkan atensi dari Polsek Bojongsari Polres Depok dan Polda Metro Jaya. Baca juga: KPK optimalkan unit reaksi cepat untuk respons kasus APH dibacok Baca juga: Kejagung berharap pelaku pembacokan pegawai kejaksaan serahkan diri Pewarta: Nadia Putri Rahmani Editor: Didik Kusbiantoro Copyright © ANTARA 2025 Dilarang keras mengambil konten, melakukan crawling atau pengindeksan otomatis untuk AI di situs web ini tanpa izin tertulis dari Kantor Berita ANTARA. Kirim Komentar menjadi tanggung-jawab Anda sesuai UU ITE.",PEMBACOKAN
"Meminjam momen Hari Anak untuk mengarusutamakan akhlak JAKARTA (ANTARA) - Tak dimungkiri bahwa generasi masa kini memiliki nilai lebih. Mereka pintar, kreatif, dan melek teknologi. Akan tetapi di bagian lain, anak zaman sekarang dinilai masih kurang dalam hal adab, budi pekerti, tata krama, dan akhlak. Perayaan Hari Anak Nasional bisa menjadi momen untuk membenahi pola didik anak dalam rangka menyiapkan angkatan calon pemimpin yang berakhlak sekaligus menyudahi generasi koruptif. Ancaman resesi akhlak akan menimbulkan kengerian tersendiri, melebihi bahaya krisis ekonomi maupun pandemi. Karena akhlak adalah pembeda utama antara manusia dengan makhluk lain di Bumi. Realitanya, faktor pembeda itu kian menipis akibat perilaku tercela yang dilakukan manusia terhadap sesama, kepada satwa, juga alam semesta. Pada generasi anak-anak, perilaku pidana sudah menggejala. Data Komisi Perlindungan Anak Indonesia (KPAI) menyebut, sejak 2011 hingga akhir 2018, tercatat 11.116 anak di Indonesia tersangkut kasus kriminal. Tindak kriminal yang mendominasi seperti kejahatan jalan, pencurian, begal, geng motor, bahkan pembunuhan. Data yang lebih baru tahun 2022 dari lembaga yang sama, mencatat sebanyak 2.883 kasus kejahatan dengan pelaku masih kategori anak. Selain pengaruh pola asuh, internet dan tayangan televisi menjadi salah satu sumber inspirasi anak-anak dalam melakukan aksi kejahatan. Karenanya, Kementerian Pemberdayaan Perempuan dan Perlindungan Anak (KemenPPPA) terus menggencarkan kampanye perlindungan anak dari paparan konten atau tayangan tidak layak. Pada peringatan Hari Anak Nasional 2023 di Semarang, KemenPPPA dan Komisi Penyiaran Indonesia (KPI) meresmikan penandatanganan perjanjian kerja sama, untuk memberikan perlindungan terhadap anak dan remaja melalui media penyiaran yang ramah anak. Hal itu dilakukan dalam upaya pemenuhan hak anak atas informasi yang layak dengan tayangan ramah anak. Menteri PPPA Bintang Puspayoga mengemukakan bahwa informasi yang tidak layak anak dapat memberikan dampak negatif bagi anak, di antaranya: perilaku kekerasan seksual, kerusakan fungsi otak, perundungan siber, dan kejahatan daring. Salah satu hak anak yang harus dipenuhi oleh Pemerintah dan seluruh elemen masyarakat adalah hak atas informasi yang layak. “Anak harus dilindungi dari berbagai bentuk informasi yang tidak layak, seperti informasi yang mengandung unsur kekerasan, pornografi, radikalisme dan lain-lain,” tegas Bintang. Siaran ramah anak mutlak diperlukan tanpa mengabaikan sisi hiburannya, namun harus tetap memberikan dampak positif baik bagi tumbuh kembang dan perlindungan anak. Faktor eksternal Pola asuh merupakan faktor paling berpengaruh dalam proses tumbuh kembang anak. Sebutannya buah hati, idealnya anak dibesarkan dan dididik oleh kedua orang tuanya langsung untuk memperoleh perhatian terbaik. Namun dalam praktiknya tidak semua berlangsung ideal, karena banyak anak yang tidak mengenyam kasih sayang penuh orang tua oleh karena berbagai alasan. Atas kondisi itu, banyak faktor eksternal membawa pengaruh dalam membentuk karakter dan akhlak anak. Berikut beberapa contoh yang lazim terjadi di masyarakat. - Dititipkan. Banyak pasangan suami istri yang sibuk bekerja sehingga terpaksa menitipkan anaknya pada orang tua (kakek-nenek), anggota keluarga, pengasuh ( baby sitter ), bahkan ke tetangga atau tempat penitipan anak. Maka merekalah yang sehari-hari mendidik anak tersebut dan memberi pengaruh besar p1ada perkembangan anak baik secara fisik maupun mental. - Lingkungan. Suasana dan kondisi lingkungan sosial juga berdampak pada pembentukan akhlak anak. Bagaimana anak-anak secara mengejutkan melontarkan kata-kata kotor, ternyata memperoleh asupan kosa kata dari tetangga sekitar. Atau tetangga secara iseng mengajarkan hal-hal yang tak layak dengan maksud bercanda untuk lucu-lucuan. Ada kalanya anak juga menyaksikan adegan pertengkaran dan kekerasan yang terjadi di lingkungan tempat tinggalnya. Bahkan pergaulan dengan teman sebaya pun tak jarang turut menjerumuskan pada kenakalan. - Tontotan. Anak-anak adalah peniru yang baik, maka apa yang mereka tonton menjadi referensi untuk dipraktikkan ketika ada kesempatan. Tayangan televisi yang tidak ramah anak bisa meracuni pola pikir yang kemudian terefleksikan pada perilaku mereka. Sungguh berbahaya  menonton televisi, tayangan film, atau akses internet tanpa pengawasan dan pendampingan. Tutur guru Sekolah merupakan wahana tempat anak-anak “dititipkan” oleh orang tuanya untuk memperoleh pendidikan, termasuk karakter dan pembinaan akhlak di dalamnya. Bagaimana pendidikan akhlak ditanamkan sejak dini, guru PAUD Tunas Bangsa di Krukut, Limo, Depok, Jawa Barat, Yuli Budianti menggambarkan keseharian di sekolah pra TK itu. “Untuk penanaman akhlak membiasakan basic manner seperti meminta tolong, terima kasih, dan juga maaf,” kata Yuli. Penerapan basic manner tidak hanya terhadap anak murid tetapi juga guru serta warga sekolah harus melakukannya, supaya anak juga melihat contoh dan menjadi terbiasa. Lalu Yuli mencontohkan hal lain yang dibiasakan berkenaan dengan pembinaan akhlak. Setiap pagi dibiasakan mengucapkan salam, terus salim ke guru.  Juga tidak lupa selalu berdoa sebelum dan sesudah melakukan kegiatan. Selainnya, terhadap para balita itu juga diajarkan saling berbagi ke sesama teman sebaya, seperti bekal sekolah atau jajan yang biasa dibawa. Kemudian pada tingkat sekolah dasar (SD), guru SD Negeri Babelan Kota 01 Bekasi, Jawa Barat, Ngatimah menceritakan upaya menerapkan pendidikan akhlak dalam rutinitas muridnya di sekolah. “Setiap hari sebelum KBM dimulai kami adakan kegiatan literasi membaca Al Qur'an (bagi yang muslim) dan membaca Alkitab (bagi yang Kristen/Katolik) selama10-15 menit untuk menanamkan rajin ibadah dan takut kepada Sang Pencipta,"" katanya. Selain itu, setiap hari Jumat juga diadakan shalat Duha berjamaah dilanjut tausyiah. “Juga pembiasaan mengucap salam, bersalaman dengan guru jika berpapasan, tidak boleh mengucap kata-kata kotor, dan penanaman sikap saling menghormati sesama teman, serta dilarang ada tindakan perundungan,” ujar Ngatimah yang telah mengabdi sebagai tenaga pendidik selama hampir dua dekade itu. Cerita serupa juga diungkapkan Rumiyati, guru MI Al Ijtihad di Desa Iwul Kecamatan Parung, Bogor, Jawa Barat. Menurutnya, penanaman akhlak yang dia lakukan di sekolah, yaitu mendidik dengan cara memberikan latihan-latihan terhadap suatu norma tertentu, kemudian membiasakan untuk mengulanginya berkali-kali agar menjadi bagian hidupnya. “Seperti shalat, puasa, kesopanan terhadap guru, orang tua dan kakak kelas,” Rumi mencontohkan. Di sekolah itu, nilai agama juga ditanamkan melalui praktik hafalan surat pendek dan doa harian. Nature - Nurture Psikolog pendidikan Viska Erma Mustika melihat persoalan akhlak anak dari kacamata psikologis. Karakter anak terbentuk secara nature dan nurture . Nature berarti anak memiliki karakter yang secara genetis diturunkan dari orang tuanya (sudah ada di dalam diri anak). Nurture adalah karakter anak yang disebabkan oleh faktor lingkungan di mana seorang anak lahir dan dibesarkan. Kedua faktor itu bersifat saling menguatkan. Anak yang terlahir dengan potensi bawaan yang unggul, menurut dia, tidak ada artinya apabila ia tumbuh di lingkungan yang tidak supportive . Begitupun sebaliknya, anak yang terlahir dengan potensi bawaan yang biasa-biasa saja, bisa menjadi optimal ketika tumbuh di lingkungan yang memberikan dukungan pada dirinya secara penuh. Pengasuhan menjadi faktor nurture bagi seorang anak. Di mana anak dilahirkan, di situlah anak menemukan guru pertamanya di dunia, yang itu seringkali adalah orang tua. Dari orang tua, anak belajar tentang dunia, bagaimana melihat dunia, dan bagaimana semestinya bersikap pada dunia. Psikolog lulusan UGM Yogyakarta itu mengemukakan bahwa dalam mengasuh, ada dua hal mendasar yang perlu dipahami orang tua. Pertama, sebagai orang tua, pahami nilai-nilai apa yang ingin diwariskan kepada anak. Tentunya tiap-tiap keluarga memiliki keyakinan yang berbeda-beda terkait nilai-nilai ini, tergantung kultur tiap keluarga. Kedua, pahami kondisi anak, baik karakter bawaan maupun kebutuhan dasar sesuai tahap perkembangannya. Secara psikologis, ada konsep universal yang bisa dipahami sebagai basis dalam mengasuh anak. Bukan pada model pengasuhannya, tapi terletak pada apa yang menjadi kebutuhan utama anak-anak untuk berkembang secara optimal. Menurut Teori Erikson tentang delapan tahap perkembangan manusia, berkembangnya manusia dari satu tahap ke tahap berikutnya ditentukan oleh keberhasilannya atau ketidak-berhasilannya dalam menempuh tahap sebelumnya. Di mana setiap tahap memiliki tujuan dan kebutuhan perkembangannya. Menariknya, selain kebutuhan dasar (pangan, sandang, papan), pemenuhan afeksi menjadi yang utama. Berbagai studi ilmiah telah membuktikan bahwa afeksi berdampak signifikan terhadap perkembangan seorang anak baik fisik, kognitif, emosi, dan sosial, yang kemudian ini menjadi fondasi karakter, cara pandang, dan tindakan-tindakannya di masa depan. Salah satunya penelitian yang dilakukan oleh Universitas Notre Dame di Indiana, AS (2015) kepada lebih dari 600 orang dewasa menunjukkan orang dewasa yang menerima lebih banyak kasih sayang di masa kanak-kanak, menunjukkan lebih sedikit depresi dan kecemasan dan lebih penyayang secara keseluruhan. Mereka yang melaporkan kurang kasih sayang berjuang dengan kesehatan mental, cenderung lebih mudah kesal dalam situasi sosial, dan kurang terbuka pada perspektif orang lain. Viska, yang merupakan pemerhati masalah anak itu menyatakan, tidak ada orang tua yang tidak menyayangi anak-anaknya. Yang sering menjadi persoalan adalah kasih sayang yang tidak diekspresikan secara tepat sehingga tidak diterima anak sebagai afeksi. Misalnya, orang tua menganggap bahwa memarahi anak adalah bentuk kasih sayang, tapi menurut anak sebaliknya. Atau kasih sayang yang orang tua ekspresikan tidak sambung dengan value atau tujuan pengasuhan yang ingin dilatihkan pada anak. Misalnya, orang tua ingin melatih anaknya bersikap disiplin, tapi orang tua banyak berkompromi dengan perilaku-perilaku anak yang tidak disiplin sebagai bentuk kasih sayang diekspresikan. Hal ini tidak konsisten yang berdampak anak jadi tidak mampu menangkap secara jelas, nilai apa yang sebenarnya ingin orang tuanya ajarkan. “Kedua hal ini hanya bisa diselesaikan dengan satu hal, yakni dialog,” ujarnya. Ini yang sebenarnya menjadi tantangan di era ini. Dialog membutuhkan ruang interaksi dan juga hati. Hal ini makin sulit karena orang tua semakin disibukkan dengan pekerjaan, anak-anak sibuk dengan sekolah dan aktivitasnya. Viska pun prihatin, karena faktanya baik orang tua dan anak-anak, semakin diasyikkan dengan gawainya masing-masing. Resesi akhlak Betapa ancaman resesi akhlak membutuhkan perhatian bersama, sebab generasi tidak berakhlak berpotensi meruntuhkan peradaban bangsa. Tingginya angka kriminalitas dan maraknya tindak pidana korupsi adalah contoh nyata di depan mata, sebagai indikasi ketiadaan akhlak dalam diri para pelaku. Sebagaimana Menteri BUMN Erick Thohir menyebut ‘ Ga ada akhlak’ kepada mereka yang berperilaku koruptif, mengelabuhi pajak, menimbun barang kebutuhan masyarakat, dan tindak tidak terpuji lainnya yang merugikan negara dan juga rakyat. Anak-anak sekarang adalah calon pemimpin di masa depan. Contoh buruk yang sedang dipertontonkan para pejabat tak punya akhlak itu tentu jangan sampai menular ke generasi berikutnya. Perilaku buruk itu mesti diakhiri sampai di sini. Anak-anak perlu memperoleh proteksi dari paparan pengaruh buruk yang berkecamuk di sekitarnya. Momen peringatan Hari Anak Nasional bisa menjadi refleksi untuk kembali mengutamakan pendidikan karakter, budi pekerti, dan akhlak. Sebab semua kehebatan anak menjadi percuma bila "" ga ada akhlaknya"". Editor: Achmad Zaenal M Copyright © ANTARA 2023 Dilarang keras mengambil konten, melakukan crawling atau pengindeksan otomatis untuk AI di situs web ini tanpa izin tertulis dari Kantor Berita ANTARA. Kirim Komentar menjadi tanggung-jawab Anda sesuai UU ITE.",PENCURIAN
"Polda laksanakan operasi pekat ciptakan kondusivitas selama Ramadhan Jakarta (ANTARA) - Polda Metro Jaya melaksanakan Operasi Pekat Jaya 2019 selama 15 hari terhitung Selasa ini tanggal 7 Mei 2019 hingga 21 Mei 2019 demi menciptakan kondusivitas di Jakarta selama bulan suci Ramadhan. ""Dalam rangka cipta kondusif di bulan Ramadhan dan menjelang Lebaran Idul Fitri 2019, melalui surat telegram Kapolda Metro Jaya Nomor: STR/752/V/OPS.1.3./2019 tanggal 6 Mei 2019, Polda Metro Jaya beserta jajaran melaksanakan operasi kepolisian dengan sandi Pekat Jaya 2019 selama 15 hari, terhitung mulai tanggal 7 Mei 2019,"" kata Kabid Humas Polda Metro Jaya, Kombes Pol Argo Yuwono, di Mapolda Metro Jaya, Jakarta, Selasa. Sasaran operasi ini sendiri, kata Argo, adalah segala bentuk tindakan pelanggaran hukum berupa premanisme seperti begal, jambret, copet, pemalakan, perampasan, pencurian dengan pemberatan (curat), pencurian dengan kekerasan (curas), pencurian kendaraan bermotor (curanmor) dan kejahatan lainnya yang meresahkan masyarakat. Dari sisi kekuatan, Operasi Pekat Jaya 2019 Polda Metro Jaya menurunkan secara total sebanyak 478 personel kekuatan. ""Terdiri dari jumlah Satgasda sebanyak 199 personel dan Satgasres sebanyak 279 personel, totalnya adalah 478 personel,"" ucap Argo. Adapun kekuatan dalam Operasi Pekat Jaya 2019 ini, Argo merinci sebagai berikut: A. SATGASDA 1. Unsur Pimpinan: lima personel 2. Unsur Staf dan Posko: 31 personel 3. Unsur Pelaksana: 163 personel B. Polres jajaran Polda Metro Jaya 1. Restro Jakpus: 25 personel 2. Restro Jakut: 25 personel 3. Restro Jakbar: 25 personel 4. Restro Jaksel: 25 personel 5. Restro Jaktim: 25 personel 6. Restro Tangerang Kota: 20 personel 7. Res Tangerang Selatan: 20 personel 8. Restro Bekasi Kota: 20 personel 9. Restro Bekasi: 20 personel 10. Resta Depok: 20 personel 11. Resta Bandara Soetta: 18 personel 12. Resta Pel. TJ Priok: 18 personel 13. Res Kepulauan Seribu: 18 personel Adapun sasaran Operasi Pekat Jaya 2019 ini lanjut Argo, terbagi menjadi tiga yakni manusia, barang dan kegiatan. Untuk manusia operasi menyasar pelaku kejahatan; pelaku Curat, Curas, dan Curanmor; pelaku premanisme; mantan narapidana; pelaku debt colector; pelaku perjudian dan bandar judi; produsen, pengedar dan lemakai Miras; pengedar petasan. ""Serta pelaku tindak kejahatan lain yang meresahkan masyarakat,"" ucap dia. Untuk barang, operasi ini mengincar: 1. Barang dan benda/kendaraan yang seluruhnya diduga diperoleh dari hasil tindak kejahatan. 2. Benda yg digunakan secara langsung maupun tidak langsung untuk melakukan tindakan kejahatan. 3. Seluruh benda yg dikategorikan sebagai alat untuk melakukan tindak kejahatan termasuk benda yg menjadi pendorong / perangsang tindak kejahatan. 4. Barang bukti hasil tindak kejahatan. 5. Benda yang digunakan untuk menghalangi penyidikan tindak pidana. 6. Benda uang khusus dibuat untuk melakukan tindak pidana. Sementara untuk kegiatan yang jadi sasaran Operasi Pekat Jaya 2019 adalah: 1. Kejahatan jalanan dan di angkutan umum. 2. Premanisme oleh kelompok/individu yang meminta secara paksa. 3. Perampokan terhadap penumpang taxi. 4. Melakukan hipnotis. 5. Debt Colector menagih hutang dengan cara kekerasan. 6. Kejahatan di Keramaian. 7. Perampokan terhadap Nasabah Bank. 8. Kejahatan Kapak Merah. 9. Perjudian. ""Diharapkan dengan berbagai operasi yang dilakukan termasuk operasi Keselamatan Jaya, Pekat Jaya dan nanti Operasi Ketupat, akan memberikan perasaan aman pada masyarakat,"" kata Argo menambahkan. Pewarta: Ricky Prayoga Editor: Ruslan Burhani Copyright © ANTARA 2019 Dilarang keras mengambil konten, melakukan crawling atau pengindeksan otomatis untuk AI di situs web ini tanpa izin tertulis dari Kantor Berita ANTARA. Kirim Komentar menjadi tanggung-jawab Anda sesuai UU ITE.",PENCURIAN
"Badrodin Haiti dari lulusan terbaik hingga Kapolri Jakarta (ANTARA News) - Jenderal Polisi Drs Badrodin Haiti menjadi Kepala Polri ke-22 sejak pertama kali dijabat Komisaris Jenderal Raden Said Soekanto Tjokrodiatmodjo pada 29 September 1945. Namun, Badrodin merupakan Kapolri pertama yang meniti karir sebagai Pelaksana Tugas Kapolri sebelum  definitif memegang tongkat komando sebagai Bhayangkara 1 setelah resmi dilantik oleh Presiden Joko Widodo di Istana Negara, Jakarta, Jumat. Lulusan terbaik Akademi Kepolisian pada 1982 peraih Adhi Makayasa itu kini berada di pucuk pimpinan Polri. ""Ini merupakan karir tertinggi di Polri,"" kata Hj Tejaningsih Haiti, istri Badrodin, saat mendampingi suaminya pada acara pelantikan. Keluarga Badrodin di Kabupaten Jember, Jawa Timur, juga memberikan dukungan penuh pada pria kelahiran Paleran, Umbulsari, Jember, Jawa Timur, 24 Juli 1958 itu, termasuk dalam proses uji kelayakan dan kepatutan Badrodin di DPR yang berlangsung Kamis (16/4). ""Semua keluarga berdoa yang terbaik untuk Din,"" kata Luqman Haiti, kakak kandung Din, panggilan akrab Badrodin. Keluarga bangga Din dipercaya memimpin institusi Polri dan berharap bisa menjaga amanah untuk memperbaiki institusi Polri baik ke dalam maupun ke luar demi menjaga keamanan dan ketertiban masyarakat. Mereka optimistis Badrodin memimpin institusi Polri secara tegas menegakkan aturan. Bagi keluarganya, Din dinilai sebagai orang yang sederhana, pendiam, cerdas, idealis, dan memiliki prinsip yang kuat. ""Kalau benar akan dikatakan benar dan kalau hal itu salah maka akan dikatakan salah. Bahkan Din tidak bisa diintervensi,"" kata Luqman tentang adiknya yang merupakan anak keempat dari delapan bersaudara pasangan (almarhum) KH Ahmad Haiti dan Siti Aminah. Kapolri Jenderal Pol Badrodin Haiti menyatakan kejahatan konvensional yang meresahkan masyarakat merupakan masalah mendesak yang akan segera ditangani Polri, seperti, premanisme, pencurian motor, geng motor, begal dan lainnya. Selain itu kasus-kasus yang menjadi perhatian masyarakat misalnya korupsi, terorisme, dan penyalahgunaan narkoba. Badrodin juga menyatakan akan melaksanakan komitmen sesuai dengan visi misi yang sampaikan di DPR. Pertama memang secara internal Polri harus meningkatkan soliditas personel melalui konsolidasi untuk memberikan satu pandangan bahwa ke depan bahwa tantangan tugas Polri berat. ""Sinergi dengan lembaga hukum lain juga bagian dari upaya saya karena memang di dalam program prioritas saya ada upaya kerja sama secara sinergi dengan lembaga lainnya,"" katanya. Dalam penanganan tindak pidana selain korupsi, dia mengatakan Polri bekerja sama dengan BPK, Kejaksaan, KPK, PPATK, pengadilan, dan Lembaga Pemasyarakatan. Riwayat Badrodin, ayah dari dua anak Farouq Ashadi Haiti dan Fakhri Subhana Haiti ini, mengawali karir di kepolisian setelah menjadi lulusan terbaik Akpol 1982 adalah sebagai Komandan Peleton Sabhara Dit Samapta Polda Metro Jaya (1982), Kasubro Ops Polres Metro Depok Polda Metro Jaya (1983), Kapolsek Pancoran Mas Polres Metro Depok Polda Metro Jaya (1983), Kabin Info PPKO Polda Metro Jaya (1984), Kabag Min Polres Aileu Polwil Timor Timur (1985), Kasat Serse Polres Metro Bekasi Polda Metro Jaya (1990), Kapolsek Metro Sawah Besar Polres Metro Jakpus Polda Metro Jaya (1993) Kasat Serse Polres Metro Jakbar Polda Metro Jaya (1994), Wakapolres Metro Jaktim Polda Metro Jaya (1995), Pabungkol Spri Kapolri (1996), Pamen Mabes Polri (1997), Paban Madya Dukminops Paban II/Ops Sops Polri (1998). Setelah 1982 - 1998 menjalankan tugas di Jakarta dan sekitarnya, Badrodin menjalani karir sebagai Kapolres Probolinggo Polwil Malang Polda Jatim (1999), Kapoltabes Medan (2000) Direktur Reskrim Polda Jatim (2003), Kapolwiltabes Semarang Polda Jateng (2004), Kapolda Banten (2004), lalu kembali lagi ke Jakarta sebagai Sekretaris Lembaga Diklat Polri (2005). Kemudian pindah tugas sebagai Kapolda Sulawesi Tengah (2006), kembali ke Jakarta sebagai Direktur I Bareskrim Polri (2008-2009), pindah lagi menjadi Kapolda Sumatera Utara (2009-2010) Kadivkum Polri (2010), Kapolda Jawa Timur (2010-2011), Staf Ahli Kapolri (2011), Asisten Operasi Kapolri (2011-2013), Kabaharkam (2013-2014), dan Wakapolri sejak 2014. Kini publik menunggu pelaksanan delapan agenda Kapolri Jenderal Pol Badrodin Haiti itu, yakni, pertama, memantapkan soliditas dengan melakukan reformasi internal Polri di bidang SDM, sarana prasarana dan anggaran. Kedua, melaksanakan revolusi mental SDM Polri melalui perbaikan sistem rekrutmen, peningkatan kesejahteraan, pendidikan dan latihan serta pengawasan. Ketiga, memperkuat kemampuan pencegahan kejahatan dengan landasan prinsip pemolisian proaktif dan pemolisian yang berorientasi pada penyelesaian akar masalah. Keempat, memacu terbentuknya postur Polri yang lebih dominan sebagai pelayan, pengayom dan pelindung masyarakat. Lalu kelima, meningkatkan pelayanan yang lebih prima kepada publik. Keenam, meningkatkan kemampuan deteksi untuk memahami potensi akar masalah gangguan kamtibmas. Ketujuh, meningkatkan kemampuan mediasi dan solusi non represif lainnya dalam menyelesaikan masalah sosial yang berpotensi mengganggu kamtibmas. Kedelapan, meningkatkan kemampuan penegakan hukum yang profesional, terutama penyidikan ilmiah,guna menekan angka empat jenis kejahatan. Oleh Budi Setiawanto Editor: Aditia Maruli Radja Copyright © ANTARA 2015 Dilarang keras mengambil konten, melakukan crawling atau pengindeksan otomatis untuk AI di situs web ini tanpa izin tertulis dari Kantor Berita ANTARA. Kirim Komentar menjadi tanggung-jawab Anda sesuai UU ITE.",PENCURIAN
"Dinas PPPA DKI dampingi anak korban asusila di Palmerah Jakbar Jakarta (ANTARA) - Dinas Pemberdayaan Perempuan dan Perlindungan Anak (PPPA) DKI Jakarta memberikan pendampingan terhadap anak perempuan berinisial CF (14) yang diduga menjadi korban asusila (begal payudara) dari seorang anak laki-laki asal Depok berinisial HRS (16). ""Kami telah memberikan pendampingan kepada kepada korban berupa asesmen kasus dan identifikasi kebutuhan korban,"" kata Kepala Satuan Pelaksana (Kasatpel Jakarta Barat Dinas PPPA DKI Jakarta, Maria Ulfa dalam jumpa pers di Mapolsek Palmerah, Selasa. Selanjutnya, pihaknya juga memberikan layanan psikososial dan pengukuran awal kondisi khusus korban. ""Kita juga melakukan analisis resiko demi keamanan korban dalam proses hukum, terus pendampingan di kepolisian dan konsultasi hukum awal,"" lanjut Maria. Lebih lanjut, pihaknya akan terus mendampingi terkait kondisi psikisnya. Baca juga: Anak pelaku asusila di Palmerah tak merasa bersalah ""Kemudian, pemeriksaan psikologis sesuai rujukan. Koordinasi psikososial atau mengakses pemulihan psikologis sebagai dukungan dalam persoalan yang dialami korban,"" ungkap Maria. Adapun mengenai pendampingan langkah hukum, pihaknya akan melakukan pendampingan sesuai prosedur peradilan pidana anak. ""Termasuk mengakses korban untuk mengajukan hak restitusi ke Lembaga Perlindungan Saksi dan Korban (LPSK). Kami juga dorong langkah proses penegakan hukum sesuai sistem peradilan pidana anak,"" ungkap Maria. Pendampingan itu, kata Maria, secara khusus dilakukan mengingat terduga pelaku merupakan anak. ""Kita berkolaborasi untuk kepentingan terbaik bagi korban dan mencegah kasus berulang,"" kata Maria. Baca juga: Sering tonton film dewasa picu anak Depok lakukan tindakan asusila Sebelumnya, pelaku HRS diduga telah melakukan tindak asusila yakni begal payudara sebanyak delapan kali, yakni tiga kali di Depok dan lima kali di Palmerah, Jakarta Barat. Kanit Reskrim Polsek Palmerah AKP Rachmad Wibowo menyabut aksi pelaku terungkap setelah korban berinisial CF (14) melaporkan perbuatan HRS ke polisi pada Selasa (10/12). ""Setelah dilakukan penyelidikan dan pelaku berhasil diringkus di daerah Sawangan, Depok pada Kamis (12/12),"" imbuh dia. Dinas PPPA DKI Jakarta sebelumnya, mengungkapkan bahwa anak perempuan paling sering menjadi korban kekerasan dengan total 323 anak berdasarkan data sejak Januari hingga Juni 2024. Berdasarkan wilayah, kasus kekerasan terhadap anak terbanyak terjadi di Jakarta Timur, yakni 28 persen atau 131 kasus, diikuti Jakarta Barat sebanyak 24 persen atau 116 kasus. Baca juga: Polisi tangkap tiga penyebar video asusila libatkan anak dibawah umur Pewarta: Redemptus Elyonai Risky Syukur Editor: Edy Sujatmiko Copyright © ANTARA 2024 Dilarang keras mengambil konten, melakukan crawling atau pengindeksan otomatis untuk AI di situs web ini tanpa izin tertulis dari Kantor Berita ANTARA. Kirim Komentar menjadi tanggung-jawab Anda sesuai UU ITE.",BEGAL
"Polda Metro kembali bekuk pembegal juragan beras Jakarta (ANTARA News) - Petugas Polda Metro Jaya kembali membekuk pelaku begal yang menewaskan juragan beras Mamat Surahmat alias Haji Rahmat di sekitar Ciracas Jakarta Timur. ""Petugas menangkap dua tersangka lainnya,"" kata Kepala Unit I Subdirektorat Kejahatan dan Kekerasan Direktorat Reserse Kriminal Umum Polda Metro Jaya Komisaris Polisi Budi Towoliu di Jakarta Selasa. Budi mengatakan kedua tersangka ditangkap di kawasan Mekarsari, Bogor dan Cilangkap Depok Jawa Barat. Sejauh ini, polisi telah menangkap empat pelaku termasuk dua tersangka yang baru diringkus itu. Namun, petugas menembak mati satu pelaku itu bernama Abdullah alias Dul karena melakukan perlawanan saat akan dibekuk. Budi mengungkapkan polisi masih mencari tiga pelaku lainnya yang masih berkeliaran. Sebelumnya, sindikat penjahat itu merampok Haji Rahmat dengan membawa kabur uang senilai Rp500 juta di depan Naga Swalayan Jalan Raya Bogor Ciracas Jakarta Timur sekitar Februari 2015. Salah satu pelaku menembak korban hingga meninggal dunia saat mengendarai sepeda motor. Pewarta: Taufik Ridwan Editor: Tasrief Tarmizi Copyright © ANTARA 2015 Dilarang keras mengambil konten, melakukan crawling atau pengindeksan otomatis untuk AI di situs web ini tanpa izin tertulis dari Kantor Berita ANTARA. Kirim Komentar menjadi tanggung-jawab Anda sesuai UU ITE.",BEGAL
"Pengakuan Pelaku Begal Siswa SMP di Depok Usai Ditangkap: Incar Anak Sekolah Bawa HP Depok – Tak perlu waktu lama, jajaran Polres Metro Depok mengamankan pelaku pembegalan terhadap siswa SMPN 2 Depok yang terjadi pada Rabu, 24 April 2024. Pelaku berjumlah dua orang berhasil diamankan di lokasi berbeda. Kapolres Metro Depok, Kombes Pol Arya Perdana mengatakan, kedua pelaku diamankan di Srengseng Sawah, Jakarta Selatan dan Cileungsi, Kabupaten Bogor. Pelaku berhasil diamankan setelah polisi mengecek CCTV yang merekam kejadian tersebut. ADVERTISEMENT GULIR UNTUK LANJUT BACA “Begitu kejadian, anggota langsung datang ke TKP dan melakukan pengecekan CCTV yang ada dan plat motor yang terlihat,” katanya, dikutip Jumat, 26 April 2024.  Ilustrasi begal. Photo : http://ibu-zahraa.blogspot.com Kemudian polisi mendatangi pemilik motor dan akhirnya berhasil mengamankan satu pelaku. Selanjutnya dilakukan pendalaman dari pelaku pertama hingga pelaku kedua juga diamankan. “Pelaku pertama ditangkap di Srengseng Sawah lalu belum mendapatkan pelaku yang melakukan pembacokan. Kemudian dilakukan pengejaran dan siang tadi kita dapatkan pelaku yang melakukan pembacokan. (Diamankan) di Cileungsi. Sudah kita bawa ke polres untuk dilakukan pemeriksaan,” ujarnya. Dari pengakuan kedua pelaku, pembegalan dilakukan lebih dari sekali. Sasarannya adalah anak sekolah yang membawa benda berharga. “Setelah kita tanya ternyata ada tiga TKP dalam satu hari yaitu di Beji, Krukut dan Cinere. Pelaku selalu mengincar anak sekolah yang membawa barang berharga seperti handphone (HP),” ungkapnya.  Seorang pria yang merupakan pelaku begal payudara berhasil ditangkap warga usai melakukan aksinya di Cipayung, Jakarta Timur. (foto ilustrasi) Photo : VIVA.co.id/Andrew Tito Setiap beraksi para pelaku selalu membawa senjata tajam. Biasanya mereka beraksi selalu dua orang dan mengendarai motor. Satu orang mengendarai motor, dan satu lainnya melakukan perampasan terhadap korban. “(korban) dipepet dan kalau melawan akan ada aksi dari pelaku untuk melakukan penganiayaan. (sajam) sudah dipersiapkan. Jadi setiap kali mereka beraksi itu sajam sudah siap untuk jaga-jaga kalau si korban melawan,” tukasnya. Saat ini pelaku sudah diamankan di Polres Depok. Barang bukti berupa handphone juga ikut diamankan. Kasusnya masih didalami lebih lanjut. ADVERTISEMENT GULIR UNTUK LANJUT BACA “Sementara diamankan handphone dan sajam jenis celurit,” pungkasnya.",BEGAL
"Polda Metro bekuk dua komplotan begal bersenjata tajam Jakarta (ANTARA) - Penyidik Polda Metro Jaya membekuk dua komplotan begal sadis yang kerap melukai korbannya dengan senjata tajam saat menjalankan aksinya di kawasan Bekasi dan Depok. Komplotan pertama yang diungkap yakni begal yang kerap beraksi di kawasan Bekasi. Dalam kasus ini, polisi berhasil menangkap tujuh pelaku setelah mendapat laporan dari korban. Yusri mengatakan lima pelaku ini berperan sebagai eksekutor dan joki saat beraksi. Penangkapan terhadap lima pelaku tersebut terus dikembangkan dan berujung dengan penangkapan terhadap dua penadah barang hasil curian para pelaku. Modusnya komplotan ini adalah beraksi pada tengah malam dengan mencari lokasi yang sepi dan mengincar korban yang melintas seorang diri. ""Komplotan ini satu motor bonceng tiga dan mencari korban yang berjalan sendiri. Ini sama modusnya, dipepet tanpa tanpa ada basa basi pelaku turun menyerang korban di beberapa bagian tubuh korban,"" ujar Yusri. Yusri mengatakan pelaku melakukan penganiayaan karena korbannya berusaha melawan demi mempertahankan harta bendanya. Atas laporan korban polisi kemudian menangkap dua pelaku dan satu pelaku lainnya masih dalam pengejaran petugas. Secara total ada sembilan orang yang ditangkap Polda Metro Jaya dan seluruhnya kini telah menyandang status tersangka serta ditahan di Rumah Tahanan Polda Metro Jaya Para tersangka begal tersebut dijerat dengan Pasal 365 KUHP tentang perampokan dengan ancaman hukuman 9 tahun penjara sedangkan pelaku penadah barang curian tersebut dijerat dengan Pasal 480 KUHP dengan ancaman empat tahun penjara. Pewarta: Fianda Sjofjan Rassat Editor: Ganet Dirgantara Copyright © ANTARA 2021 Dilarang keras mengambil konten, melakukan crawling atau pengindeksan otomatis untuk AI di situs web ini tanpa izin tertulis dari Kantor Berita ANTARA. Kirim Komentar menjadi tanggung-jawab Anda sesuai UU ITE.",BEGAL
"Polda Metro tangkap begal bersenjata tajam di Bojonggede Jakarta (ANTARA) - Petugas Direktorat Reserse Kriminal Umum Polda Metro Jaya menangkap kelompok begal bersenjata tajam yang kerap melukai korbannya saat beraksi di Bojobggede, yang masuk wilayah hukum Polres Kota Depok. ""Modus operandi para pelaku, menghampiri korban dan tanpa basa-basi memukul dan melukai korban. Pelaku langsung mengambil barang milik korban dan melarikan diri,"" kata Kabid Humas Polda Metro Jaya, Kombes Pol Endra Zulpan, di Jakarta, Jumat. Zulpan mengatakan, kasus ini terungkap setelah sebelumnya polisi mendapat laporan dari seorang korban berusia 18 tahun. ""Pembegalan itu terjadi pada Jumat 12 November 2021 di Bojonggede, Depok, dengan korban berinisial DS,"" katanya. Baca juga: Polisi tembak mati seorang begal motor di Jakarta Utara Atas laporan itu, petugas dari Polda Metro Jaya melakukan penyelidikan dan olah tempat kejadian perkara (TKP) yang mengarah kepada pelaku pembegalan tersebut. Polisi kemudian menangkap tiga tersangka begal berinisial RHR (22), H (19) dan FA (24), di tempat berbeda. ""Perannya ada eksekutor, membacok korban menggunakan celurit, dan ada joki,"" kata Zulpan. Atas perbuatanya, para tersangka ini kini harus mendekam di Rumah Tahanan Polda Metro Jaya dan dijerat dengan Pasal 365 KUHP tentang perampokan dengan ancaman hukuman di atas lima tahun penjara. Baca juga: Polisi ringkus begal bersenjata dan penadah di Jakarta Barat Baca juga: Polisi kejar penjahat begal sepeda motor di Jakarta Selatan Pewarta: Fianda Sjofjan Rassat Editor: Riza Harahap Copyright © ANTARA 2021 Dilarang keras mengambil konten, melakukan crawling atau pengindeksan otomatis untuk AI di situs web ini tanpa izin tertulis dari Kantor Berita ANTARA. Kirim Komentar menjadi tanggung-jawab Anda sesuai UU ITE.",BEGAL
"Hukum, dari penganiayaan jaksa hingga penyelundupan 25 ton timah pasir Jakarta (ANTARA) - Beragam peristiwa yang berkaitan dengan hukum terjadi sepanjang Senin (2/6), mulai dari kasus penganiayaan jaksa hingga penyelundupan 25 ton pasir timah. Berikut rangkuman berita hukum untuk pembaca. 1. Kejagung duga pembacokan pegawai kejaksaan di Depok karena begal Jakarta (ANTARA) - Kejaksaan Agung menduga kasus pembacokan terhadap seorang pegawai Pusat Data Statistik Kriminal dan Teknologi Informasi (Pusdakrimti) Kejagung berinisial DSK di Depok, Jawa Barat, merupakan aksi begal. ""Kami berkesimpulan sementara ini bisa saja ada bentuk kejahatan-kejahatan, apakah dalam upaya begal, pencurian dan seterusnya,"" kata Kepala Pusat Penerangan Hukum (Kapuspenkum) Kejagung Harli Siregar di Gedung Kejaksaan Agung, Jakarta, Senin. Baca di sini 2. Kemenham dukung prinsip non-hukuman bagi korban perdagangan manusia Jakarta (ANTARA) - Kementerian Hak Asasi Manusia (Kemenham) mendukung prinsip non-hukuman bagi korban perdagangan manusia dalam panduan bersama negara-negara ASEAN yang diluncurkan di Jakarta, Senin. “Prinsip non-penghukuman tidak sekedar pedoman teknis, tetapi juga simbol komitmen kolektif kawasan terhadap HAM dan semangat keadilan restoratif,” kata Wakil Menteri HAM Mugiyanto pada acara peluncuran itu sebagaimana dikutip dari keterangan tertulis. Baca di sini 3. Satgas Damai Cartenz kerahkan tim gabungan buru napi kabur di Nabire Jakarta (ANTARA) - Satuan Tugas Operasi Damai Cartenz mengerahkan tim gabungan untuk mencari 19 narapidana yang kabur dari Lembaga Pemasyarakatan (Lapas) Kelas IIB Nabire, Papua Tengah, Senin. “Tim kami bersama jajaran Polda Papua Tengah dan instansi terkait saat ini terus melakukan pengejaran secara intensif. Semua napi yang kabur akan ditindak tegas sesuai prosedur,” kata Kepala Operasi Satgas Damai Cartenz Brigjen Pol. Faizal Ramadhani dalam keterangan diterima di Jakarta. Baca di sini 4. Mantan Dirjen Binapenta Kemenaker akui urusan TKA libatkan instansi lain Jakarta (ANTARA) - Mantan Direktur Jenderal Pembinaan Penempatan Tenaga Kerja dan Perluasan Kesempatan Kerja (Binapenta dan PKK) Kementerian Ketenagakerjaan pada 2020–2023 Suhartono mengakui bahwa urusan tenaga kerja asing melibatkan instansi lain. ""Prosesnya ada. Nanti ada beberapa instansi. Kan ini prosesnya panjang,"" ujar Suhartono saat wawancara cegat di Gedung Merah Putih KPK, Jakarta, Senin. Baca di sini 5. TNI AL gagalkan penyelundupan 25 ton pasir timah ilegal Jakarta (ANTARA) - TNI AL melalui Tim Fleet One Quick Response (F1QR) Pangkalan TNI AL (Lanal) Bangka Belitung menggagalkan penyelundupan 25 ton pasir timah ilegal yang diduga akan dibawa ke Malaysia (1/6). Siaran pers resmi TNI AL yang diterima ANTARA di Jakarta, Senin, melaporkan bahwa pasir tersebut dibawa oleh KM. Indah Jaya GT 34 melewati alur pelayaran Pelabuhan Pangkal Balam. Baca di sini Pewarta: Walda Marison Editor: Laode Masrafi Copyright © ANTARA 2025 Dilarang keras mengambil konten, melakukan crawling atau pengindeksan otomatis untuk AI di situs web ini tanpa izin tertulis dari Kantor Berita ANTARA. Kirim Komentar menjadi tanggung-jawab Anda sesuai UU ITE.",PENCURIAN
"Kriminal kemarin, pria halangi ambulans hingga kasus penadahan motor Jakarta (ANTARA) - Berbagai peristiwa kriminal terjadi di wilayah DKI Jakarta pada Senin (11/5), mulai dari penangkapan pria berinisial ML yang diduga merusak dan menghalangi laju mobil ambulans saat hendak menjemput korban kecelakaan di Sukmajaya, Depok, hingga kasus penadahan sepeda motor di Jakarta Selatan. Berikut rangkuman berita selengkapnya: 1. Polisi tangkap pria yang merusak dan halangi ambulans di Depok Polres Metro Depok menangkap seorang pria berinisial ML yang diduga merusak dan menghalangi laju mobil ambulans saat hendak menjemput korban kecelakaan di Sukmajaya, Depok. Kepala Seksi Humas Polres Metro Depok, AKP Made Budi dalam keterangannya di Jakarta, Senin, membenarkan hal tersebut, pelaku juga telah diamankan di Polres. Baca berita selengkapnya di sin 2. Pria di Jakbar jadi korban penambakan komplotan pencuri bersenpi Seorang pria bernama Alif (25) menjadi korban penembakan oleh komplotan pencuri sepeda motor bersenjata api di kawasan Jalan Duri Raya, Kebon Jeruk, Jakarta Barat. Alif, saat ditemui di lokasi pada Senin sore, mengatakan, insiden itu terjadi pada Minggu (10/5) siang. Saat itu, Alif sedang makan bakso di sebuah warung yang berlokasi tidak jauh dari rumahnya. Baca berita selengkapnya di sini 3. Ahli forensik ungkap tanda kekerasan di seluruh tubuh kacab bank Ahli Forensik dari Rumah Sakit Polri Kramat Jati, Jakarta Timur, Astri Astri Megaratri Pralepda mengungkapkan adanya tanda kekerasan hampir di seluruh tubuh seorang kepala cabang (kacab) bank di Jakarta berinisial MIP (37). ""Ditemukan tanda-tanda kekerasan pada hampir seluruh tubuh jenazah MIP,"" kata Astri dalam sidang pemeriksaan saksi tambahan kasus dugaan penculikan dan pembunuhan terhadap seorang kepala cabang (kacab) bank di Jakarta berinisial MIP (37) di Pengadilan Militer II-08 Jakarta, Cakung, Jakarta Timur, Senin Baca berita selengkapnya di sini 4. Polisi ringkus dua residivis begal bersenjata tajam di Pluit Unit Reskrim Polsek Kawasan Sunda Kelapa meringkus dua pria residivis kasus begal bersenjata tajam di Jalan Pluit Karang Utara, Jakarta Utara, serta menyita sebilah arit dan golok dari tangan pelaku. “Kedua tersangka diketahui berinisial BR (29) warga Penjaringan dan MA alias Acil (22) warga Jatinegara. Kedua pria ini merupakan residivis lulusan Rutan Cipinang, Jakarta Timur,” kata Kanit Reskrim Polsek Sunda Kelapa, Iptu Indra Basuki di Jakarta, Senin. Baca berita selengkapnya di sini 5. Kasus penadahan motor di Jaksel, negara berpotensi rugi Rp177 miliar Polda Metro Jaya mengungkapkan kasus penadahan dan pemalsuan dokumen fidusia yang diungkap di Jalan Kemandoran Grogol Utara, Kebayoran Lama, Jakarta Selatan, berpotensi merugikan negara hingga sekitar Rp177 miliar. ""Perbuatan tersangka dapat memberikan dampak negatif pada perekonomian negara dikarenakan sejumlah sepeda motor yang berasal dari pengalihan atau dari perbuatan yang ilegal ini, berpotensi dapat merugikan keuangan negara sejumlah Rp177 miliar,"" kata Direktur Reserse Kriminal Umum Polda Metro Jaya, Kombes Pol Iman Imanuddin saat ditemui di Jakarta. Baca berita selengkapnya di sini Pewarta: Siti Nurhaliza Editor: Rr. Cornea Khairany Copyright © ANTARA 2026 Dilarang keras mengambil konten, melakukan crawling atau pengindeksan otomatis untuk AI di situs web ini tanpa izin tertulis dari Kantor Berita ANTARA. Kirim Komentar menjadi tanggung-jawab Anda sesuai UU ITE.",BEGAL
"Gubernur Jabar perkuat koordinasi tingkatkan keamanan terkait begal Bandung (ANTARA) - Gubernur Jawa Barat Ridwan Kamil memperkuat koordinasi dengan stakeholder untuk meningkatkan keamanan terkait dengan maraknya tindak kriminal begal yang terjadi belakangan ini di sejumlah wilayah di Jawa Barat. ""Saya akan terus mengoordinasikan keamanan di Depok, Bekasi, Pangandaran, Tasikmalaya, dan Garut yang sempat ramai (pembegalan), termasuk di Bandung,"" kata Ridwan Kamil di Kota Bandung, Jumat. Selain itu, Gubernur Ridwan Kamil juga mengimbau kepada warga Jabar untuk menghidupkan kembali ronda malam dan menggencarkan siskamling sehingga dapat menekan tindak kriminalitas. Warga juga diimbau segera melaporkan jika melihat ada hal-hal yang mencurigakan di lingkungannya karena ketertiban dan keamanan bukan hanya tugas negara, melainkan tugas bersama seluruh masyarakat. ""Rajin melaporkan, mengamati gerak-gerik mencurigakan dan lain sebagainya. Keamanan, ketertiban, dan kebersihan bukan hanya tugas negara. Itu tugas kita bersama. Jadi siskamling mudah-mudahan menjadi satu solusi dalam hal preventif,"" kata dia. Sementara itu, Pemerintah Kota (Pemkot) Bandung memperbanyak lampu jalan mulai dari Penerangan Jalan Umum (PJU), Penerangan Jalan Lingkungan (PJL), hingga kamera pengawas atau CCTV guna mencegah aksi begal. Wali Kota Bandung Yana Mulyana mengatakan Pemkot Bandung telah menyiapkan anggaran sebesar Rp24 miliar yang berasal dari Anggaran Pendapatan dan Belanja Daerah (APBD) untuk memperbanyak lampu jalan tersebut. ""Karena faktanya kejadian kejadian itu (kriminalitas) bisa terekam CCTV,"" kata Yana di Balai Kota Bandung, Jawa Barat. Pewarta: Ajat Sudrajat Editor: Nurul Hayat Copyright © ANTARA 2023 Dilarang keras mengambil konten, melakukan crawling atau pengindeksan otomatis untuk AI di situs web ini tanpa izin tertulis dari Kantor Berita ANTARA. Kirim Komentar menjadi tanggung-jawab Anda sesuai UU ITE.",BEGAL
"Polisi ringkus begal bersenjata dan penadah di Jakarta Barat Jakarta (ANTARA) - Polsek Tanjung Duren meringkus tiga pria diduga begal motor bersenjata tajam, serta seorang pria diduga penadah hasil curian di Jalan Sekretaris, Tanjung Duren Utara, Grogol Petamburan, Jakarta Barat. ""Tiga pelaku berhasil kita tangkap. Mereka mengendarai sepeda motor untuk mengejar para pengendara sepeda motor dengan mengacung-acungkan celurit,"" ujar Kapolsek Tanjung Duren, Kompol Agung Wibowo di Jakarta, Kamis. Tiga pelaku begal motor bersenjata tajam berinisial R (17), SC (19) dan TW(23), serta seorang penadah hasil curian berinisial RH (28) di Depok, Jawa Barat. Agung menjelaskan pelaku begal saat beraksi membawa senjata tajam jenis celurit. Mereka mengincar siapa saja korbannya yang ditemui di jalan dan mengancam dengan mengacungkan celurit tersebut. Baca juga: Polisi kejar penjahat begal sepeda motor di Jakarta Selatan Sementara pelaku R yang masih di bawah umur, menendang motor korban hingga korban jatuh. Ketika korban jatuh, pelaku mengancam korban dengan mengarahkan celurit ke tubuh, membuat korban pasrah saat motornya dibawa kabur. Kanit Reskrim Polsek Tanjung Duren AKP M. Mubarak, mengaku pihaknya mengembangkan kasus tersebut untuk mencari barang bukti sepeda motor korban. Ketiga pelaku pembegal sepeda motor itu mengaku barang bukti motor yang dirampasnya, telah dijual ke penadah seharga Rp1,8 juta. Aksi itu dilakukan pada 14 Juli 2020 dan pada hari yang sama, ketiga pelaku dan penadah RH ditangkap. Baca juga: Polrestro Jakarta Timur tembak kaki pembegal motor ""Kami masih berusaha mengembangkan TKP (tempat kejadian perkara) lain maupun alat buktinya berupa celurit yang menurut keterangan para pelaku dibuang,"" kata Agung. Para pelaku dapat dikenakan Pasal 365 KUHP tentang pencurian dengan kekerasan dan ancaman hukuman di atas tujuh tahun. Baca juga: Geng motor pelaku pembegalan ditangkap di Jaksel Pewarta: Devi Nindy Sari Ramadhan Editor: Edy Sujatmiko Copyright © ANTARA 2020 Dilarang keras mengambil konten, melakukan crawling atau pengindeksan otomatis untuk AI di situs web ini tanpa izin tertulis dari Kantor Berita ANTARA. Kirim Komentar menjadi tanggung-jawab Anda sesuai UU ITE.",BEGAL
"Pembegal anggota Brimob di Jatisampurna terancam 12 tahun penjara Jakarta (ANTARA) - Lima pelaku perampokan dengan senjata tajam terhadap anggota Korps Brimob Polri di Jatisampurna, Kota Bekasi, terancam hukuman 12 tahun penjara. ""Akibat kejahatan ini para penyidik menetapkan lima orang sebagai tersangka dan dipersangkakan dengan Pasal 365 KUHP ayat 2 dengan ancaman hukuman 12 tahun penjara,"" kata Kabid Humas Polda Metro Jaya Kombes Pol Endra Zulpan di Jakarta, Rabu. Zulpan menjelaskan, kasus perampokan tersebut terjadi pada Selasa (15/2) dini hari sekitar pukul 02.00 WIB di Jalan Raya Kranggan, Jatisampurna, Kota Bekasi. Korban dalam hal ini seorang anggota polri pangkat Aipda ES (41) yang berdinas di Korps Brimob Polri di Kelapa Dua, Depok, Jawa Barat. Baca juga: Anggota Polri dibegal saat melintas di Jatisampurna Bekasi Korban kemudian melaporkan kejadian tersebut ke Polsek Jatisampurna yang langsung ditindaklanjuti dengan olah tempat kejadian perkara (TKP) dan penangkapan lima tersangka pada Selasa malam sekitar pukul 20.00 WIB. Tersangka pertama berinisial MH (17) yang berperan sebagai otak kejahatan itu dan mengajak tersangka lainnya untuk menentukan tentukan lokasi perampokan. Tersangka selanjutnya berinisial RMI (21) yang berperan menyerang korban dengan senjata tajam dan mengambil motor korban. Tersangka ketiga berinisial AM (16) yang perannya turut mengambil motor korban. Tersangka keempat adalah MAL (17) perannya menyediakan dan menyimpan senjata tajam yang digunakan untuk kejahatan. Baca juga: Polisi tangkap pembegal anggota Polri di Jatisampurna Tersangka kelima adalah RH (16) yang berperan menyimpan motor hasil kejahatan dan menjual motor tersebut secara daring. Adapun barang bukti kejahatan yang disita petugas, yakni dua buah celurit, satu unit motor milik korban dan satu unit motor yang digunakan pelaku dalam melakukan aksi kejahatan. Modus pelaku mereka adalah mencari lokasi sepi di jam tertentu dan mengincar pengendara yang melintas seorang diri. Polisi juga telah melakukan tes urine kepada kelima tersangka, namun hasil tes kelima tersangka negatif dari narkoba. Kelima tersangka telah ditahan oleh Polres Metro Bekasi Kota untuk menjalani proses hukum dan mempertanggungjawabkan perbuatannya. Pewarta: Fianda Sjofjan Rassat Editor: Sri Muryono Copyright © ANTARA 2022 Dilarang keras mengambil konten, melakukan crawling atau pengindeksan otomatis untuk AI di situs web ini tanpa izin tertulis dari Kantor Berita ANTARA. Kirim Komentar menjadi tanggung-jawab Anda sesuai UU ITE.",BEGAL
"Kapolda Metro akan datangi langsung lokasi rawan kejahatan Jakarta (ANTARA) - Kapolda Metro Jaya Irjen Pol Fadil Imran akan mendatangi secara langsung ke lokasi rawan kejahatan pada jam rawan kejadian itu sebagai tindak lanjut atas banyaknya laporan masyarakat terkait aksi kriminalitas di lokasi dan jam terkait. ""Kemarin saya membaca berita di Depok ada warga yang terluka diserang gangster, kemudian tawuran dan begal di Bekasi. Saya akan datang ke lokasi-lokasi yang rawan tersebut sesuai jam kejadian,"" kata Fadil lewat akun Instagram @kapoldametrojaya, di Jakarta, Selasa. Fadil mengatakan pihak kepolisian akan segera melakukan intervensi agar segala aksi kriminalitas yang meresahkan masyarakat bisa segera diberantas. ""Saya akan evaluasi dan bersama-sama kita susun intervensi yang dapat membuat aman dan nyaman masyarakat,"" ujarnya. Baca juga: Kapolda Metro tegaskan tidak anti kritik Menurutnya, pihaknya harus bekerja keras dengan ikhlas dan untuk itu harus bekerja untuk dapat menyelesaikan persoalan itu agar dapat dituntaskan. ""Catat ya para Kapolsek saya akan datang ke lokasi-lokasi yang rawan tersebut,"" tambahnya. Lebih lanjut Fadil juga menginstruksikan kepada Direktur Reserse Kriminal Umum Polda Metro Jaya Kombes Pol Tubagus Ade Hiidayat untuk menyiapkan rencana penanganan tindak kriminal tersebut. ""Disusun betul rencana aksi itu untuk mengidentifikasi kasus yang mengganggu masyarakat. Khususnya di wilayah Bekasi, Depok, Tangerang. Pak Dirkrimum disiapkan operasinya itu,"" pungkasnya. Baca juga: Polda Metro Jaya sikapi serius pesan Kapolri soal ""potong kepala"" Pewarta: Fianda Sjofjan Rassat Editor: Edy Sujatmiko Copyright © ANTARA 2022 Dilarang keras mengambil konten, melakukan crawling atau pengindeksan otomatis untuk AI di situs web ini tanpa izin tertulis dari Kantor Berita ANTARA. Kirim Komentar menjadi tanggung-jawab Anda sesuai UU ITE.",BEGAL
"Polda Metro bentuk tim khusus tekan kriminalitas di masa PSBB Jakarta (ANTARA) - Polda Metro Jaya telah membentuk tim khusus untuk menekan angka kriminalitas di saat diberlakukannya kebijakan Pembatasan Sosial Berskala Besar (PSBB) yang diterbitkan untuk menekan penyebaran COVID-19. ""Kapolda (Metro Jaya) sudah langsung membentuk tim-tim khusus dengan situasi kriminal sekarang ini meningkat,"" kata Kepala Bidang Humas Polda Metro Jaya, Komisaris Besar Polisi Yusri Yunus di Mako Polda Metro Jaya, Rabu. Yusri mengatakan Polda Metro Jaya membentuk tim khusus tersebut karena ada pergeseran dalam jenis kejahatan yang meningkat di masa PSBB, yakni pencurian terhadap minimarket dan begal. ""Kemudian yang sekarang ada jenis kejahatan curat (pencurian dengan pemberatan) memang betul ada peningkatan, tetapi lari mereka ke tempat-tempat minimarket yang ada, kemudian di tempat-tempat yang sepi terjadi begal,"" ujarnya. Baca juga: Polda Metro Jaya siapkan ""hotline"" pengaduan tindak kriminal Baca juga: Tidak ada penyekatan akses ke Jakarta dengan kota penyangga Dia juga mengatakan kepolisian telah memetakan wilayah yang akan mendapatkan perhatian khusus dan di lokasi itulah tim khusus Polda Metro Jaya akan diturunkan. ""Jadi Kapolda memerintahkan ke seluruh Kapolres untuk memetakan mana wilayah-wilayah yang rawan kejahatan, jam-jam waktu kejahatan serta modusnya. Itulah nanti yang menjadi skala prioritas kita untuk melakukan patroli yang ditingkatkan oleh tim-tim yang dibentuk sekarang ini,"" ujarnya. Selain itu, Direktorat Reserse Kriminal Umum Polda Metro Jaya membuka layanan hotline pengaduan untuk mempermudah masyarakat yang ingin melaporkan adanya tindak kejahatan. Berikut hotline Ditreskrimum Polda Metro Jaya yang bisa dihubungi, 1. Piket Subdit Resmob, No. : +628139774433 2. Piket Subdit Jatanras, No. : +6282299911996 3. Piket Subdit Ranmor, No. : +6285894276231 4.Sat Reskrim Polres Metro Jakarta Pusat, No. : +6281383937871 5.Sat Reskrim Polres Metro Jakarta Utara, No. : +628118569696 6. Sat Reskrim Polres Metro Jakarta Barat, No. +6281280800666 7. Sat Reskrim Polres Metro Jakarta Selatan, No. :+6281211121044, +6281283456772 8. Sat Reskrim Polres Metro Jakarta Timur, No. :+6281383429190 9. Sat Reskrim Polres Metro Tangerang Kota, No. : +6282110905934 10. Sat Reskrim Polres Pelabuhan Tj. Priok, No. : +6282291191109 11. Sat Reskrim Polres Metro Bekasi Kota, No. : +62895355333333 12. Sat Reskrim Polres Metro Depok, No. : +6281319742940 13. Sat Reskrim Polresta Bandara Soetta, No. : +6282249492006 14. Sat Reskrim Polres Metro Bekasi Kab, No. : +628118088299 15. Sat Reskrim Polres Kepulauan Seribu, No. : +6281292998467 16. Sat Reskrim Polres Tangerang Selatan, No. : +6285282801010.* Baca juga: Polda Metro Jaya pantau ""jalan tikus"" terkait larangan mudik Baca juga: Polda Metro siapkan 19 titik sekat terkait larangan mudik Pewarta: Fianda Sjofjan Rassat Editor: Erafzon Saptiyulda AS Copyright © ANTARA 2020 Dilarang keras mengambil konten, melakukan crawling atau pengindeksan otomatis untuk AI di situs web ini tanpa izin tertulis dari Kantor Berita ANTARA. Kirim Komentar menjadi tanggung-jawab Anda sesuai UU ITE.",PENCURIAN
"Polresta Bekasi buru komplotan begal truk Bekasi, Jawa Barat (ANTARA News) - Polresta Bekasi Kota, Jawa Barat, tengah mengejar komplotan begal yang membawa kabur sebuah truk di Jalan Arteri Jatimelati, Kecamatan Jatimelati, Kota Bekasi, Jumat (18/9). ""Pelakunya berjumlah enam orang berhasil membawa kabur Truk Colt Diesel warna kuning dengan bak warna biru bernomor polisi B-1851-BF,"" kata Kasubag Humas Polresta Bekasi Kota, AKP Siswo, di Bekasi. Menurut dia, truk dibawa kabur begal sekitar pukul 20.30 WIB setelah dua orang sopirnya dilumpuhkan. ""Dua korban bernama Sarjuanto (53) selaku sopir cadangan, dan Agus Mulyanto (55) sopir. Keduanya selamat,"" katanya. Siswo mengatakan, kronologis kejadian itu bermula saat korban sedang mangkal mencari penumpang di pangkalan truk Kramatjati, Jakarta sekitar pukul 19.00 WIB. Kemudian, seorang pelaku berlogat Jawa menemui Agus dan berpura-pura akan menyewa truk korban untuk mengangkut tripleks dari Kranggan, Kecamatan Jatisampurna, Kota Bekasi menuju Kaligawe, Semarang. ""Korban sepakat setelah menyetujui biaya sewa truk Rp2,2 juta,"" katanya. Kemudian Agus diajak pelaku menaiki mobil Toyota Avanza, dengan alasan menjemput tripleks dan butuh bantuan tenaga. ""Di dalam mobil pelaku, Agus dipukul dan diikat di dalam mobil Avanza,"" katanya. Sementara Sarjuanto dilumpuhkan tiga pelaku lain di dalam truk saat tiba di Kranggan. ""Kedua korban dimasukan ke Toyota Avanza dan dibuang di Jalan Esmeranda Tapos Kecamatan Cimanggis, Kota Depok,"" katanya. Pewarta: Andi Firdaus Editor: Ade P Marboen Copyright © ANTARA 2015 Dilarang keras mengambil konten, melakukan crawling atau pengindeksan otomatis untuk AI di situs web ini tanpa izin tertulis dari Kantor Berita ANTARA. Kirim Komentar menjadi tanggung-jawab Anda sesuai UU ITE.",BEGAL
"Kriminal kemarin, mahasiswi aniaya polisi hingga pencabulan santriwati Jakarta (ANTARA) - Sejumlah berita kriminal terjadi di Jakarta dan sekitarnya pada Senin (4/7), mulai dari kasus penganiayaan yang dilakukan seorang mahasiswi kepada anggota Kepolisian yang berakhir damai hingga kasus pencabulan yang menimpa santriwati. Berikut rangkuman berita kemarin selengkapnya yang masih menarik untuk dibaca kembali. 1. Terduga pelaku pembacokan di Cipayung ditangkap polisi Polsek Cipayung menangkap terduga pelaku pembacokan terhadap seorang pegawai Sekolah Menengah Atas Negeri Unggulan (SMANU) M.H Thamrin di Kecamatan Cipayung, Jakarta Timur, pada Jumat (1/7). Berita selengkapnya klik di sini 2. Kasus mahasiswi aniaya polisi di Jatinegara berakhir damai Kasus dugaan penganiayaan oleh seorang mahasiswi bernama Hana terhadap anggota Polres Metro Jakarta Timur Iptu Rano di Jatinegara, pada Kamis (30/6) berakhir damai. Berita selengkapnya klik di sini 3. Polda Metro tangkap kawanan begal bersenjata tajam di Tajurhalang Penyidik Direktorat Reserse Kriminal Umum (Ditreskrimum) Polda Metro Jaya menangkap kawanan begal bersenjata tajam di Tajurhalang, Kabupaten Bogor, yang beraksi pada Sabtu (28/5). Berita selengkapnya klik di sini 4. Kasus dugaan pencabulan santriwati di Depok naik ke penyidikan Polda Metro Jaya menaikkan kasus dugaan pencabulan terhadap belasan santriwati di Pondok Pesantren kawasan Beji, Depok ke tahap penyidikan. Berita selengkapnya klik di sini 5. Sopir taksi diduga lakukan asusila kepada anak-anak Polres Metro Jakarta Selatan menerima laporan seorang ibu berinisial N (34) terkait kasus dugaan perbuatan asusila dilakukan A yang berprofesi sebagai sopir taksi terhadap anak sang ibu, F (7). Berita selengkapnya klik di sini Pewarta: Dewa Ketut Sudiarta Wiguna Editor: Sri Muryono Copyright © ANTARA 2022 Dilarang keras mengambil konten, melakukan crawling atau pengindeksan otomatis untuk AI di situs web ini tanpa izin tertulis dari Kantor Berita ANTARA. Kirim Komentar menjadi tanggung-jawab Anda sesuai UU ITE.",PEMBACOKAN
"Kriminal kemarin, peredaran sabu hingga penipuan Mario Teguh Jakarta (ANTARA) - Beragam peristiwa kriminal dan hukum terjadi di wilayah Jakarta pada Senin (17/7) mulai dari pengungkapan peredaran sabu seberat 36 kilogram di Depok hingga kasus penipuan Mario Teguh. 1. Polda Metro Jaya ungkap kasus peredaran sabu 36 kilogram di Depok Baca selengkapnya di sini 2. Polisi panggil pelapor dan saksi kasus penipuan Mario Teguh Jakarta (ANTARA) - Polda Metro Jaya menjadwalkan pemanggilan pelapor dan saksi dalam kasus dugaan penipuan dan penggelapan oleh motivator Mario Teguh. Baca selengkapnya di sini 3. Polisi bentuk tim khusus ungkap begal di tol Tanjung Priok Jakarta (ANTARA) - Polres Metro Jakarta Utara membentuk tim khusus untuk mengungkap kasus pencurian dengan kekerasan (begal) terhadap sopir truk di Jalan Tol Wiyoto Wiyono, Tanjung Priok, dengan korban mengalami penusukan dan kehilangan uang. 4. Polisi terima laporan artis FTV soal teror dan pemerasan Jakarta (ANTARA) - Polisi menerima laporan kasus teror dan pemerasan (blackmail) dengan ancaman menyebarkan video pornografi terhadap  artis FTV Hasninda Ramadhani. Baca selengkapnya di sini Baca selengkapnya di sini Pewarta: Syaiful Hakim Editor: Edy Sujatmiko Copyright © ANTARA 2023 Dilarang keras mengambil konten, melakukan crawling atau pengindeksan otomatis untuk AI di situs web ini tanpa izin tertulis dari Kantor Berita ANTARA. Kirim Komentar menjadi tanggung-jawab Anda sesuai UU ITE.",PENCURIAN
"2 Pria Bawa Pedang di Cimanggis Depok Ditangkap, Ternyata Mau Begal Kota Depok, VIVA – Polisi menciduk dua orang pria berinisial SA (32) dan EM (25) buntut kedapatan bawa senjata tajam jenis pedang di kawasan Tapos, Cimanggis , Depok Jawa Barat. Dua pria yang diciduk itu merupakan kawanan begal yang tengah mencari korban. ""Pelaku didapati kedapatan membawa senjata tajam jenis pedang sekitar 50 cm yang akan dipergunakan untuk melakukan pencurian,"" kata Kapolsek Cimanggis, Komisaris Polisi Jupriono, Jumat, 30 Mei 2025. ADVERTISEMENT GULIR UNTUK LANJUT BACA Kawanan begal itu dicokok pada Selasa, 27 Mei 2025, sekitar pukul 03.00 WIB dini hari. Keduanya terjaring patroli polisi. Sebelumnya, polisi mencurigai dua pelaku itu karena gerak geriknya yang mencurigakan. ""Kemudian melihat dua pemuda yang sedang berboncengan menggunakan sepeda motor dengan gerak-gerik yang mencurigakan. Kemudian Tim Opsnal Unit Reskrim Polsek Cimanggis memberhentikan pengendara motor tersebut,"" jelas Jupriono. Saat digeledah, ditemukan sebilah pedang yang diduga mau dipakai untuk membegal. Selain itu, pihaknya menyita sepeda motor yang dipakai. Atas perbuatannya, kawanan begal itu dijerat Pasal 2 Ayat (1) Undang Undang Darurat Nomor 12 Tahun 1951. ""Senjata tajam jenis pedang yang panjangnya  sekitar 50 cm yang di simpan di dalam jaket pemuda tersebut,"" ujar dia.",PENCURIAN
"Sering tonton film dewasa picu anak Depok lakukan tindakan asusila Jakarta (ANTARA) - Keseringan menonton film dewasa diduga memicu seorang anak laki-laki asal Bojongsari, Depok berinisial HRS (16) melakukan tindakan asusila berupa begal payudara sebanyak delapan kali di Depok dan Palmerah Jakarta Barat. ""Berdasarkan dari hasil pemeriksaan, pelaku sering menonton film dewasa,"" ungkap Kapolsek Palmerah Kompol Sugiran dalam jumpa pers di Jakarta, Selasa. Ia menjelaskan, akibatnya HRS termotivasi melakukan tindakan asusila itu sebanyak delapan kali yakni tiga kali di Depok dan lima kali di Palmerah, Jakarta Barat. Sugiran mengatakan, pelaku mengincar korban secara acak dengan kecenderungan memilih wanita bertubuh gemuk sebagai target. ""Motifnya bukan wajah atau penampilan menarik, tetapi pelaku asal melihat perempuan bertubuh gemuk, langsung melakukan aksinya,"" ujar Sugiran. Baca juga: Penyebar video asusila anak figur publik dilaporkan ke Polda Metro Sementara itu, Kanit Reskrim Polsek Palmerah AKP Rachmad Wibowo menyebut bahwa aksi pelaku terungkap setelah korban berinisial CF (14) melaporkan perbuatan HRS ke polisi pada Selasa (10/12). Korban CF yang masih di bawah umur, melaporkan tindakan asusila yang juga lantaran dirinya memiliki trauma akan perbuatan pelecehan. ""Atas dasar laporan itu, kami melakukan olah tempat kejadian perkara (TKP) berikut dengan penyisiran CCTV. Hasilnya, kami dapat menemukan identitas pelaku,"" kata Rachmad. Setelah dilakukan penyelidikan, petugas berhasil meringkus HRS di daerah Sawangan, pada Kamis (12/12) atau dua hari sejak dilaporkan. Dari tangan pelaku, polisi lantas menyita dua unit sepeda motor dan jaket yang digunakan pelaku saat melancarkan aksinya. Baca juga: Video asusila ibu-anak, Polisi: Tidak ada gangguan jiwa pada pelaku Dua motor tersebut, lanjut Rachmad, digunakan pelaku secara bergantian saat melancarkan aksinya. Rachmat menambahkan, pelaku saat ini berprofesi sebagai tukang potong ayam dan sudah tidak lagi berstatus sebagai pelajar karena sudah putus sekolah. ""Jadi untuk pelaku, nantinya akan kami cek psikologinya di RS Kramat Jati, apakah ada kelainan atau apa, nanti tunggu hasil pengecekan,"" kata Rachmat. Kini, HRS masih ditahan di Polsek Palmerah, Jakarta Barat. Untuk mempertanggungjawabkan perbuatannya, HRS disangkakan dengan Pasal 82 UU RI nomor 17 tahun 2016 tentang Penetapan Peraturan Pemerintah Pengganti Undang-Undang Nomor 1 Tahun 2016 Tentang Perubahan Kedua Atas Undang-Undang Nomor 23 Tahun 2002 Tentang Perlindungan Anak Menjadi Undang-Undang dan atau Pasal 76 E UU RI nomor 35 tahun 2014 tentang Perlindungan Anak dan atau pasal 289 KUHP dan atau Pasal 281 KUHP dengan ancaman maksimal hukuman 12 tahun. Baca juga: Polisi tangkap seorang ibu yang cabuli anak kandungnya di Bekasi Pewarta: Redemptus Elyonai Risky Syukur Editor: Edy Sujatmiko Copyright © ANTARA 2024 Dilarang keras mengambil konten, melakukan crawling atau pengindeksan otomatis untuk AI di situs web ini tanpa izin tertulis dari Kantor Berita ANTARA. Kirim Komentar menjadi tanggung-jawab Anda sesuai UU ITE.",BEGAL
"Warga Depok Ditembak Begal hingga Jatuh dari Motor, Begini Kronologinya Depok – Seorang warga Depok menjadi korban begal di Jagorawi Golf & Country Club Jalan Karanggan Muda Raya, Gunung Putri, Bogor. Korban terkena luka di tangan akibat ditembak menggunakan soft gun oleh pelaku. Kapolsek Cimanggis Kompol Judika Sinaga mengatakan, peristiwa itu terjadi pada Jumat (9/2) pukul 22.00 WIB. Korban adalah Asrul Muin (39) warga Kp. Cimpaeun, Tapos, Depok. ADVERTISEMENT GULIR UNTUK LANJUT BACA “Pada hari Jumat sekira pukul 22.00 WIB, Tim Buser Polsek Cimanggis menerima laporan adanya masyarakat yang terkena luka tembak di Jagorawi Golf & Country Club Jalan Karanggan Muda Raya,” katanya, Sabtu, 10 Februari 2024. Saat itu korban hendak pulang ke rumah usai menjemput istrinya dari tempat kerja. Di tengah jalan, korban dihadang pelaku. Aksi begal ini sudah meresahkan warga karena pelaku sampai melukai korban. “Korban baru pulang menjemput istrinya dari tempat kerja,” tukasnya.  Ilustrasi airsoft gun. Photo : ANTARA FOTO/Reno Esnir Pelaku berjumlah dua orang. Pelaku langsung mengancam korban dan melukai. “Korban langsung diancam menggunakan soft gun dan langsung ada ledakan,” ungkapnya. Akibat kejadian tersebut, korban luka di lengan kanan. Walau sudah ditembak, namun korban tetap nekat mengendarai motor berboncengan dengan istrinya. Namun korban tidak kuat hingga akhirnya terjatuh. Beruntung ada warga yang menolong korban dan langsung di bawa ke rumah sakit. “Saat ini kondisi korban usai dilakukan rontgen medis. Hasil rontgen medis sementara ada satu lubang di lengan tangan sebelah kanan dan tidak ada peluru maupun gotri yang tertinggal di lengan tangan korban,” ujarnya. Korban juga mengalami patah tulang. Saat ini korban masih menjalani perawatan. “Korban mengalami patah tulang di lengan tangan sebelah kanan yang kemungkinan dialami korban pada saat jatuh dari motor dikarenakan usai dilakukan penembakan . Korban merasa tidak sanggup membawa motor dan istri korban mencoba mengambil alih stang motor namun akhirnya korban dan istrinya terjatuh di lokasi,” katanya. ADVERTISEMENT GULIR UNTUK LANJUT BACA  Ilustrasi perampok dengan senjata api/penembakan. Photo : jannoon028 / Freepik Istri korban mengaku mendengar suara ‘slepet’ saat pelaku mengacungkan senjata ke suaminya. Namun wajah pelaku tidak terlihat jelas.",BEGAL
"Begal di Depok Nekat Beraksi Siang Bolong demi Beli Sabu Depok – Begal yang membacok siswa SMPN 2 Depok hanya tertunduk lemas ketika digelandang petugas Satreskrim Polres Metro Depok. Kedua pelaku yaitu NI dan WH tak berkutik di hadapan petugas. Padahal saat beraksi pada Rabu, 24 April 2024 lalu di Jalan Anggrek, Pancoran Mas keduanya terlihat gagah saat terekam CCTV warga. Kedua pelaku diamankan tidak lama setelah peristiwa ini viral di sosial media. Mereka diamankan di kawasan Srengseng Sawah, Jakarta Selatan dan Cileungsi, Kabupaten Bogor. Ternyata, satu di antaranya adalah residivis kasus yang sama. ADVERTISEMENT GULIR UNTUK LANJUT BACA “Dari keterangan orang tua yang bersangkutan kalau NI ini sudah bersangkutan dengan hukum terkait 365 (pencurian dengan kekerasan) juga,” kata Kapolres Metro Depok, Kombes Pol Arya Perdana, Jumat, 26 April 2024. Pelaku sudah sering kali beraksi. Pengakuan pelaku sudah tiga kali beraksi di Depok. Mereka mencari sasaran yang dianggap lemah kemudian dirampas benda berharganya. Sasarannya adalah korban yang dianggap tidak berdaya seperti anak sekolah dan perempuan . “Sementara ini 3 (beraksi), nanti akan kita dalami lagi. Di 3 TKP di wilayah Depok yaitu di Cinere, Beji dan Krukut dalam satu hari. Sasarannya kalau sesekali pelajar dan orang-orang yang dianggapnya lemah. Tidak selalu pelajar, bisa perempuan atau anak-anak yang dinilai tidak mampu pertahankan diri,” ujarnya. Dari tiga kali beraksi itu, pelaku menjual barang melalui online. Kemudian uangnya digunakan untuk membeli narkoba. “Kalau yang kita lihat dari si NI ini dia juga kedapatan narkoba ya, ada indikasi untuk membeli narkoba jenis sabu,” ujarnya. NI dan WH selalu membawa senjata tajam saat aksi. Hal itu dilakukan untuk menjaga jika korban melawan maka mereka tidak akan segan melukai. Saat aksi di Jalan Anggrek kemarin, WH nekat membacok korban karena melawan. Sedangkan NI bertugas mengendarai motor. “(Yang membacok) WH. Sedangkan NI hanya mengendarai motor,” ujarnya. ADVERTISEMENT GULIR UNTUK LANJUT BACA Terungkapnya kedua pelaku berkat bantuan CCTV warga. Polisi datang ke TKP dan mendeteksi melalui CCTV dan motor yang digunakan dan keesokan harinya kedua pelaku ditangkap. “Pada saat itu kita belum  mendapatkan pelaku pembacokannya. Dari keterangan saksi juga deteksi yang kita lakukan akhirnya kita menangkap satu tersangka lagi atas nama WH di Cileungsi pada siang harinya. Kedua pelaku ini tertangkap beserta barang bukti HP, alat yang digunakan untuk membacok, juga motornya sudah kita amankan secara keseluruhan,” katanya.",PEMBACOKAN
"KPAI : tantangan hidup picu siswa jadi begal Jakarta (ANTARA News) - Anggota Komisi Perlindungan Anak Indonesia (KPAI) Susanto mengatakan faktor tantangan hidup menjadi salah satu alasan siswa SMP melakukan aksi begal di Jalan Abdul Wahab, Sawangan, Depok, Jabar. ""Saat ini, masalah dan tantangan hidup semakin kompleks,"" katanya di Jakarta, Jumat. Menurut dia, maraknya kasus begal yang melibatkan pelajar menjadi pertanda bahwa telah terjadi kegagalan dalam internalisasi nilai keadaban kepada peserta didik. ""Dulu, guru bukan hanya menjadi sumber ilmu, tetapi juga menjadi sumber nilai,"" kata komisioner penanggung jawab bidang pendidikan itu. Gaya hidup, kata Susanto, semakin hari semakin berubah. Tentunya metodologi internalisasi nilai-nilai keadaban dan keagamaan juga perlu dikembangkan. ""Hemat saya perlu revitalisasi metode internalisasi nilai keadaban bagi orangtua, guru bahkan tokoh agama,"" katanya. Dia berharap jangan sampai nilai agama sekedar sebagai pengetahuan, tetapi belum menjadi kepribadian. Idealnya, nilai agama itu menjadi pengetahuan sekaligus kepribadian. Diberitakan, dua pelajar SMP yakni Apw (13) dan Ars (13) ditangkap warga seusai gagal membegal motor seorang tukang ojek Suheri (54) di kawasan Perumahan Telaga Golf Cluster Scotland, Depok, Kamis (12/3) sekitar pukul 16.30 WIB. Menurut otoritas keamanan setempat, kejadian bermula dari dua pelajar SMP berseragam menumpang ojek Suheri. Sesampainya di Jalan Abdul Wahab, dua pelajar itu melakukan aksi begal sambil menodongkan senjata tajam. Nahas, Suheri melakukan perlawanan sampai kabur dan melaporkan aksi begal kepada satpam sekitar perumahan dan warga. Setelah itu, dua pembegal yang masih SMP itu dihajar massa dan kasus kini ditangani Mapolsek Sawangan. Pewarta: Anom Prihantoro Editor: Ruslan Burhani Copyright © ANTARA 2015 Dilarang keras mengambil konten, melakukan crawling atau pengindeksan otomatis untuk AI di situs web ini tanpa izin tertulis dari Kantor Berita ANTARA. Kirim Komentar menjadi tanggung-jawab Anda sesuai UU ITE.",BEGAL
"Peran 3 Begal yang Buat Tangan Bidan di Depok Nyaris Putus Kota Depok , VIVA – Aksi keji sekelompok begal di Jalan Arko Raya, Bojongsari, Kota Depok nyaris merenggut nyawa seorang bidan dan perawat . Peristiwa sadis itu terjadi pada Selasa dini hari, 24 Juni 2025, sekitar pukul 01.50 WIB. Kedua korban, Bidan Caca dan Perawat Noval, diserang saat tengah dalam perjalanan. Mereka mengalami luka berat karena mencoba mempertahankan kendaraan dari kawanan pelaku. Hal itu diungkap Kepala Bidang Hubungan Masyarakat Polda Metro Jaya, Komisaris Besar Polisi Ade Ary Syam Indradi. ADVERTISEMENT GULIR UNTUK LANJUT BACA “Bidan Caca dibacok hingga pergelangan tangan kirinya nyaris putus, dan Perawat Noval juga menderita luka berat karena melawan dan mempertahankan kendaraan,” katanya, Rabu, 16 Juli 2025.  Kombes Ade Ary Syam Indradi dan AKBP Reonald Photo : VIVA.co.id/Fajar Ramadhan Aksi cepat polisi langsung dilakukan usai kejadian. Tim Subdirektorat Kejahatan dan Kekerasan Polda Metro Jaya bergerak memburu para pelaku hingga ke luar kota. Hasilnya, tiga pelaku berhasil ditangkap dalam penggerebekan di sebuah kontrakan kawasan Jalan Haji Yakub, Parung, Kabupaten Bogor, pada Kamis, 3 Juli 2025 pukul 01.45 WIB. Ketiga pelaku masing-masing berinisial, WAP (23) berperan sebagai eksekutor utama dan membacok perawat. ADVERTISEMENT GULIR UNTUK LANJUT BACA Lalu MF (18)  bertindak sebagai joki motor, dan MS (21)  yang tega membacok bidan hingga nyaris putus tangannya. Kini, ketiganya tengah diperiksa secara intensif oleh penyidik untuk menggali kemungkinan keterlibatan dalam kasus serupa atau jaringan begal lainnya. “WAP sebagai kapten kelompok ini, yang membacok perawat. MS membacok bidan. MF bertugas membawa motor,” kata dia.",PEMBACOKAN
"Kriminal kemarin, penyelidikan 86 CCTV hingga penangkapan pencuri Jakarta (ANTARA) - Sejumlah peristiwa kriminal terjadi di Jakarta pada Senin (16/3), mulai dari penyelidikan 86 kamera pengawas (CCTV) terkait kasus penyiraman air keras terhadap aktivis KontraS hingga penangkapan pencuri bergolok di Jakarta Utara. Berikut sederet berita pilihan yang dapat Anda simak kembali untuk menemani aktivitas pagi hari: 1. Polisi selidiki 86 CCTV usut penyiraman air keras ke aktivis KontraS Jakarta (ANTARA) - Direktorat Reserse Kriminal Umum Polda Metro Jaya tengah menyelidiki 86 kamera pengawas (CCTV) di tempat kejadian perkara (TKP) untuk mengusut kasus penyiraman air keras terhadap Wakil Koordinator Komisi untuk Orang Hilang dan Korban Tindak Kekerasan (KontraS) Andrie Yunus. Selengkapnya 2. Polisi sita senjata tajam dan kembang api dari konvoi remaja Tamansari Jakarta (ANTARA) - Polisi menyita 30 buah kembang api, 15 batang bambu atau pipa panjang, 15 bendera kelompok serta satu buah senjata tajam jenis samurai dari konvoi remaja di wilayah Mangga Besar, Tamansari, Jakarta Barat. Selanjutnya 3. Dituduh curi akun gim, sopir taksi daring lapor polisi Jakarta (ANTARA) - Seorang pengemudi taksi online berinisial LPT (41) melapor ke Polres Metro Depok setelah dirinya dicemarkan nama baiknya karena dituduh mencuri akun sebuah gim daring oleh seorang pemilik akun Tiktok. Selengkapnya 4. Tawuran di Kemanggisan Jakbar, Polisi tingkatkan patroli Jakarta (ANTARA) - Petugas Kepolisian meningkatkan patroli di kawasan Kemanggisan, Palmerah, Jakarta Barat, menyikapi tawuran antarremaja di lokasi tersebut pada Sabtu (14/3). Kapolsek Palmerah Kompol Gomos Simamora mengatakan, pihaknya akan menempatkan anggota di lokasi di jam-jam rawan tawuran. Selanjutnya 5. Polisi tangkap pria bergolok curi barang di minimarket di Jakut Jakarta (ANTARA) - Polsek Tanjung Priok menangkap pria berinisial DI (34) yang membawa senjata tajam jenis golok dan mencuri barang di gerai minimarket di Jalan Tongkol Kelurahan Tanjung Priok, Kecamatan Tanjung Priok, Jakarta Utara, pada Minggu (15/3). Selengkapnya Pewarta: Khaerul Izan Editor: Rr. Cornea Khairany Copyright © ANTARA 2026 Dilarang keras mengambil konten, melakukan crawling atau pengindeksan otomatis untuk AI di situs web ini tanpa izin tertulis dari Kantor Berita ANTARA. Kirim Komentar menjadi tanggung-jawab Anda sesuai UU ITE.",PENCURIAN
"Kriminal kemarin, aksi tawuran hingga kasus pria lepaskan tembakan Sejumlah peristiwa berkaitan dengan keamanan menghiasi Jakarta yang terjadi pada hari Senin (18/11), mulai dari aksi tawuran antarwarga hingga polisi menetapkan pria lepaskan tembakan di Depok jadi tersangka. Berikut berita selengkapnya yang masih menarik untuk dibaca kembali. Tawuran antarwarga kembali terjadi di Jakarta Timur Jakarta (ANTARA) - Tawuran dua kelompok warga kembali terjadi di Jalan I Gusti Ngurah Rai, Jakarta Timur melibatkan warga Kebon Singkong, Duren Sawit dengan warga Jagal, Cipinang, Pulogadung, Senin malam. Kedua kelompok tersebut saling serang menggunakan menggunakan batu, botol kaca, hingga saling lempar petasan. Baca selengkapnya di sini Pria yang lepaskan tembakan di Depok jadi tersangka Jakarta (ANTARA) - Pria berinisial P yang melepaskan tembakan ke udara ketika bersitegang dengan pengemudi mobil lain di Jalan Bandung Blok M, Cinere, Kota Depok, Jawa Barat, telah ditetapkan sebagai tersangka. ""Sudah tersangka, dikenai Pasal 351 KUHP dengan penganiayaan biasa dan Undang-Undang Darurat Nomor 12 Tahun 1951 tentang kepemilikan dan penggunaan senjata tajam,"" kata Kapolres Metro Depok Kombes Polisi Arya Perdana saat dikonfirmasi di Jakarta, Senin. Baca selengkapnya di sini Polisi periksa tiga saksi KemenPPPA terkait kasus anak Nikita Mirzani Jakarta (ANTARA) - Polres Metro Jakarta Selatan memeriksa tiga orang saksi dari Kementerian Pemberdayaan Perempuan dan Perlindungan Anak (KemenPPPA) terkait kasus pencabulan yang dialami anak Nikita Mirzani, Lolly atau LM (17). ""Kasus yang dilaporkan oleh NM, hari ini dari penyidik PPA memeriksa lima orang saksi yaitu dari Kementerian PPPA tiga orang,"" kata Kasi Humas Polres Metro Jakarta Selatan AKP Nurma Dewi kepada wartawan di Jakarta, Senin. Baca selengkapnya di sini Polisi tak temukan tanda penganiayaan pada penemuan tulang manusia Jakarta (ANTARA) - Kepolisian tak menemukan tanda-tanda kekerasan atau penganiayaan pada tulang belulang manusia yang ditemukan tukang gali tangki septik di Jalan Lodan Dalam Pademangan pada Sabtu (16/11). ""Hasil olah tempat kejadian perkara tidak ditemukan tanda-tanda kekerasan dan penganiayaan pada tulang-tulang tersebut,"" kata Kapolsek Pademangan Kompol Binsar Hatorangan Sianturi di Jakarta, Senin. Baca selengkapnya di sini Kuasa hukum Tom Lembong hadirkan lima saksi ahli dalam praperadilan Jakarta (ANTARA) - Tim kuasa hukum mantan Menteri Perdagangan (Mendag) Thomas Trikasih Lembong atau Tom Lembong siap menghadirkan lima saksi ahli dalam sidang gugatan praperadilan terkait kasus dugaan korupsi impor gula pada Kamis (21/11) mendatang. ""Hari Kamis nanti kami mengajukan beberapa ahli, yaitu ahli tentang perdagangan gula untuk menjelaskan bahwa tidak benar ada informasi adanya surplus gula tersebut,"" kata kuasa hukum Tom Lembong, Ari Yusuf Amir usai sidang gugatan praperadilan di Pengadilan Negeri Jakarta Selatan, Senin. Baca selengkapnya di sini Pewarta: Mario Sofia Nasution Editor: D.Dj. Kliwantoro Copyright © ANTARA 2024 Dilarang keras mengambil konten, melakukan crawling atau pengindeksan otomatis untuk AI di situs web ini tanpa izin tertulis dari Kantor Berita ANTARA. Kirim Komentar menjadi tanggung-jawab Anda sesuai UU ITE.",TAWURAN
"Kriminal kemarin, Operasi Berantas Jaya hingga Rismon diperiksa Polda Jakarta (ANTARA) - Sejumlah berita kriminal yang terjadi di wilayah DKI Jakarta pada Senin (26/5) masih menarik dibaca kembali hari ini mulai dari Operasi Berantas Jaya 2025 dengan 348 tersangka dari 3.599 orang yang ditangkap hingga Rismon Sianipar ditanya sebanyak 97 pertanyaan terkait laporan tuduhan ijazah palsu ke Presiden ke-7 RI, Joko Widodo (Jokowi). Berikut beritanya : 1. Operasi Berantas Jaya, Polda tetapkan 348 tersangka Polda Metro Jaya telah menetapkan 348 orang sebagai tersangka saat Operasi Berantas Jaya 2025 pada 9 - 23 Mei 2025. ""Kita tangkap kurang lebih sebanyak 3.599 orang yang terlibat dalam kasus premanisme dan dari jumlah itu 348 orang jadi tersangka,"" kata Kepala Biro Operasi (Karoops) Polda Metro Jaya, Kombes Pol I Ketut Gede Wijatmika saat konferensi pers di Jakarta, Senin. Berita selengkapnya klik di sini 2. Remaja pelaku tawuran Tambora Jakbar dibina di pesantren kilat Kepolisian membina sebanyak 10 remaja yang terlibat aksi tawuran di wilayah Tambora, Jakarta Barat, melalui program pesantren kilat mulai Senin. Kapolsek Tambora Kompol Muhammad Kukuh Islami menyebutkan para remaja tersebut tidak langsung diproses hukum, melainkan diberi kesempatan untuk menjalani program pembinaan dalam bentuk pesantren kilat selama satu minggu. Berita selengkapnya klik di sini 3. Operator biro pencari jodoh asal Tiongkok dibekuk Imigrasi Jakbar Kantor Imigrasi Kelas I Khusus Non TPI Jakarta Barat menangkap lima WNA asal Tiongkok yang mengoperasikan biro pencari jodoh di wilayah Jakarta. Menurut Kepala Kantor Wilayah (Kakanwil) Kementerian Hukum dan HAM (Kemenkumham) DKI Jakarta Pamuji Raharja, para pelaku berpura-pura mencari perempuan Indonesia untuk meyakinkan calon pelanggan mereka di Tiongkok yang menggunakan jasa biro itu untuk mencari jodoh. Berita selengkapnya klik di sini 4. Pria ditangkap bawa sabu 5,6 kg dan 5.020 butir ekstasi di Depok Direktorat Reserse Narkoba Polda Metro Jaya menangkap seorang pria berinisial DP (27) yang kedapatan membawa 5,6 kilogram sabu dan 5.020 butir ekstasi di kawasan Depok, Jawa Barat. ""Penangkapan dilakukan pada Senin, 26 Mei 2025 pukul 13.25 WIB oleh Unit 5 Subdit 3 Ditresnarkoba Polda Metro Jaya,"" kata Kasubdit 3 Ditresnarkoba Polda Metro Jaya, AKBP Ade Chandra dalam keterangannya di Jakarta, Senin. Berita selengkapnya klik di sini 5. Tuduhan ijazah palsu Jokowi, Rismon Sianipar ditanya 97 pertanyaan Ahli forensik digital Rismon Hasiholan Sianipar ditanya 97 pertanyaan oleh Polda Metro Jaya terkait kasus tuduhan ijazah palsu Presiden ke-7 RI, Joko Widodo (Jokowi). ""Saya tadi ditanyakan sejumlah pertanyaan yang berkaitan dengan metode-metode ilmiah yang saya kaji,"" katanya saat ditemui di Polda Metro Jaya, Senin. Berita selengkapnya klik di sini Pewarta: Ilham Kausar Editor: Edy Sujatmiko Copyright © ANTARA 2025 Dilarang keras mengambil konten, melakukan crawling atau pengindeksan otomatis untuk AI di situs web ini tanpa izin tertulis dari Kantor Berita ANTARA. Kirim Komentar menjadi tanggung-jawab Anda sesuai UU ITE.",TAWURAN
"Seratus remaja hendak tawuran di Jaktim usai saling ejek di sosmed Jakarta (ANTARA) - Sekitar seratus remaja hendak tawuran di kawasan Lubang Buaya, Cipayung, Jakarta Timur, Rabu (16/7) sekitar pukul 03.30 W IB usai saling ejek di sosial media (sosmed). ""Mereka semua berawal dari saling ejek, saling menantang antar kelompok di akun media sosial,"" kata Kapolres Metro Jakarta Timur Kombes Polisi Nicolas Ary Lilipaly saat konferensi pers di Mapolsek Cipayung, Jakarta Timur, Kamis. Rencana aksi tawuran besar-besaran tersebut melibatkan aliansi kelompok dari berbagai wilayah. Sekitar 100 orang berkumpul dengan membawa sepeda motor di lapangan sepak bola di kawasan Lubang Buaya. Polisi berhasil mengamankan sebanyak 36 remaja yang membawa senjata tajam. Sedangkan sisanya melarikan diri. Baca juga: Mobil pribadi angkut 27 senjata tajam untuk tawuran di Lubang Buaya Para pelaku yang diamankan diketahui berasal dari Jakarta Timur, Depok, Bogor dan Tangerang. Mereka berkumpul di kawasan Lubang Buaya setelah diundang oleh kelompok tawuran bernama Amser Setu yang bermarkas di wilayah Cipayung. Kelompok ini berjanji melakukan tawuran bersama kelompok Tim Molek dari Pondok Gede, Bekasi. Tak hanya itu, mereka juga mengundang kelompok Padi dari wilayah Depok serta beberapa kelompok lainnya dari Bogor dan Tangerang. ""Yang mengundang adalah kelompok Amser Setu. Mereka ini membentuk aliansi lintas wilayah, saling ajak lewat sosial media dan sudah merencanakan lokasi tawuran di Lubang Buaya,"" katanya. Baca juga: Kelompok tawuran di Lubang Buaya, ada satpam hingga pegawai swasta Menurut Nicolas, sebagian besar dari mereka memang sudah terbiasa terlibat dalam aksi tawuran. Kepolisian masih mendalami apakah kelompok ini memiliki keterkaitan dengan insiden-insiden tawuran sebelumnya yang menimbulkan korban jiwa di wilayah Jakarta Timur (Jaktim). ""Terkait dengan hal itu masih dalam pendalaman kami akan mengecek sampai sejauhmana keterlibatan mereka dengan kelompok-kelompok tawuran yang ada yang pernah kita tangani yang terjadi di wilayah Jakarta Timur,"" katanya. Kelompok yang hendak melakukan aksi tawuran di kawasan Lubang Buaya itu terdiri dari berbagai profesi, mulai dari satpam hingga pegawai swasta. Baca juga: Polisi tangkap puluhan remaja yang hendak tawuran Lalu, bekerja pekerja lepas (freelance), petugas keamanan, pegawai bank, sopir, ojek online, bahkan pengangguran. Mereka tergabung dalam suatu aliansi tawuran yang terbentuk bukan karena kesamaan instansi pendidikan atau tempat tinggal, tetapi karena ajakan dari rekan-rekan mereka. Dari seratus orang itu, polisi sudah menangkap 36 remaja dan 27 senjata tajam yang akan digunakan untuk tawuran. Pengungkapan ini saat tim gabungan melakukan patroli siber dan langsung memantau akun sosial media. Baca juga: Korban tewas tawuran di Jaktim akibat jumlah tak seimbang Pewarta: Siti Nurhaliza Editor: Sri Muryono Copyright © ANTARA 2025 Dilarang keras mengambil konten, melakukan crawling atau pengindeksan otomatis untuk AI di situs web ini tanpa izin tertulis dari Kantor Berita ANTARA. Kirim Komentar menjadi tanggung-jawab Anda sesuai UU ITE.",TAWURAN
"Kriminal kemarin, razia miras hingga polisi gagalkan peredaran kokain Jakarta (ANTARA) - Sejumlah peristiwa kriminal terjadi di wilayah Jakarta dan sekitarnya pada Minggu (22/2), mulai dari razia minuman keras (miras) di Jakarta Utara hingga peredaran satu kilogram kokain yang digagalkan oleh kepolisian di Jakarta Barat. Simak kembali rangkuman berita berikut ini: 1. Awal Ramadhan, tim gabungan razia miras di Jakarta Utara Jakarta (ANTARA) - Tim gabungan yang terdiri dari Satuan Polisi Pamong Praja (Satpol PP) Jakarta Utara bersama unsur TNI dan Polri menggelar operasi minuman keras (miras) secara serentak di enam wilayah kecamatan pada awal Ramadhan 1447 Hijriah. “Dalam kegiatan tersebut, petugas menyita sebanyak 637 botol miras dari berbagai merek,” kata Kepala Satpol PP Jakarta Utara Budhy Novian di Jakarta, Minggu. Baca selengkapnya di sini 2. Warga dan polisi gagalkan tawuran remaja di Depok Jakarta (ANTARA) - Sejumlah warga membantu polisi menggagalkan sekelompok remaja yang diduga hendak melakukan tawuran di Jalan Rawasari Cipayung, Kota Depok, Jawa Barat pada Sabtu (21/2) dini hari. “Peran warga sangat penting. Kolaborasi seperti ini membantu mencegah hal-hal yang bisa membahayakan remaja itu sendiri maupun masyarakat sekitar,” ujar Kepala Bidang Hubungan Masyarakat Polda Metro Jaya Kombes Pol Budi Hermanto di Jakarta, Minggu. Baca selengkapnya di sini 3. Polisi gagalkan peredaran satu kilogram kokain di Jakbar Jakarta (ANTARA) - Polda Metro Jaya menggagalkan peredaran narkotika jenis kokain (kokaina) dengan berat bruto 1.001,76 gram di wilayah Jakarta Barat (Jakbar) pada Kamis (19/2) dan menangkap satu orang tersangka pria berinisial A (31). ""Tersangka berasal dari daerah Bengkalis, Riau. Barang bukti tersebut didapat tersangka dari wilayah Malaysia, kemudian rencananya akan diedarkan di wilayah Jakarta,"" kata Tim Subdit 3 Direktorat Narkoba Polda Metro Jaya AKP Abdul di Jakarta, Minggu. Baca selengkapnya di sini Pewarta: Lia Wanadriani Santosa Editor: Rr. Cornea Khairany Copyright © ANTARA 2026 Dilarang keras mengambil konten, melakukan crawling atau pengindeksan otomatis untuk AI di situs web ini tanpa izin tertulis dari Kantor Berita ANTARA. Kirim Komentar menjadi tanggung-jawab Anda sesuai UU ITE.",TAWURAN
"Kriminal kemarin, pelaku curanmor ditangkap lalu pencurian di Mampang Jakarta (ANTARA) - Sejumlah berita seputar kriminalitas yang terjadi di wilayah hukum Polda Metro Jaya pada Minggu (30/11) dan Sabtu (29/11) antara lain pelaku percobaan curanmor bersenjata ditangkap, kasus pencurian di Mampang, dan tawuran di Jakpus. Berikut rangkumannya: 1. Polisi tangkap dua pelaku percobaan curanmor bersenjata api di Depok Jakarta (ANTARA) - Sub Direktorat Reserse Mobile (Resmob) Direktorat Reserse Kriminal Umum Polda Metro Jaya menangkap dua pelaku percobaan pencurian sepeda motor (curanmor) bersenjata api di Depok. ""Tim opsnal Subdit Resmob Polda Metro Jaya menangkap pelaku berinisial KM dan RA,"" kata Kabid Humas Polda Metro Jaya Kombes Pol Budi Hermanto dalam keterangannya di Jakarta, Minggu. Baca selengkapnya di sini 2. Pencurian Mampang, warga lebih dulu tangkap sang eksekutor Jakarta (ANTARA) - Warga di Mampang, Jakarta Selatan (Jaksel) terlebih dahulu menangkap pria M, terduga eksekutor pencurian empat telepon seluler (ponsel) pada sebuah rumah di kawasan itu, pada awal pekan ini. ""M alias H, lebih dulu diamankan warga dan diserahkan ke polisi,"" kata Kabidhumas Polda Metro Jaya Kombes Pol Budi Hermanto di Jakarta, Sabtu. Baca selengkapnya di sini 3. Delapan pemuda yang terlibat tawuran di Jakpus ditangkap Jakarta (ANTARA) - Polres Metro Jakarta Pusat menangkap delapan pemuda beserta dua bilah senjata tajam jenis celurit karena terlibat tawuran di bawah Flyover Roxy, Gambir, Jakarta Pusat, pada Sabtu dini hari. ""Tim kami menerima laporan warga terkait aksi tawuran di lokasi. Setelah mendatangi tempat kejadian, tim berhasil menangkap delapan pemuda yang sedang terlibat tawuran serta mengamankan senjata tajam yang mereka bawa,"" kata Kapolres Metro Jakarta Pusat Kombes Pol KBP Susatyo Condro Purnomo di Jakarta, Sabtu. Baca selengkapnya di sini Pewarta: Lia Wanadriani Santosa Editor: Syaiful Hakim Copyright © ANTARA 2025 Dilarang keras mengambil konten, melakukan crawling atau pengindeksan otomatis untuk AI di situs web ini tanpa izin tertulis dari Kantor Berita ANTARA. Kirim Komentar menjadi tanggung-jawab Anda sesuai UU ITE.",PENCURIAN
"Hendak tawuran, Polisi tangkap enam pemuda bersenjata tajam di Depok Jakarta (ANTARA) - ​Tim Patroli Unit IV Subdit Gasum Dit Samapta Polda Metro Jaya menangkap enam pemuda terduga pelaku tawuran di kawasan Jalan Radar Auri, Kecamatan Cimanggis, Kota Depok, Rabu (15/7) dini hari. Direktur Samapta (Dirsamapta) Polda Metro Jaya Kombes Pol Wahyu Dwi Ariwibowo menjelaskan ​dalam operasi cipta kondisi tersebut, petugas turut menyita barang bukti berupa empat bilah senjata tajam (sajam) dari tangan para pemuda tersebut. ​​""Patroli ini dilaksanakan untuk memberikan rasa aman kepada masyarakat, khususnya pada jam-jam rawan terjadinya gangguan kamtibmas seperti tawuran, balap liar, maupun kejahatan jalanan,"" kata Wahyu dalam keterangannya di Jakarta, Kamis. ​Wahyu menjelaskan, patroli kewilayahan tersebut dimulai pada pukul 00.30 WIB dengan melibatkan 13 personel Unit IV Sie Turjawali Subdit Gasum Dit Samapta Polda Metro Jaya. ""​Sekitar pukul 02.47 WIB, tim patroli menerima informasi dari masyarakat mengenai adanya sekelompok pemuda yang diduga hendak melakukan aksi tawuran antarkelompok di sekitar Jalan Radar Auri, Cimanggis,"" katanya. Baca juga: Polisi tangkap pemuda bawa celurit-airsoft gun saat tawuran di Depok ​Mendapat laporan tersebut, personel di lapangan langsung bergerak cepat menuju lokasi untuk melakukan pengecekan, penindakan, dan penyisiran di area sekitar. ""​Dari hasil penyisiran, petugas berhasil mengamankan enam pemuda yang mencurigakan berikut dengan empat bilah senjata tajam yang diduga akan digunakan untuk tawuran,"" ucapnya. ​Guna proses penyelidikan dan pengembangan hukum lebih lanjut, keenam pemuda beserta seluruh barang bukti senjata tajam kemudian diserahkan ke Kepolisian Sektor (Polsek) Cimanggis. Dia mengimbau kepada masyarakat, khususnya para orang tua, untuk memperketat pengawasan terhadap anak-anak mereka, terutama pada malam hingga dini hari agar tidak terlibat dalam aksi jalanan yang membahayakan. ​Masyarakat juga diminta untuk memanfaatkan layanan kepolisian Call Center 110 jika melihat atau mengetahui adanya potensi gangguan keamanan dan ketertiban masyarakat (kamtibmas) di lingkungan mereka. Baca juga: Warga dan polisi gagalkan tawuran remaja di Depok Baca juga: Diduga terlibat tawuran di Depok, warga serahkan tiga remaja ke polisi Pewarta: Ilham Kausar Editor: Syaiful Hakim Copyright © ANTARA 2026 Dilarang keras mengambil konten, melakukan crawling atau pengindeksan otomatis untuk AI di situs web ini tanpa izin tertulis dari Kantor Berita ANTARA. Kirim Komentar menjadi tanggung-jawab Anda sesuai UU ITE.",PENCURIAN
"Pemkot Jaktim imbau warga tak konvoi saat malam Tahun Baru 2025 Jakarta (ANTARA) - Pemerintah Kota Administrasi Jakarta Timur mengimbau kepada seluruh warga wilayah tersebut agar tidak melakukan konvoi saat malam Tahun Baru 2025 karena bisa memicu tawuran. ""Tidak perlu konvoi-konvoi karena akan memicu tawuran,"" kata Sekretaris Kota Administrasi Jakarta Timur Kusmanto usai Apel Pengamanan Malam Tahun Baru di Kantor Wali Kota Jakar ta Timur (Jaktim) , Senin. Dia menuturkan pihaknya tidak melarang masyarakat untuk merayakan malam tahun baru, namun harus menjaga kenyamanan dan keamanan agar kondusif. ""Kami akan lakukan patroli, sambil keliling Jakarta Timur dengan anggota Kepolisian di titik rawan kemacetan dan titik kumpul masa,"" kata dia. Baca juga: Rekayasa lalu lintas di Monas saat malam Tahun Baru 2025 Bahkan, pihaknya akan melakukan pengamanan di perbatasan Jakarta Timur, yakni di Cakung yang berbatasan dengan Bekasi. Selain itu di Pasar Rebo yang berbatasan dengan Jakarta Selatan di Cicaras yang berbatasan dengan Depok, Jawa Barat. ""Kita akan siapkan personel gabungan dari TNI, Polri, Satpol PP untuk melakukan pengamanan di titik-titik perbatasan,"" ujar Kusmanto. Berdasarkan data yang diperoleh, jumlah personel gabungan yang akan dikerahkan dalam pengamanan malam Tahun Baru sebanyak 1.600 orang, yang terdiri atas TNI, Polri, Satpol PP dan sejumlah organisasi perangkat daerah (OPD). Sebelumnya, Polres Metro Jakarta Timur akan melakukan patroli untuk mengantisipasi tawuran saat Tahun Baru 2025. ""Kalau untuk tawuran tetap kita melakukan patroli, itu namanya patroli kegiatan Kepolisian yang ditingkatkan,"" kata Kapolres Metro Jakarta Timur Kombes Pol Nicolas Ary Lilipaly, di TMII Jakarta Timur, Kamis (26/12). Baca juga: Ancol targetkan 150 ribu pengunjung di puncak libur Nataru Menurut dia, tawuran di Jakarta Timur menjadi perhatian Polres Metro Jaktim agar lebih melakukan pengamanan. ""Menjadi atensi kami, di tempat-tempat yang biasanya atau sering terjadi tawuran, seperti daerah Basuki Rahmat (Bassura), di daerah Kebon Singkong dan juga tempat-tempat lain,"" ungkap Nicolas. Selain melakukan patroli, pihaknya juga mengerahkan personel di tempat rekreasi seperti di TMII dan Old Shanghai, Cakung. Di TMII, pengamanan melibatkan 220 personel Polri, didukung oleh 30 personel TNI dan 50 anggota Satpol PP. Pewarta: Syaiful Hakim Editor: Sri Muryono Copyright © ANTARA 2024 Dilarang keras mengambil konten, melakukan crawling atau pengindeksan otomatis untuk AI di situs web ini tanpa izin tertulis dari Kantor Berita ANTARA. Kirim Komentar menjadi tanggung-jawab Anda sesuai UU ITE.",TAWURAN
"Kriminal kemarin, tawuran Manggarai hingga sidak gudang beras Jakarta (ANTARA) - Sejumlah peristiwa kriminal terjadi di Jakarta pada Kamis (14/8), mulai dari tawuran antara RW 04 dan RW 12 di Manggarai, Jakarta Selatan, hingga inspeksi mendadak oleh Polda Metro Jaya di sebuah gudang beras di Cakung, Jakarta Timur. Berikut rangkuman lima berita kriminal yang menarik untuk disimak pagi ini: 1. Polisi periksa enam saksi kasus pengeroyokan warga di Pulogadung Polisi memeriksa enam saksi terkait kasus pengeroyokan warga yang dilakukan oleh sekumpulan remaja di Pulogadung, Jakarta Timur, Minggu (10/8), sekitar pukul 04.00 WIB. ""Kami sudah memeriksa enam saksi untuk mendalami siapa saja dan dari kelompok mana remaja yang melakukan aksi pengeroyokan terhadap warga di Pulogadung,"" kata Kapolsek Pulogadung Kompol Suroto saat dikonfirmasi di Jakarta, Kamis. Baca berita selengkapnya di sini 2. Polisi tunggu hasil labfor soal penyebab kebakaran KM Dorolonda Polres Pelabuhan Tanjung Priok menyatakan masih menunggu hasil laboratorium forensik (labfor) untuk mengungkap penyebab terbakarnya kapal penumpang KM Dorolonda di Pelabuhan Tanjung Priok, Jakarta Utara, pada Senin (11/8) lalu. ""Untuk mengungkap penyebab, tentu harus berdasarkan scientific crime. Kami masih menunggu hasil laboratorium forensik untuk mengetahui penyebab aslinya seperti apa,"" kata Kapolres Pelabuhan Tanjung Priok AKBP Martuasah H Tobing di Jakarta, Kamis. Baca berita selengkapnya di sini 3. Satgas Pangan Polda Metro Jaya sidak gudang beras di Cakung Jaktim Satuan Tugas (Satgas) Pangan melalui Subdirektorat Industri dan Perdagangan (Indag) Direktorat Reserse Kriminal Khusus Polda Metro Jaya melakukan inspeksi mendadak di salah satu gudang beras di kawasan Cakung, Jakarta Timur. ""Hari ini inspeksi sebetulnya kita dari Satgas Pangan DKI Jakarta bersama-sama ada dari Polda Metro Jaya lalu dari Dinas Perindustrian melakukan pengecekan stok beras di gudang,"" kata Kasubdit Indag Direktorat Reserse Kriminal Khusus (Ditreskrimsus) Polda Metro Jaya AKBP Muhammad Ardila Amry di Cakung, Jakarta Timur, Kamis. Baca berita selengkapnya di sini 4. Polisi kendalikan tawuran di Manggarai dalam 15 menit Polisi berhasil mengendalikan tawuran antara RW 04 dan RW 12 di Manggarai, Jakarta Selatan dalam waktu 15 menit sehingga suasana kembali aman serta kondusif. ""Alhamdulillah sudah bisa dikendalikan, dalam waktu 15 menit,"" kata Kapolsek Tebet Kompol Iwan Gunawan kepada wartawan di Jakarta, Kamis. Baca berita selengkapnya di sini 5. 83 persen korban penipuan baru lapor setelah 12 jam Otoritas Jasa Keuangan (OJK) mengemukakan, sebanyak 83 persen korban penipuan terkait keuangan baru melapor ke Pusat Penanganan Penipuan Transaksi Keuangan (IASC) setelah 12 jam kejadian. ""Rata-rata 83 persen korban melaporkan setelah 12 jam. Kalau sudah setelah 12 jam sudah kemana-mana uangnya (berpindah ke rekening lain),"" ujar Kepala Divisi Layanan Manajemen Strategis dan Koordinasi Regional, Kantor OJK Jakarta, Bogor, Depok dan Bekasi (Jabodebek), Andes Novytasary. Baca berita selengkapnya di sini Pewarta: Siti Nurhaliza Editor: Rr. Cornea Khairany Copyright © ANTARA 2025 Dilarang keras mengambil konten, melakukan crawling atau pengindeksan otomatis untuk AI di situs web ini tanpa izin tertulis dari Kantor Berita ANTARA. Kirim Komentar menjadi tanggung-jawab Anda sesuai UU ITE.",KEBAKARAN
"Sosok Kombes Pol Irwan Anwar yang dicopot dari jabatan Kapolrestabes Jakarta (ANTARA) - Nama Kombes Pol Irwan Anwar belakangan ini menjadi sorotan usai kasus penembakan terhadap siswa SMK Negeri 4 Semarang berinisial GRO (17) yang meninggal dunia oleh salah satu anak buahnya. Kini, Kepolisian Negara Republik Indonesia (Polri) melakukan mutasi terhadap sejumlah personel di tingkat perwira menengah, salah satunya Kepala Kepolisian Resor Kota Besar (Kapolrestabes) Semarang Komisaris Besar Polisi (Kombes Pol) Irwan Anwar. Kombes Pol Irwan Anwar telah dicopot dari jabatan yang sebelumnya sebagai Kapolrestabes Semarang. Dirinya kemudian dimutasikan untuk menjabat sebagai Kalemkonprofpol Waketbidkermadianmas STIK Lemdiklat Polri. Mutasi itu tertuang dalam Surat Telegram Rahasia Kapolri nomor ST/2776/XII/KEP./2024 tertanggal 29 Desember 2024. Mutasi Kombes Pol Irwan Anwar dilakukan di tengah Polrestabes Semarang sedang menangani kasus penembakan siswa SMK berinisial GRO hingga meninggal dunia yang dilakukan anggota polisi berdinas di Polrestabes Semarang berinisial Aipda RZ. Baca juga: Akhir tahun, Polri lakukan mutasi besar-besaran di Polda Metro Jaya Kombes Pol Irwan Anwar menjadi sorotan usai menyatakan selaku Kapolrestabes Semarang siap bertanggung jawab atas kasus penembakan tersebut. Hal ini dirinya sampaikan pada saat rapat dengar pendapat dengan Komisi III DPR RI di Kompleks Parlemen, Jakarta, pada 3 Desember 2024. ""Sepenuhnya saya bertanggung jawab, saya siap dievaluasi. Apa pun bahasanya, saya siap menerima konsekuensi dari peristiwa ini,"" kata Irwan. Irwan mengatakan bahwa anggotanya berinisial Aipda RZ, mengabaikan prinsip-prinsip penggunaan kekuatan dan abai dalam menilai situasi. Anggota polisi itu sudah teledor dalam menggunakan senjata api. ""Teledor dalam menggunakan senjata api dan telah melakukan tindakan eksesif, tindakan yang tidak perlu,"" ujarnya. Sebelumnya, Kombes Pol Irwan Anwar dinilai publik dalam menangani kasus penembakan tersebut tidak professional dan berusaha menutupi fakta. Baca juga: Daftar nama PJU dan Kapolres Polda Jambi yang dirotasi oleh Kapolri Profil Kombes Pol Irwan Anwar Pria kelahiran Makassar, Sulawesi Selatan pada 17 Februari 1972 ini merupakan lulusan Akademi Polisi atau Akpol tahun 1994. Merangkum berbagai sumber, Irwan Anwar kemudian melanjutkan pendidikannya di Sekolah Tinggi Ilmu Kepolisian (PTIK), Sekolah Staf dan Pimpinan Lembaga Pendidikan dan Pelatihan Polisi Republik Indonesia (SESPIM), hingga di Sekolah Staf dan Pimpinan Tinggi Sespim Lemdiklat Polri (SESPIMTI) pada tahun 2019. Sebagai Kapolrestabes Semarang Polda Jawa Tengah, Irwan Anwar telah menjabat sejak 2021 lalu. Sebelumnya, Kombes Pol Irwan Anwar sebelumnya kerap betugas di bidang reserse. Dirinya sempat bertugas di Direktorat Reserse Kriminal Umum (Dirreskrimum) Kepolisian Daerah (Polda) Sumatera Utara tahun 2020 lalu. Selain itu, Kombes Pol Irwan Anwar juga pernah menduduki jabatan penting lainnya, seperti Analis Kebijakan Madya Bidang Pidana Siber Badan Reserse Kriminal (Bareskrim) Polri, Kapolrestabes Makassar. Kemudian, Kasubdit I Direktorat Tindak Pidana Siber (Dittipidsiber) Bareskrim Polri, dan Dirreskrimum Polda Nusa Tenggara Barat (NTB), Kepala Sekolah Polisi Negara (SPN) Polda Metro Jaya, Wakil Kepala Kepolisian Resor (Wakapolres) Metro Depok, hingga Kapolres Madiun. Baca juga: Daftar perwira Polda Jatim yang dimutasi pada akhir tahun 2024 Nama Kombes Pol Irwan Anwar juga sempat mencuat pada 2023 lalu dalam penyidikan di Polda Metro Jaya sebagai saksi untuk dugaan pemerasan yang dilakukan eks Ketua Komisi Pemberantasan Korupsi atau KPK terhadap mantan Menteri Pertanian Syahrul Yasin Limpo (SYL). Saat ini, Kombes Pol Irwan Anwar menjadi sorotan dalam kasus penembakan siswa SMK di Semarang oleh oknum polisi. Peristiwa penembakan itu terjadi pada 24 November 2024 di Kecamatan Semarang Barat, Kota Semarang, Jawa Tengah. Kombes Pol Irwan Anwar menyatakan bahwa peristiwa itu terkait saat Aipda RZ menembak karena melerai tawuran. Namun, Kabid Propam Polda Jawa Tengah, Kombes Pol Aris Suprioyono, mengungkapkan bahwa kasus penembakan terhadap siswa SMK berinisial GRO oleh oknum polisi Aipda RZ tak terkait dengan adanya tawuran. Atas peristiwa penembakan itu anggota polisi Aipda RZ, telah ditetapkan sebagai tersangka dalam penyidikan perkara tersebut. Selain itu, Aipda RZ juga telah dijatuhi hukuman pemberhentian tidak dengan hormat (PTDH) dalam sidang Komite Kode Etik Polri (KKEP). Baca juga: Polri mutasi sejumlah personel polda dan polres Baca juga: Daftar Kapolres-Wakapolres yang dimutasi di wilayah Polda Metro Jaya akhir tahun 2024 Pewarta: Sri Dewi Larasati Editor: Suryanto Copyright © ANTARA 2024 Dilarang keras mengambil konten, melakukan crawling atau pengindeksan otomatis untuk AI di situs web ini tanpa izin tertulis dari Kantor Berita ANTARA. Kirim Komentar menjadi tanggung-jawab Anda sesuai UU ITE.",TAWURAN
"Hendak tawuran, Polisi tangkap tiga remaja bawa senjata tajam di Depok Jakarta (ANTARA) - Kepolisian Sektor (Polsek) Beji, Kota Depok, Jawa Barat, menangkap tiga orang remaja yang diduga hendak melakukan aksi tawuran dengan membawa senjata tajam di kawasan Jalan Kemiri Jaya, Kecamatan Beji, Depok, pada Minggu (9/8) dini hari. ​Kapolsek Beji Kompol Antonius, membenarkan adanya penangkapan ketiga remaja tersebut yang awalnya dicegat oleh warga setempat. ​""Benar bahwa telah diamankan tiga orang remaja laki-laki yang diduga hendak melakukan aksi tawuran di wilayah hukum Polsek Beji. Saat ini ketiganya sudah diamankan di Polsek Beji untuk penyelidikan lebih lanjut,"" kata Antonius dalam keterangannya di Jakarta, Senin. Ketiga remaja yang diamankan tersebut berinisial MAP (17), BVG (19), dan RAW (16). Dari tangan para pelaku, diamankan barang bukti berupa satu bilah senjata tajam jenis celurit berwarna hitam dengan gagang kayu yang dililit kain biru. Peristiwa itu bermula pada Sabtu (8/8) sekitar pukul 23.00 WIB saat remaja berinisial RAW dan BVG menjemput MAP dari rumahnya dengan dalih meminta izin kepada orang tua untuk bermain bersama teman menggunakan sepeda motor. Baca juga: Hendak tawuran, Polisi tangkap enam pemuda bersenjata tajam di Depok Pada Minggu (9/8) pukul 01.00 WIB, ketiganya tiba di Taman Lembah Gurame, Kecamatan Pancoran Mas, Kota Depok. Di lokasi tersebut, sudah berkumpul sekitar 10 anak remaja dengan menggunakan lima unit sepeda motor. ​""Maksud dan tujuan rombongan anak remaja tersebut mengarah ke sekitaran Lapangan Hawai, yakni untuk bertemu dengan lawan dan melakukan aksi tawuran,"" jelasnya. ​Namun, saat rombongan tersebut melintas secara berboncengan di Jalan Kemiri Jaya RT 07/01, Kelurahan Beji sekitar pukul 02.00 WIB, warga setempat yang curiga langsung menghentikan dan memeriksa rombongan tersebut. ​Dalam pemeriksaan oleh warga dan saksi bernama Maulana Eka Putra, ditemukan senjata tajam jenis celurit. Warga kemudian langsung melaporkan kejadian tersebut dan menyerahkan para pelaku ke Polsek Beji sekitar pukul 02.45 WIB. ​""Saat ini ketiga remaja tersebut berikut barang bukti sudah diamankan dan diserahkan ke Unit Reskrim Polsek Beji untuk dilakukan penyelidikan secara intensif,"" ujar Antonius. Baca juga: Polisi tangkap pemuda bawa celurit-airsoft gun saat tawuran di Depok Baca juga: Tawuran pelajar SMP di Depok, seorang siswa mengalami luka bacok Pewarta: Ilham Kausar Editor: Syaiful Hakim Copyright © ANTARA 2026 Dilarang keras mengambil konten, melakukan crawling atau pengindeksan otomatis untuk AI di situs web ini tanpa izin tertulis dari Kantor Berita ANTARA. Kirim Komentar menjadi tanggung-jawab Anda sesuai UU ITE.",PEMBACOKAN
"Tenggak Miras Sebelum Tawuran di Bogor, Gangster di Depok Diciduk Ada Sajam Juga Depok – Belasan remaja yang hendak terlibat tawuran , diciduk Tim Patroli Perintis Presisi (3P) Polres Metro Depok. Mereka menamakan diri sebagai Geng Warung Boeh Official (WBO). Ada 18 remaja pria yang diamankan dari markas yang terletak di Jalan Raya Jati Mulya, Cilodong, Depok. Saat digerebek, mereka sedang asik menenggak minuman keras ( miras ). ADVERTISEMENT GULIR UNTUK LANJUT BACA “Tim 3P melakukan patroli dan melihat pemuda sedang berkumpul. Saat kami hampiri ada 3 buah botol minuman keras yang sedang dikonsumsi,” kata anggota 3P Polres Metro Depok, Briptu Lungit, Minggu 18 Juni 2023. Anggota gangster itu tak berkutik, ketika tim melakukan penyisiran. Awalnya, ditemukan 6 senjata tajam ( sajam ) dari markas tersebut. Setelah disisir lebih lanjut, ditemukan 2 sajam lagi yang disembunyikan di saluran pembuangan air. “Ditemukan sajam berupa 5 buah celurit dan satu pedang. Kemudian ditemukan lagi satu celurit dan samurai yang disimpan di pembuangan air. Total ada delapan sajam yang diamankan. Kemudian kita kumpulkan mereka yang berjumlah 18 orang,” jelasnya. Curiga dengan gelagat remaja ini, tim memeriksa handphone salah satu anggota. Barulah diketahui kalau mereka hendak tawuran di kawasan Bogor . Mereka janjian tawuran melalui sosial media dengan akun @wboofficial_ dan @remaja pusing. Mereka janjian tawuran dengan geng @pemdabogornotallatar. “Indikasi tawuran di kolom chat sedang membuat janji tawuran,” ujarnya. Gangster ini sudah sepakat, adu duel di lampu merah Pemda Bogor. Namun sebelum aksi, mereka mengonsumsi miras terlebih dulu. “Sebelum tawuran mereka minum-minum dulu. Janjian tawurannya di Bogor tapi minumnya di Depok,” tukasnya. Tim 3P kemudian membawa 18 remaja itu ke Polsek Sukmajaya. Selain itu tim juga membawa sajam milik mereka untuk disita. “Kami serahkan ke Polsek Sukmajaya semuanya,” ujarnya. Di waktu bersamaan, tawuran terjadi di Jalan Raya Bogor tepatnya di depan Jatijajar, Depok. Puluhan remaja itu saling serang menggunakan sajam. Dari puluhan remaja itu, 2 diantaranya perempuan. ADVERTISEMENT GULIR UNTUK LANJUT BACA “Dari CCTV ada 20 orang, usia sekitar 16 tahun, masih sekolah, bukan warga sini. Ada perempuan 2,” kata Ketua RT 02 RW 03, Jatijajar, Sapar. Sebelum tawuran, ada sekelompok remaja yang berkumpul di rumah salah satu warganya. Tawuran itu baru terjadi menjelang subuh.",TAWURAN
"Marak Tawuran dan Geng Motor, Kota Depok Berlakukan Jam Malam SMP VIVA Metro – Pelajar di Kota Depok diminta untuk tidak keluar saat malam hari. Pasalnya pemerintah setempat memberikan batasan bagi pelajar jenjang sekolah menengah pertama ( SMP ) hanya boleh beraktivitas di luar rumah hingga pukul 20.00. Kepala Dinas Pendidikannya Kota Depok Wijayanto melalui surat imbauannya nomor 005/12459/X/Pemb.SMP/2022 tertanggal 6 Oktober 2022 meminta agar seluruh satuan pendidikan (sekolah) dapat mensosialisasikan aturan tersebut kepada seluruh siswanya. ADVERTISEMENT GULIR UNTUK LANJUT BACA ""Dinas Pendidikan Kota Depok mengimbau satuan pendidikan jenjang SMP di Kota Depok dapat membuat surat imbauan kepada siswa-siswinya untuk tidak keluar rumah di atas pukul 20.00,"" kata Wijayanto dalam beleid tersebut. Wijayanto mengatakan bahwa alasan pemberlakuan jam malam bagi pelajar SMP ini karena situasi keamanan dan ketertiban di Kota Depok dan sekitarnya sedang tidak kondusif. ""Sehubungan kondisi saat ini yang kurang kondusif (tawuran) antar pelajar dan penusukan oleh geng motor) di wilayah Kota Depok dan sekitarnya maka Dinas Pendidikan Kota Depok menghimbau satuan pendidikan jenjang SMP dapat melakukan tindakan pencegahan,"" kata Wijayanto. Wijayanto oleh karena itu meminta seluruh sekolah SMP baik swasta maupun negeri agar dapat bekerja sama memantau para siswanya untuk dapat mengikuti anjuran yang telah dibuat oleh Dinas Pendidikan itu. ""Diharapkan semua warga satuan pendidikan (sekolah) agar mematuhinya dengan tetap berhati-hati dan waspada demi keselamatan bersama,"" kata Wijayanto. ADVERTISEMENT GULIR UNTUK LANJUT BACA Bagi sekolah yang lalai menjalankan imbauan ini, kata Wijayanto, Dinas Pendidikan Kota Depok akan menerapkan sanksi peninjauan ulang izin operasional sekolah. ""Apabila terjadi sesuatu hal yang merugikan banyak pihak disebabkan kelalaian sekolah akan dilakukan peninjauan ulang izin operasional sekolah tersebut bagi sekolah swasta,"" katanya.",TAWURAN
"Warga dan polisi gagalkan tawuran remaja di Depok Jakarta (ANTARA) - Sejumlah warga membantu polisi menggagalkan sekelompok remaja yang diduga hendak melakukan tawuran di Jalan Rawasari Cipayung, Kota Depok, Jawa Barat pada Sabtu (21/2) dini hari. “Peran warga sangat penting. Kolaborasi seperti ini membantu mencegah hal-hal yang bisa membahayakan remaja itu sendiri maupun masyarakat sekitar,” ujar Kepala Bidang Hubungan Masyarakat Polda Metro Jaya Kombes Pol Budi Hermanto di Jakarta, Minggu. Menurut dia, beberapa remaja itu telah membuat janji untuk bertemu di lokasi antara kelompok anak-anak Kampung Rawasari dan Kampung Pulo. Namun, saat mereka berkumpul di titik yang telah disepakati, warga langsung membubarkan kerumunan tersebut sekaligus mengamankan mereka agar tidak terjadi kekerasan di jalan. Sekelompok remaja itu kedapatan membawa bohlam dan tongkat golf. Selanjutnya, mereka dibawa ke Polsek Pancoran Mas untuk didata dan dilakukan pemeriksaan awal. Mereka kemudian diserahkan untuk dibina oleh Satuan Binmas Polres Metro Depok melalui kegiatan pesantren kilat yang berlangsung pada Sabtu (21/2) pukul 16.00 WIB di Masjid Al Ikhlas Polres Metro Depok. Baca juga: Orang tua diminta berperan hindarkan anak terlibat tawuran Dalam kegiatan tersebut, sekelompok remaja itu mengikuti shalat berjamaah, menerima bimbingan dan penyuluhan agar tidak mengulangi perbuatan yang salah serta lebih menjaga masa depan dan menghormati orang tua, sekaligus pembinaan rohani dengan membaca Al-Qur’an. Menurut Budi, pencegahan tawuran tidak bisa hanya mengandalkan kepolisian, tetapi membutuhkan kepekaan warga dan kekompakan semua pihak di lingkungan. Selanjutnya, dia pun mengimbau masyarakat untuk tidak ragu melapor apabila menemukan aktivitas yang mengarah pada gangguan keamanan. “Apabila masyarakat membutuhkan bantuan kepolisian atau menemukan kejadian yang meresahkan, segera hubungi Call Center 110 bebas pulsa. Setiap laporan akan ditindaklanjuti,” kata Budi. Lebih lanjut, dia berharap pembinaan tersebut menumbuhkan efek jera, meningkatkan kesadaran para remaja untuk menjauhi tawuran, serta memperkuat sinergi Polri dan masyarakat dalam menjaga situasi kamtibmas tetap aman dan kondusif, khususnya pada malam hari. Baca juga: Lokasi rawan tawuran di Jakarta terus diawasi selama Ramadhan Baca juga: Polisi lakukan penyekatan untuk cegah tawuran dan SOTR di Pademangan Pewarta: Lia Wanadriani Santosa Editor: Rr. Cornea Khairany Copyright © ANTARA 2026 Dilarang keras mengambil konten, melakukan crawling atau pengindeksan otomatis untuk AI di situs web ini tanpa izin tertulis dari Kantor Berita ANTARA. Kirim Komentar menjadi tanggung-jawab Anda sesuai UU ITE.",TAWURAN
"Kriminal sepekan, penindakan judi online hingga tawuran di Jaktim Jakarta (ANTARA) - Sejumlah peristiwa berkaitan dengan keamanan dan kriminal yang menghiasi Jakarta selama sepekan, mulai dari Polda Metro Jaya gelar operasi penindakan judi online internasional hingga polisi tangkap 10 remaja yang berniat tawuran di Jaktim. Berikut berita selengkapnya yang masih menarik untuk dibaca kembali. 1. Polda Metro Jaya gelar operasi penindakan judi online internasional Jakarta (ANTARA) - Polda Metro Jaya mengerahkan Satuan Brimob untuk melakukan pengamanan dalam operasi penegakan hukum terhadap jaringan judi online internasional di kawasan Hayam Wuruk, Jakarta Barat. Kabid Humas Polda Metro Jaya Kombes Pol Budi Hermanto mengonfirmasi kehadiran personel Brimob di lokasi operasi tersebut. “Benar, personel Satuan Brimob Polda Metro Jaya diterjunkan ke lokasi untuk memberikan dukungan pengamanan area. Hal ini dilakukan guna menjamin kelancaran rekan-rekan penyidik di lapangan dalam mengumpulkan barang bukti serta mengamankan para terduga pelaku,” kata Budi dalam keterangannya, Sabtu. Berita selengkapnya di sini 2. Polisi tangkap 10 remaja yang berniat tawuran di Jaktim Jakarta (ANTARA) - Patroli gabungan Brimob Batalyon B Pelopor Satbrimob Polda Metro Jaya bersama Tim Perintis Polres Metro Jakarta Timur menangkap 10 remaja yang berniat melakukan tawuran di kawasan Jalan Raya Tengah, Jakarta Timur (Jaktim), Jumat (8/5) dini hari. Dalam kegiatan patroli rayonisasi tersebut, polisi juga mengamankan sejumlah barang bukti berupa senjata tajam, tongkat golf, sepeda motor, dan telepon genggam. ""Seluruh remaja yang diamankan selanjutnya dibawa ke Polres Metro Jakarta Timur untuk pemeriksaan lebih lanjut,"" kata Komandan Satuan Brimob Polda Metro Jaya Kombes Pol Henik Maryanto dalam keterangan di Jakarta, Sabtu. Berita selengkapnya di sini 3. Polri mutasi sejumlah jabatan di lingkungan Polda Metro Jaya Jakarta (ANTARA) - Kepolisian Negara Republik Indonesia (Polri) melakukan rotasi dan mutasi jabatan terhadap 108 perwira tinggi dan perwira menengah pada Mei 2026, termasuk di lingkungan Polda Metro Jaya. Dalam Surat Telegram Kapolri Nomor: ST/960/V/KEP./2026 tanggal 7 Mei 2026, tercatat sejumlah jabatan di lingkungan Polda Metro Jaya yang dirotasi, yaitu Direktorat Lalu Lintas, Kepala Sekolah Polisi Negara (SPN) Polda Metro Jaya, Kapolres Metro Depok dan Kepala Biro Operasi (Karoops) Polda Metro Jaya. Jabatan pertama, yaitu Direktorat Lalu Lintas Polda Metro Jaya yang sebelumnya dijabat oleh Kombes Pol Komarudin diserahkan kepada Kombes Pol Firman Darmansyah yang sebelumnya menjabat sebagai Dirlantas Polda Sumut. Komarudin diangkat menjadi Kepala Biro Pengawasan dan Pembinaan Profesi Divpropam Polri. Berita selengkapnya di sini 4. BBPOM tindak toko kosmetik penjual obat keras ilegal di Ciracas Jakarta (ANTARA) - Balai Besar Pengawas Obat dan Makanan (BBPOM) di Jakarta bersama personel Polda Metro Jaya menindak sebuah toko kosmetik di kawasan Ciracas, Jakarta Timur, yang terbukti menjual obat keras tanpa izin edar (ilegal). ""Toko kosmetik maupun toko lainnya dilarang menjual obat keras serta produk lainnya tanpa izin edar dari BPOM,"" kata Kepala BBPOM di Jakarta Sofiyani Chandrawati Anwar di Jakarta, Sabtu. Berita selengkapnya di sini 5. Terdakwa penculikan kacab bank menangis minta maaf dan akui menyesal Jakarta (ANTARA) - Terdakwa 1 kasus dugaan penculikan dan pembunuhan terhadap seorang kepala cabang (kacab) bank di Jakarta berinisial MIP (37), yakni Serka MN meminta maaf sambil menangis dan menyesali perbuatannya. ""Izin, untuk terdakwa dua (Kopda FH) dan tiga (Serka FY), hanya mereka berdasarkan perintah saya, jadi dia loyal dengan saya. Untuk mereka, hukuman bersama serahkan dengan saya,"" kata Serka MN dalam sidang pemeriksaan terdakwa di Pengadilan Militer II-08 Jakarta, Cakung, Jakarta Timur, Selasa. Berita selengkapnya di sini Pewarta: Mario Sofia Nasution Editor: Syaiful Hakim Copyright © ANTARA 2026 Dilarang keras mengambil konten, melakukan crawling atau pengindeksan otomatis untuk AI di situs web ini tanpa izin tertulis dari Kantor Berita ANTARA. Kirim Komentar menjadi tanggung-jawab Anda sesuai UU ITE.",TAWURAN
"Kriminal sepekan, penyiram air keras ditangkap hingga pria tusuk istri Berikut berita selengkapnya:. 1. Polisi tangkap penyiram air keras ke anggota yang bubarkan tawuran Tim gabungan Polda Metro Jaya dan Polres Metro Jakarta Timur menangkap SAA (21) penyiram air keras terhadap anggota Brimob Polda Metro Jaya berinisial TBG (25) yang bertugas membubarkan tawuran di Jalan Basuki Rahmat, Jakarta Timur pada Kamis (29/8). ""SAA alias U kami tangkap pada Sabtu (31/8) pukul 06.30 WIB saat berada di rumah pacar pelaku di wilayah Otista, Bidara Cina, Jatinegara,"" kata Kabid Humas Polda Metro Jaya Kombes Pol. Ade Ary Syam Indradi saat dikonfirmasi di Jakarta, Senin. Selengkapnya di sini 2. Polisi tangkap empat pelaku penipuan di Jakarta Utara Aparat Kepolisian telah menangkap empat pelaku kasus penipuan yang menyasar lansia keluar dari bank di 15 lokasi di Kelapa Gading, Jakarta Utara. ""Kelompok ini terdiri dari tujuh pelaku dan empat pelaku ditangkap Unit Reskrim Polsek Kelapa Gading dan tiga pelaku ditahan di Polda Sumatera Utara,"" kata Kapolres Metro Jakarta Utara Kombes Polisi Gidion Arif Setyawan di Jakarta, Selasa. Selengkapnya di sini 3. Curi 10 laptop milik sekolah, karyawan SMK ditangkap polisi Seorang karyawan staf SMK Insan Mulia Informatika, Cipayung, Jakarta Timur, berinisial MT (24) diciduk polisi karena mencuri 10 unit laptop di sekolah tempat pelaku bekerja. Kapolsek Cipayung Kompol Dwi Susanto dalam keterangannya di Jakarta, Rabu, mengatakan, pelaku ditangkap di tempat persembunyiannya di Kota Depok, Jawa Barat. Selengkapnya di sini 4. 10 orang ditangkap dalam kasus pengeroyokan tukang buah Kepolisian Resor Metro Jakarta Barat menangkap sepuluh anggota oknum anggota ormas yang diduga melakukan pengeroyokan terhadap pedagang buah berinisial AR di Kembangan pada Selasa (3/9) malam. ""Pelaku sudah diamankan, 10 orang kita amankan,"" kata Kapolres Metro Jakarta Barat Kombes Polisi M Syahduddi saat dikonfirmasi di Jakarta, Rabu. Selengkapnya di sini 5. Polisi tetapkan penusuk istri hingga tewas di Jaksel sebagai tersangka Kepolisian menetapkan seorang pria berinisial AS yang menusuk istrinya berinisial FF hingga tewas di Jalan Sepat RT 08/02 Kelurahan Kebagusan, Kecamatan Pasar Minggu, Jakarta Selatan sebagai tersangka. “Betul pelaku sudah kami tetapkan tersangka,” kata Kasie Humas Polres Metro Jakarta Selatan, AKP Nurma Dewi di Polres Metro Jakarta Selatan, Kamis. Pewarta: Luthfia Miranda Putri Editor: Ganet Dirgantara Copyright © ANTARA 2024 Dilarang keras mengambil konten, melakukan crawling atau pengindeksan otomatis untuk AI di situs web ini tanpa izin tertulis dari Kantor Berita ANTARA. Kirim Komentar menjadi tanggung-jawab Anda sesuai UU ITE.",PENCURIAN
"Warga Bedahan Depok Resah, Pelajar Tawuran Seminggu Tiga Kali Depok - Tawuran pelajar marak terjadi di Depok. Mereka tak segan-segan beraksi di tempat umum dan disaksikan warga. Seperti yang terjadi di depan kompleks Widia Residence, Jalan Sulaiman Bedahan , Sawangan, Depok, Jawa Barat. Tawuran pelajar ini viral di sosial media @depokhariini. Terlihat sekelompok pelajar menggunakan motor dan membawa senjata tajam (sajam). Bahkan pelajar itu masih memakai seragam sekolah. Hanya saja tidak diketahui asal sekolahnya. ADVERTISEMENT GULIR UNTUK LANJUT BACA Sari, warga sekaligus saksi mata mengatakan, tawuran terjadi sore hari. Para pelajar yang tidak diketahui asalnya tiba-tiba datang dan akan menyerang pelajar sekolah lain. “Pakai seragam sekolah, bawa celurit,” katanya, Minggu (25/6/2023).  Sari, warga Bedahan, Sawangan, Depok Photo : Galih Purnama/Depok Sari menuturkan, tawuran memang sering terjadi di wilayahnya. Bahkan seminggu bisa sampai tiga kali. Mereka adalah pelajar SMP dan SMA. “Seminggu rutin, bisa 3 kali. Kurang tahu pelajar mana tapi banyak ada SMP ada SMA,” ujarnya. Hal ini sudah sangat meresahkan warga. Pelajar itu sering janjian di lokasi kemudian melakukan tawuran. “Di sini janjian. Datang dari arah berlawanan, dari jalan raya dan dari arah Bedahan. Banyak lebih dari 4 orang. sempat bikin macet juga,” ujarnya. ADVERTISEMENT GULIR UNTUK LANJUT BACA Dalam tawuran kemarin tidak ada korban jiwa. Saat itu warga takut untuk membubarkan karena mereka membawa sajam. “Kemarin ngga ada yang bubarin karena ngga ada yang berani, pada bawa celurit,” pungkasnya.",TAWURAN
"Polisi tangkap pemuda bawa celurit-airsoft gun saat tawuran di Depok Jakarta (ANTARA) - Polda Metro Jaya menangkap dua pemuda yang diduga membawa celurit dan senjata replika atau ""airsoft gun"" dalam tawuran di sekitar Pasar Pal, Cimanggis, Kota Depok, Jawa Barat, Sabtu dini hari. ​""Sekitar pukul 02.45 WIB, personel menerima laporan dari masyarakat mengenai adanya tawuran antarkelompok di sekitar Pasar Pal. Petugas kemudian segera menuju lokasi untuk melakukan pengecekan,"" kata Kabid Humas Polda Metro Jaya, Kombes Pol Budi Hermanto dalam keterangan di Jakarta, Sabtu. ​Budi menjelaskan pengamanan tersebut bermula saat personel Unit IV Seksi Turjawali Subdirektorat Gasum sedang melaksanakan patroli malam (blue light patrol) untuk mengantisipasi kejahatan pencurian dengan kekerasan, pencurian dengan pemberatan, dan pencurian kendaraan bermotor (3C), serta gangguan keamanan dan ketertiban masyarakat (kamtibmas) lainnya. ""​Setibanya di lokasi kejadian sekitar pukul 03.00 WIB, petugas mendapati kelompok yang bertikai dan langsung mengamankan dua pemuda berinisial F dan R,"" katanya. ​Dari penyisiran di sekitar lokasi kejadian, petugas juga menemukan dan menyita sejumlah barang bukti, yakni tujuh bilah senjata tajam jenis celurit, satu pucuk senapan angin, serta satu pucuk senjata ""airsoft gun"" jenis revolver. ​""Kedua pemuda bersama barang yang diamankan telah diserahkan kepada Polres Metro Depok untuk menjalani pemeriksaan dan pendalaman lebih lanjut,"" ucap Budi. ​Atas kejadian tersebut, Polda Metro Jaya mengimbau para orang tua di wilayah hukumnya untuk terus meningkatkan pengawasan terhadap aktivitas anak-anak. ""Khususnya saat malam hingga dini hari, guna mencegah keterlibatan mereka dalam aksi kriminalitas,"" kata Budi. Ia juga mengimbau masyarakat juga diminta proaktif dalam menjaga lingkungan dengan segera menghubungi pihak kepolisian melalui layanan panggilan 110 apabila melihat atau mengetahui adanya indikasi tawuran maupun gangguan keamanan lainnya. Baca juga: Pramono minta seluruh Wali Kota lakukan pendekatan untuk cegah tawuran Baca juga: Polisi ringkus empat pelaku tawuran yang tewaskan pelajar di Pancoran Baca juga: Polisi ringkus empat remaja tawuran bersenjata tajam di Cengkareng Pewarta: Ilham Kausar Editor: Mentari Dwi Gayati Copyright © ANTARA 2026 Dilarang keras mengambil konten, melakukan crawling atau pengindeksan otomatis untuk AI di situs web ini tanpa izin tertulis dari Kantor Berita ANTARA. Kirim Komentar menjadi tanggung-jawab Anda sesuai UU ITE.",PENCURIAN
"Tawuran! Siswa SMP di Depok Tewas Sempat Ditinggal Kabur Temannya VIVA –  Seorang siswa SMP di Depok tewas dalam tawuran yang terjadi di Jalan Raya Sawangan, Kecamatan Pancoran Mas, Depok. Tawuran terjadi Kamis (13/6) malam. Korban berinisial M tewas dengan luka parah akibat bacokan dari lawan. Belum diketahui penyebab tawuran tersebut. Informasi yang didapat, korban kalah tawuran dengan luka parah. Kemudian korban dibawa oleh temannya menggunakan motor, namun di tengah jalan korban terjatuh dan ditinggalkan temannya. ADVERTISEMENT GULIR UNTUK LANJUT BACA “Jadi kan saya lagi parkir motor, tiba-tiba ada yang jatuh kayaknya seperti anak sekolah pakai celana warna biru,” kata Brian, tukang parkir yang juga saksi mata, Jumat (14/6/2024).  Ilustrasi police line Photo : Istimewa Sekitar lima menit kemudian, teman korban ada yang datang kembali untuk melihat korban. Tapi setelah itu temannya kembali pergi setelah melihat korban berlumuran darah. “Diselamatkan sama temannya dibawa ke sini, pas lihat darah, temannya pada kabur ,” ungkapnya. Dirinya sempat mengejar teman korban tapi mereka sangat cepat hilang. Kemudian korban ditolong oleh warga yang ada di lokasi. Korban dibawa ke rumah sakit . Warga menemukan senjata tajam saat menolong korban. Paur Humas Polres Metro Depok, Iptu Made Budi mengatakan, peristiwa itu terjadi sekitar pukul 20.30 WIB pada Kamis (13/6). Tawuran terjadi di depan pintu Tol Desari Jalan Raya Sawangan, Rangkapan Jaya, Depok. “Sekitar pukul 20.30 WIB korban beserta beberapa temannya melakukan tawuran di depan pintu Tol Desari Jalan Raya Sawangan, Rangkapan Jaya. Dalam kejadian tersebut korban mengalami luka tusuk di bagian dada sebelah kanan,” katanya. Korban dibawa oleh temannya menggunakan motor usai kalah dalam tawuran tersebut. Di tengah jalan, korban terjatuh dari motor. “Terjatuh di depan Mie Gacoan Jalan Raya Sawangan terjatuh dan didatangi oleh warga. Teman korban meninggalkan korban tergeletak,” ujarnya. ADVERTISEMENT GULIR UNTUK LANJUT BACA Warga yang melihat korban dengan luka parah langsung membawa ke rumah sakit. Hanya saja nyawa korban tak tertolong karena M menghembuskan napas dalam perjalanan ke rumah sakit. “Keterangan sementara mereka tawuran dan korban dan temennya kalah. Saat  lari korban terjatuh dari motor temennya kabur, korban dibawa warga ke RS diperjalanan kondisi meninggal dunia,” pungkasnya.",PEMBACOKAN
"Kriminal Kemarin, mutilasi hingga ratusan senjata api di sekolah Jakarta (ANTARA) - Peristiwa kriminal terjadi di wilayah DKI Jakarta pada Kamis (6/7), mulai dari Polda Metro Jaya mendalami dugaan adanya hubungan sesama jenis dalam kasus pembunuhan disertai mutilasi terhadap pria bernama Kunaefi (51) di Kota Depok, hingga sebanyak 995 pucuk senjata api, CD video porno hingga narkoba ditemukan dalam sebuah ruangan tertutup di sekolah swasta di Kebayoran Lama, Jakarta Selatan. Selain itu, terdapat beberapa berita kriminal lainnya sebagai berikut: 1. Polisi dalami dugaan hubungan sesama jenis dalam kasus mutilasi di Depok Polda Metro Jaya mendalami dugaan adanya hubungan sesama jenis antara tersangka SA alias Saepullah dengan korban dalam kasus pembunuhan disertai mutilasi terhadap pria bernama Kunaefi (51) di Kota Depok. Kanit 1 Subdit Resmob Direktorat Reserse Kriminal Umum Polda Metro Jaya Kompol Dimitri Mahendra Kartika mengatakan pendalaman itu dilakukan berdasarkan hasil pemeriksaan saksi-saksi serta analisis terhadap telepon seluler milik tersangka. Baca berita selengkapnya di sini 2. Ratusan senjata api hingga narkoba ditemukan di sekolah swasta Jaksel Sebanyak 995 pucuk senjata api, CD video porno hingga narkoba ditemukan dalam sebuah ruangan tertutup di sekolah swasta yang berada di Pondok Pinang, Kebayoran Lama, Jakarta Selatan. ""Kami menemukan kembali beberapa senjata. Termasuk, juga menemukan narkoba, dan CD porno,"" kata Kuasa hukum yayasan sekolah swasta, Hermawanto di Mapolres Metro Jakarta Selatan, Kamis. Baca berita selengkapnya di sini 3. Kronologi temuan 995 pucuk senjata api di sekolah swasta Jaksel Tim kuasa hukum sekolah swasta di kawasan Pondok Pinang, Kebayoran Lama, Jakarta Selatan mengungkap kronologi temuan 995 pucuk senjata api, VCD porno hingga narkoba di sekolah tersebut. ""Kami awalnya ingin membuka sebuah ruangan untuk kebutuhan anak sekolah. Namun, tiba-tiba ketika kami membuka ruangan untuk kepentingan sekolah ini, kami temukan peralatan yang disebut senjata. Airsoft gun yang bisa membunuh karena larasnya itu polos tidak ada alur,"" kata Staf Ahli Ketua Pembina Yayasan, Untung Sangaji di Polres Metro Jakarta Selatan, Kamis. Baca berita selengkapnya di sini 4. Pemkot memetakan potensi kerawanan tawuran dan konflik sosial di Jakut Pemerintah Kota (Pemkot) Jakarta Utara (Jakut) memetakan potensi kerawanan tawuran dan konflik sosial lewat forum diskusi terpumpun yang digelar Forum Komunikasi Pimpinan Kota (Forkopimko) Jakarta Utara pada Kamis. “Seluruh potensi kerawanan akan dipetakan secara detail sebagai dasar penyusunan langkah antisipasi, agar tidak terjadi lagi aksi tawuran hingga berujung kematian,” kata Sekretaris Kota (Sekko) Jakarta Utara Iyan Sopian Hadi, di Jakarta, Kamis. Baca berita selengkapnya di sini 5. Polisi bongkar dua kasus narkoba di Jakarta Barat Polsek Kembangan membongkar dua kasus narkoba di wilayah Cengkareng Timur dan Jelambar, Jakarta Barat, pada akhir Juli 2026. Kapolsek Kembangan Kompol Moch Taufik Iksan mengatakan, dari dua pengungkapan itu, polisi berhasil menyita lebih dari 75 ribu butir obat keras dan psikotropika, 70 vape etomidate, serta lebih dari satu kilogram narkotika jenis sabu yang diduga siap diedarkan di wilayah Jakarta dan sekitarnya. Baca berita selengkapnya di sini Pewarta: Siti Nurhaliza Editor: Budisantoso Budiman Copyright © ANTARA 2026 Dilarang keras mengambil konten, melakukan crawling atau pengindeksan otomatis untuk AI di situs web ini tanpa izin tertulis dari Kantor Berita ANTARA. Kirim Komentar menjadi tanggung-jawab Anda sesuai UU ITE.",TAWURAN
"Polisi Tangkap Bocah SMP Penyuplai Celurit Buat Tawuran di Depok VIVA Metro – Seorang bocah berinisial F ditangkap buntut diduga jadi penyuplai senjata tajam kepada pelaku tawuran di kawasan Depok , Jawa Barat. Hal ini viral di media sosial, yaitu di akun Instagram @lensa_berita_jakarta. Sejumlah anggota polisi berada pada sebuah rumah dan mendapati adanya senjata tajam yang diduga disuplai kepada para pelaku tawuran. Perwira Pengendali Tim Perintis Presisi Polres (TPPP) Metro Kota Depok, Ajun Komisaris Polisi Winam Agus menyebut awalnya tim dapat informasi tawuran di kawasan Pitara, Pancoranmas, Depok sekira pukul 12.00 WIB. ADVERTISEMENT GULIR UNTUK LANJUT BACA  Tawuran di Manggarai. Photo : VIVA/Andrew Tito Saat di lokasi, aksi tawuran telah bubar, tapi polisi menangkap seorang pelajar Sekolah Menengah Pertama (SMP). ""Kita interogasi terus saya minta buka hp-nya, itu dia foto-foto nya selalu bawa senjata tajam bawa ini kan,"" ucap dia kepada wartawan, Kamis 23 Maret 2023. Kemudian, dia menyebut pelaku tawuran beli senjata tajam dengan cara Cash On Delivery alias COD kepadanya. Dia pun mengakui masih ada senjata tajam untuk dijual di kediamannya. ""Terus saya tanya lagi, 'Terus untuk apa?' 'Untuk pelaku-pelaku tawuran', teman-teman yang tawuran tapi mereka beli, katanya begitu. Ada nggak barang yang masih di rumahmu ? Ada. Kita ambil di rumahnya itu,"" kata dia.  Ilustrasi tawuran pelajar. Photo : Sedikitnya ada tiga celurit yang disita dari rumah pelajar itu. Untuk dua pelajar lain yang diamankan diduga merupakan pelaku tawuran. Saat ini, pelaku masih diperiksa secara intensif oleh pihaknya. ADVERTISEMENT GULIR UNTUK LANJUT BACA ""Kita ambil di rumahnya itu. Terus ada dua orang juga saat itu kita temukan kita bawa juga yang diduga pelaku tawuran. Celurit semua, itu tiga itu, celurit semua yang pertama gede banget. Semalam masih di Polres, perintah pimpinan kan jelas, walaupun di bawah umur tapi tetep dilakukan proses dengan UU di bawah umur begitu,"" kata dia lagi.",TAWURAN
"Supian-Chandra Janji Sediakan Satu Ring Tinju Tiap Kecamatan di Depok, Buat Apa? Depok , VIVA – Calon Wakil Wali Kota Depok, Chandra Rahmansyah memiliki cara tersendiri untuk mencegah tawuran remaja di Depok. Jika terpilih nanti dia akan menyiapkan ring tinju di tiap kecamatan di Depok. “Ya kita siapkan satu ting tinju di tiap kecamatan. Kita akan salurkan mereka tadi, ya bakat-bakatnya tadi, termasuk ring tinju,” kata Chandra saat acara Gerakan Pelajar Depok Anti Golput, Senin 18 November 2024. ADVERTISEMENT GULIR UNTUK LANJUT BACA Dia melihat persoalan tawuran masih menjadi pekerjaan rumah yang harus diselesaikan pemerintah. Di sisi lain dia melihat, tawuran terjadi karena remaja Depok tidak memiliki ruang berekspresi sehingga mereka menyalurkan lewat cara yang kurang tepat. “Ini menjadi fasilitas bagi remaja yang memiliki hobi berantem agar tidak menyalurkan energinya ke jalan yang salah,” ujarnya.  Ketua Umum Prabowo Mania, Immanuel Ebenezer temui calon Wakil Wali Kota Depok Chandra Rahmansyah Photo : VIVA.co.id/Rinna Purnama (Depok) Dengan adanya arena ring tinju diharapkan tawuran akan berkurang. Pelajar yang masih hobi tawuran dapat menyalurkan energinya di atas ring tinju. “Jadi tadi saya bilang, saya akan buat ring tinju di per Kecamatan, supaya apa, buat anak-anak yang memang hobinya berantem, ya sudah, di ring tinju itu saya rasa akan jauh lebih sportif, kompetitif, dan juga tidak melanggar hukum,” ungkapnya.  Margonda, Depok. Photo : Zahrul Darmawan/VIVA.co.id Pencegaha tawuran sangat perlu dilakukan. Untuk itu diperlukan kerja sama seluruh pihak dalam mengatasi persoalan ini. Pemerintah juga harus hadir misalnya dengan menyediakan sarana olahraga untuk menyalurkan energi positif anak-anak muda Depok. ADVERTISEMENT GULIR UNTUK LANJUT BACA “Tapi kalau masih ada pelajar-pelajar yang masih, mau sok jagoan, mau tawuran, mau berantem-berantem akan kita temukan (di ring tinju),” pungkasnya.",TAWURAN
"Menteri PPPA tanggapi tawuran pelajar SD di Depok, ini pernyataannya Jakarta (ANTARA) - Menteri Pemberdayaan Perempuan dan Perlindungan Anak (PPPA) Arifah Fauzi mengatakan kasus tawuran pelajar sekolah dasar di Depok, Jawa Barat, menjadi peringatan bagi semua untuk memperkuat pengasuhan, pendidikan karakter, dan pengawasan terhadap anak. ""Kami memandang peristiwa ini sebagai hal yang sangat memprihatinkan dan perlu ditangani secara serius. Seluruh anak Indonesia adalah anak kita yang seharusnya berada dalam lingkungan aman dan mendukung tumbuh kembangnya. Kita semua tentu sepakat bahwa tawuran yang melibatkan anak usia SD merupakan pelanggaran terhadap prinsip-prinsip dasar perlindungan anak sebagaimana diatur dalam Undang-Undang Nomor 35 Tahun 2014 tentang Perlindungan Anak,"" kata Menteri PPPA Arifah Fauzi di Jakarta, Kamis. Pihaknya menyampaikan keprihatinan atas peristiwa tawuran yang melibatkan siswa Sekolah Dasar (SD) di kawasan Cilangkap, Kota Depok, pada 10 Mei 2025. Baca juga: Polisi pulangkan belasan remaja yang terlibat tawuran Menurut dia, penanganan terhadap anak-anak yang terlibat dalam peristiwa tersebut harus mengedepankan pendekatan perlindungan, pembinaan, dan rehabilitasi, bukan tindakan represif. Hal ini mengacu pada Undang-Undang Nomor 11 Tahun 2012 tentang Sistem Peradilan Pidana Anak (UU SPPA) yang menyebutkan bahwa anak di bawah usia 12 tahun tidak dapat diproses secara pidana. ""Anak-anak yang terlibat perlu mendapatkan pendampingan intensif serta program rehabilitasi psikososial agar tidak mengulangi perilaku serupa. Mereka bukan pelaku kriminal, melainkan korban dari sistem yang belum cukup hadir untuk melindungi mereka,"" kata Menteri Arifatul Choiri Fauzi. Baca juga: Polisi tangkap pelaku tawuran bersenjata tajam di rel kereta Ciputat Kementerian PPPA telah berkoordinasi dengan UPTD PPA Kota Depok untuk memastikan dilakukannya pendampingan sesuai amanat Peraturan Menteri Pendidikan dan Kebudayaan (Permendikbud) Nomor 46 Tahun 2023 tentang Pencegahan dan Penanganan Kekerasan di Lingkungan Satuan Pendidikan. Langkah-langkah yang dilakukan mencakup penjangkauan, dukungan psikososial, dan skrining kondisi anak sebagai bagian dari upaya pencegahan sekunder. Baca juga: Legislator tekankan upaya preventif cegah tawuran di Jakarta Pewarta: Anita Permata Dewi Editor: Risbiani Fardaniah Copyright © ANTARA 2025 Dilarang keras mengambil konten, melakukan crawling atau pengindeksan otomatis untuk AI di situs web ini tanpa izin tertulis dari Kantor Berita ANTARA. Kirim Komentar menjadi tanggung-jawab Anda sesuai UU ITE.",TAWURAN
"Kriminal kemarin, ekshumasi Sutrimo hingga pemeriksaan Bigmo Jakarta (ANTARA) - Sejumlah peristiwa berkaitan dengan keamanan menghiasi Jakarta yang terjadi pada Senin (10/8) kemarin, mulai dari ekshumasi Sutrimo hingga pemeriksaan YouTuber Bigmo. Berikut berita selengkapnya yang masih menarik untuk dibaca kembali. 1. LPSK ""jemput bola"" untuk dampingi keluarga Sutrimo Lembaga Perlindungan Saksi dan Korban (LPSK) melakukan ""jemput bola"" untuk menjangkau keluarga almarhum Sutrimo guna menawarkan hak perlindungan dan pendampingan hukum terkait kasus kematian Sutrimo yang tengah ditangani kepolisian. ​Wakil Ketua LPSK Susilaningtias di Jakarta, Senin, mengatakan pihaknya telah berkoordinasi dengan Polda Metro Jaya mengenai penanganan kasus tersebut dan siap memberikan arahan kepada pihak keluarga. Selengkapnya di sini 2. Kasus kematian Sutrimo naik ke penyidikan, ekshumasi digelar Rabu Direktorat Reserse Kriminal Umum Polda Metro Jaya meningkatkan status penanganan perkara kematian seorang warga berinisial S alias Sutrimo dari tahap penyelidikan ke penyidikan, serta menjadwalkan tindakan ekshumasi pada Rabu, 12 Agustus 2026. ​Direktur Reserse Kriminal Umum Polda Metro Jaya Kombes Pol Iman Imanuddin mengatakan penanganan perkara tersebut dilakukan berdasarkan gabungan dua laporan polisi, yakni laporan masyarakat di Bareskrim Polri dan laporan keluarga korban di Polresta Banyumas, Jawa Tengah, yang kini telah dilimpahkan ke Polda Metro Jaya. Selengkapnya di sini 3. Motor wartawan hilang usai liputan di Kantor Kemenko Polkam Sepeda motor milik pewarta iNews Media Group, Danandaya Arya Putra hilang saat bertugas meliput di Kantor Kemenko Polkam, pada Senin siang dan kasus tersebut telah dilaporkan ke pihak kepolisian. ""Posisi motor saya parkir di trotoar karena memang kalau ada agenda Polkam sering dijadikan parkir di lokasi itu,” kata Danandaya kepada wartawan di Jakarta, Senin. Selengkapnya di sini 4. Polisi jadwalkan pemeriksaan YouTuber Bigmo pada Senin siang ​Polda Metro Jaya menjadwalkan pemanggilan dan pemeriksaan terhadap seorang pembuat konten YouTube (YouTuber) bernama Bigmo terkait kasus promosi rokok elektrik (vape) yang melibatkan anak, pada Senin siang. ​Kabid Humas Polda Metro Jaya, Kombes Pol Budi Hermanto saat dikonfirmasi di Jakarta, Senin, memastikan bahwa pihak kepolisian telah menerima kepastian kehadiran dari pihak yang bersangkutan. Selengkapnya di sini 5. Hendak tawuran, Polisi tangkap tiga remaja bawa senjata tajam di Depok Kepolisian Sektor (Polsek) Beji, Kota Depok, Jawa Barat, menangkap tiga orang remaja yang diduga hendak melakukan aksi tawuran dengan membawa senjata tajam di kawasan Jalan Kemiri Jaya, Kecamatan Beji, Depok, pada Minggu (9/8) dini hari. ​Kapolsek Beji Kompol Antonius, membenarkan adanya penangkapan ketiga remaja tersebut yang awalnya dicegat oleh warga setempat. Selengkapnya di sini Pewarta: Luthfia Miranda Putri Editor: Riza Mulyadi Copyright © ANTARA 2026 Dilarang keras mengambil konten, melakukan crawling atau pengindeksan otomatis untuk AI di situs web ini tanpa izin tertulis dari Kantor Berita ANTARA. Kirim Komentar menjadi tanggung-jawab Anda sesuai UU ITE.",TAWURAN
"Tawuran Dini Hari, Sepuluh Remaja Berstatus Pelajar Diamankan Polisi Depok – Sekelompok remaja diamankan petugas Polsek Sukmajaya karena terlibat tawuran yang terjadi di Gang Rubin, Kelurahan Tirtajaya, Kecamatan Sukmajaya, Depok. Setidaknya ada 10 orang yang diamankan karena membawa senjata tajam. Mereka semua masih berstatus pelajar . Kapolsek Sukmajaya Kompol Margiono mengatakan, tawuran tersebut terjadi Sabtu, 2 Desember 2023 dini hari sekitar pukul 03.30 WIB. Bermula ketika mereka jalan bergerombol dan memperlihatkan gerak-gerik mencurigakan. ADVERTISEMENT GULIR UNTUK LANJUT BACA “Bahwa benar sekitar jam 03.30 WIB Tim Patroli Presisi Polres Metro Depok mengamankan sekitar 10 remaja yang diduga selesai tawuran,” katanya, Sabtu, 2 Desember 2023.  Ilustrasi perkelahian - ilustrasi pengeroyokan - ilustrasi tawuran Photo : Istimewa Mereka adalah MAD, JH, MRN, RHW, ML, ARA, RAR, MNA, SS, ASA. Status mereka semua masih pelajar. “Dari data yang kami dapat statusnya semua pelajar,” ujarnya. Mereka akhirnya dibawa ke Polsek Sukmajaya karena kedapatan membawa senjata tajam. Ketika ditanya, barulah mereka mengaku baru saja selesai tawuran. Kesepuluh remaja yang masih pelajar itu tergabung dalam geng bernama Blapin. “Diduga mereka pelaku tawuran berikut barang bukti dari piket SPK diserahkan ke piket reskrim,” ungkapnya. Kapolsek mengatakan, sebelum tawuran mereka terlebih dulu janjian lewat media sosial. Setelah lokasi disepakati baru kedua kelompok bertemu dan terjadi tawuran. “Janjian melalui media sosial IG. Nama kelompoknya Geng Blapin,” bebernya. Motif mereka tawuran hanya untuk eksistensi. Mereka akan dilihat hebat jika sudah pernah terlibat tawuran, terlebih jika sampai bisa mengalahkan lawan. “Motif tawuran iseng aja, untuk diakui kelompoknya,” katanya. Saat ini 10 remaja itu masih diamankan di Polsek Sukmajaya. Mereka diminta keterangan lebih dalam mengenai tawuran tersebut. Barang bukti juga sudah diamankan. ADVERTISEMENT GULIR UNTUK LANJUT BACA “Tindakan kami menyerahkan diduga pelaku tawuran ke piket reskrim berikut barang bukti yaitu tiga unit motor, empat sajam dan lima HP,” tuturnya.",TAWURAN
"Diduga terlibat tawuran di Depok, warga serahkan tiga remaja ke polisi Jakarta (ANTARA) - Sejumlah warga menyerahkan tiga remaja yang terlibat tawuran di depan Stadion Mini Sukatani, Jalan Dongkal nomo 1, RT04/RW04, Sukatani, Tapos, Depok pada Jumat (30/5) ke Polsek Cimanggis. Kapolsek Cimanggis Polres Metro Depok Kompol Jupriono saat dikonfirmasi, Sabtu, membenarkan peristiwa itu dan menjelaskan pelaku tawuran merupakan remaja dari kampung Pasar Deppen, Sukatani, Depok dengan remaja dari Gang Okasa, Pekapuran, Sukatani, Tapos, Depok. ""Benar, peristiwa tersebut terjadi sekitar pukul 17.00 WIB telah diamankan oleh warga dan telah ditemukan barang bukti di lokasi TKP berupa satu bilah golok dan satu buah mistar besi,"" katanya. Baca juga: Polisi tangkap delapan remaja diduga terlibat tewasnya remaja di JIS Jupriono menjelaskan tawuran tersebut terjadi karena adanya saling ejek dan berlanjut dengan ajakan tawuran di media sosial Instragram dengan judul Rear. ""Dari pihak Gang Okasa berjumlah delapan orang dengan tiga motor sedangkan anak kampung Pasar Deppen berjumlah sembilan orang remaja dengan tiga motor,"" katanya. Baca juga: 56 oknum ormas jadi tersangka dalam Operasi Berantas Jaya 2025 Jupriono menyebutkan dari tawuran yang berhasil dibubarkan oleh warga tersebut, tiga remaja berinisial DJH (15), MSD (15) dan RDC (16) diamankan dan kemudian dibawa ke Polsek Cimanggis. ""Para remaja yang ditangkap masih di bawah umur dan masih berstatus sebagai pelajar, selain itu barang bukti yang diserahkan oleh warga adalah barang bukti yang sudah tercecer di lokasi,"" katanya. Jupriono menambahkan dalam kejadian tersebut untuk sementara tidak ada korban yang terluka akibat senjata tajam. ""Akan tetapi mereka luka pada bagian lutut kaki dan tangan karena terjatuh setelah dibubarkan warga,"" jelasnya. Baca juga: Pemkot Jaktim awasi akun tawuran remaja di media sosial Sebelumnya beredar video di media sosial instagram melalui akun @infodepok yang merekam saat para pelaku hendak tawuran. ""Aksi tawuran pelajar berhasil digagalkan warga di Jalan Dongkal dekat Stadion Mini Sukatani, Tapos, Depok pada Jumat sore sekitar pukul 17.00 WIB,"" tulis akun tersebut. Dalam video tersebut terlihat para warga mengamankan tiga remaja beserta barang bukti yang ditemukan di sekitar lokasi. Pewarta: Ilham Kausar Editor: Ganet Dirgantara Copyright © ANTARA 2025 Dilarang keras mengambil konten, melakukan crawling atau pengindeksan otomatis untuk AI di situs web ini tanpa izin tertulis dari Kantor Berita ANTARA. Kirim Komentar menjadi tanggung-jawab Anda sesuai UU ITE.",TAWURAN
"Kriminal kemarin, pengedar sabu ditangkap hingga pria tewas ditembak Jakarta (ANTARA) - Sejumlah peristiwa kriminal terjadi di Jakarta pada Selasa (10/3), mulai dari penangkapan dua pengedar narkotika di Sunter, toko obat keras ditembaki petasan, hingga pria berinisial BAS (54) ditemukan tewas dengan luka tembak pada bagian kepala di Pesanggrahan, Jakarta Selatan. Simak kembali rangkuman berita berikut ini: 1. Polisi tangkap dua pengedar narkotika di kawasan Sunter Jakarta (ANTARA) - Satuan Narkoba Polres Pelabuhan Tanjung Priok dua pengedar sabu dan inex di pinggir Jalan Danau Sunter Utara, Kelurahan Sunter Agung, Kecamatan Tanjung Priok, Jakarta Utara. “Kedua tersangka diketahui berinisial LL (40) warga Purwakarta dan W (40) warga Pekanbaru,” kata Kasat Reserse Narkoba Polres Pelabuhan Tanjung Priok, AKP Trendy Habibi Ariyanto di Jakarta, Selasa. Baca selengkapnya di sini 2. Polisi gerebek tiga toko obat keras yang diserang petasan di Jaktim Jakarta (ANTARA) - Polsek Pasar Rebo menggerebek tiga toko penjual obat keras yang viral diserang dan ditembaki petasan oleh sekelompok orang tak dikenal di Jalan Raya Bogor, Jakarta Timur, Senin (9/3) malam. ""Kami dari Polsek Pasar Rebo menindaklanjuti dengan cepat informasi tersebut dengan mendatangi lokasi, terutama di Jalan Raya Bogor, di depan PT Meiyume, di depan Mixue, dan lokasi ketiga di Jalan Lestari, Kalisari,"" kata Kapolsek Pasar Rebo AKP I Wayan Wijaya di Kantor Walikota Jakarta Timur, Selasa. Baca selengkapnya di sini 3. Polisi ungkap kronologi pembunuhan di Depok Jakarta (ANTARA) - Polda Metro Jaya membeberkan kronologi peristiwa pembunuhan di Depok, Jawa Barat, yang terjadi pada Sabtu (7/3), dengan penemuan jasad korban dalam kondisi mengering. Kasubdit Reserse Mobile (Resmob) Ditreskrimum Polda Metro Jaya AKBP Resa Fiardi Marasabessy menjelaskan peristiwa itu berawal pada 31 Desember 2024, ketika tersangka yang berinisial ARH (44) menikah siri dengan korban berinisial DH (55), dan mereka tinggal di Perumahan Primavera, Kelapanunggal, hingga April 2025. Baca selengkapnya di sini 4. Gagalkan tawuran, Polisi tangkap empat pemuda di Jaktim Jakarta (ANTARA) - Tim Patroli Perintis Presisi Direktorat Samapta Polda Metro Jaya menangkap empat pemuda beserta 12 senjata tajam yang diduga hendak melakukan tawuran di Kampung Mekarsari, Jakarta Timur (Jaktim). Direktur Samapta Polda Metro Jaya Kombes Pol Wahyu Dwi Ariwibowo mengatakan keempat pemuda tersebut diamankan saat petugas melakukan patroli dini hari pada Selasa sekitar pukul 02.04 WIB. Baca selengkapnya di sini 5. Pria ditemukan tewas dengan luka tembak di kepala di Pesanggrahan Jakarta (ANTARA) - Seorang pria inisial BAS (54) ditemukan tewas dengan luka tembak di bagian kepala dalam sebuah rumah di Jalan Deplu I RT 001/RW 03, Kelurahan Bintaro, Pesanggrahan, Jakarta Selatan, Jumat (6/3). ""Setelah dilakukan tindakan cek TKP, kami langsung melakukan koordinasi dengan pihak Rumah Sakit Polri untuk melaksanakan autopsi. Untuk memastikan apakah ada pidana lain yang terjadi,"" kata Kapolsek Pesanggrahan Kompol Seala Syah Alam dalam konferensi pers di Jakarta, Selasa. Baca selengkapnya di sini Pewarta: Lia Wanadriani Santosa Editor: Rr. Cornea Khairany Copyright © ANTARA 2026 Dilarang keras mengambil konten, melakukan crawling atau pengindeksan otomatis untuk AI di situs web ini tanpa izin tertulis dari Kantor Berita ANTARA. Kirim Komentar menjadi tanggung-jawab Anda sesuai UU ITE.",TAWURAN
"Kriminal kemarin, kebakaran di indekos Kemayoran hingga vandalisme Jakarta (ANTARA) - Peristiwa kriminal terjadi di wilayah DKI Jakarta pada Kamis (16/7), mulai dari saksi yang mendengar dua kali suara ledakan sebelum kebakaran yang menewaskan seorang penghuni indekos berinisial M (27) di Kemayoran, hingga dugaan tindak vandalisme digagalkan saat patroli malam di kawasan Jatinegara. Berikut berita selengkapnya: 1. Polisi ungkap saksi dengar ledakan sebelum kebakaran indekos Kemayoran Polisi mengungkapkan seorang saksi mendengar dua kali suara ledakan sebelum kebakaran yang menewaskan seorang penghuni indekos berinisial M (27) di Jalan Sumur Batu Raya Gang Buntu, Kemayoran, Jakarta Pusat. Kanit Reskrim Polsek Kemayoran Iptu Boedi mengatakan keterangan tersebut diperoleh dari hasil pemeriksaan terhadap saksi berinisial AF (27) yang kamar indekosnya berada tepat di seberang kamar korban. Baca berita selengkapnya di sini 2. Polda Metro Jaya gagalkan aksi vandalisme di Jatinegara Tim Patroli Gabungan Batalyon B Pelopor Satuan Brimob Polda Metro Jaya bersama Perintis Presisi Polres Metro Jakarta Timur menggagalkan dugaan aksi vandalisme saat menggelar patroli malam di kawasan Jatinegara, Jakarta Timur, Kamis dini hari. Komandan Satuan (Dansat) Brimob Polda Metro Jaya Kombes Pol. Henik Maryanto menyebutkan petugas mengamankan dua pemuda yang menunjukkan gerak-gerik mencurigakan saat menyisir kawasan Jalan Jenderal Basuki Rachmat. Baca berita selengkapnya di sini 3. Kronologi petugas wanita Rutan Salemba gagalkan penyelundupan ekstasi Ketelitian petugas wanita di layanan kunjungan Rumah Tahanan (Rutan) Kelas I Salemba, Jakarta Pusat, menggagalkan upaya penyelundupan 15 butir pil yang diduga narkotika jenis ekstasi yang disembunyikan seorang pengunjung di dalam lipatan tisu. Pelaksana Harian (Plh.) Kepala Rutan Kelas I Jakarta Pusat Gusti Akhmad Ridho di Jakarta, Kamis, mengatakan peristiwa itu bermula ketika pengunjung berinisial GG mendaftarkan diri untuk mengikuti layanan kunjungan tatap muka dengan warga binaan berinisial UK pada Rabu (15/7) sekitar pukul 14.45 WIB. Baca berita selengkapnya di sini 4. Pria bawa bayi gasak produk kosmetik di minimarket Meruya Jakbar Seorang pria yang membawa bayi kepergok diduga mencuri sejumlah produk kosmetik di sebuah minimarket di kawasan Jalan Mercu Buana, Meruya Selatan, Kembangan, Jakarta Barat pada Rabu (15/7) malam. Berdasarkan video yang diunggah melalui akun Instagram @wargajakbar, terlihat pria tersebut mengenakan topi dan kaus berwarna merah sedang menggendong seorang bayi. Baca berita selengkapnya di sini 5. Hendak tawuran, Polisi tangkap enam pemuda bersenjata tajam di Depok Tim Patroli Unit IV Subdit Gasum Dit Samapta Polda Metro Jaya menangkap enam pemuda terduga pelaku tawuran di kawasan Jalan Radar Auri, Kecamatan Cimanggis, Kota Depok, Rabu (15/7) dini hari. Direktur Samapta (Dirsamapta) Polda Metro Jaya Kombes Pol Wahyu Dwi Ariwibowo menjelaskan dalam operasi cipta kondisi tersebut, petugas turut menyita barang bukti berupa empat bilah senjata tajam (sajam) dari tangan para pemuda tersebut. Baca berita selengkapnya di sini Pewarta: Siti Nurhaliza Editor: Rr. Cornea Khairany Copyright © ANTARA 2026 Dilarang keras mengambil konten, melakukan crawling atau pengindeksan otomatis untuk AI di situs web ini tanpa izin tertulis dari Kantor Berita ANTARA. Kirim Komentar menjadi tanggung-jawab Anda sesuai UU ITE.",KEBAKARAN
"Cegah perundungan, Polda Metro Jaya luncurkan FKPMS di 11 sekolah Jakarta (ANTARA) - Polda Metro Jaya meluncurkan program Forum Kemitraan Polri dan Masyarakat Sekolah (FKPMS) di 11 sekolah di Jakarta sebagai upaya memperkuat pencegahan perundungan, deteksi dini, dan penyelesaian persoalan di lingkungan pendidikan. Kapolda Metro Jaya Irjen Pol Asep Edi Suheri menegaskan sekolah dan madrasah merupakan tempat tumbuhnya generasi penerus bangsa yang harus dijaga agar tetap aman, tertib, nyaman, dan kondusif. ""Peluncuran FKPMS ini dilatarbelakangi oleh berbagai tantangan di lingkungan pendidikan, mulai dari perundungan, kekerasan, pelecehan, tawuran, pengaruh negatif media sosial, hingga perilaku menyimpang akibat tekanan sosial,"" kata Asep dalam keterangannya di Jakarta, Rabu. Asep mengatakan sepanjang 2025, Polda Metro Jaya menangani sekitar 2.706 kasus kekerasan terhadap perempuan dan anak di wilayah Jakarta, sehingga perlindungan terhadap anak dinilai masih menjadi tantangan serius yang memerlukan penanganan terpadu. “Kehadiran FKPMS merupakan langkah strategis dalam memperkuat kemitraan antara kepolisian, sekolah, orang tua, dan masyarakat,"" ujar Asep. Dia menyebutkan forum tersebut dihadirkan sebagai wadah komunikasi, koordinasi, serta pemecahan masalah secara cepat dan tepat, guna menciptakan lingkungan pendidikan yang aman, tertib, dan kondusif. ""Melalui forum tersebut, komunikasi antarunsur sekolah, orang tua, masyarakat, dan kepolisian diperkuat agar setiap potensi gangguan dapat dikenali sejak awal, dipetakan dengan baik, dan ditangani secara cepat serta tepat,"" tutur Asep. Dia juga menekankan pentingnya peran wakil kepala sekolah bidang kesiswaan serta ketua OSIS dari SMA, SMK, dan Madrasah Aliyah se-Jakarta Pusat dalam membangun budaya sekolah yang sehat, disiplin, serta bebas dari kekerasan, perundungan, dan penyalahgunaan narkoba. Baca juga: Polda Metro Jaya perkuat peran siswa jaga keamanan sekolah Selain peserta yang hadir secara langsung, kegiatan peluncuran forum tersebut juga diikuti oleh 11 sekolah melalui Zoom Meeting sebagai embrio pembentukan FKPMS di wilayah Jakarta. Langkah itu pun diharapkan dapat diperluas dan ditiru oleh sekolah-sekolah lainnya sebagai upaya bersama dalam menciptakan lingkungan pendidikan yang aman, tertib, dan kondusif. “Dengan adanya embrio FKPMS di 11 sekolah, kami berharap forum kemitraan ini dapat terus dikembangkan di wilayah Jakarta dan menjadi model kolaborasi yang dapat diterapkan di sekolah-sekolah lainnya,"" pungkas Asep. Polda Metro Jaya berkomitmen terus mendukung langkah-langkah preventif dengan tetap mengedepankan pendekatan humanis dan profesional demi terciptanya lingkungan pendidikan yang aman, tertib, dan kondusif. Peluncuran FKPMS diharapkan menjadi awal dari kerja bersama yang lebih nyata dalam membangun ekosistem pendidikan yang aman dan berkelanjutan. ""Ke depan, forum ini diharapkan mampu menghadirkan peta kerawanan sekolah, jalur komunikasi yang jelas, ruang konseling dan penyelesaian masalah, serta keterlibatan aktif seluruh unsur terkait,"" terang Asep. Baca juga: Polda Metro Jaya lakukan penyuluhan tentang narkoba di sekolah Berikut daftar sekolah atau madrasah yang menjadi pilot project pembentukan FKPMS: 1. Jakarta Pusat, SMK Negeri 1 Jakarta 2. Jakarta Utara, SMK Walang 3. Jakarta Barat, SMA Negeri 78 Jakarta 4. Jakarta Selatan, MAN 13 Jakarta 5. Jakarta Timur, SMK Kemala Bhayangkari 6.Tangerang Kota, SMK Negeri 7 Tangerang 7. Bekasi Kota, MAN 1 Kota Bekasi 8.Bekasi Kabupaten, SMK Negeri 1 Cikarang 9. Depok, MA Al Hamidiyah 10. Kepulauan Seribu, SMA Negeri 69 Jakarta Kepulauan Seribu 11. Tangerang Selatan, SMK Negeri 1 Tangerang Selatan Baca juga: Polda Metro Jaya edukasi keselamatan berlalu lintas kepada siswa SLB Baca juga: Polda Metro Jaya sampaikan wawasan kebangsaan bagi SMA di Bekasi Pewarta: Ilham Kausar Editor: Rr. Cornea Khairany Copyright © ANTARA 2026 Dilarang keras mengambil konten, melakukan crawling atau pengindeksan otomatis untuk AI di situs web ini tanpa izin tertulis dari Kantor Berita ANTARA. Kirim Komentar menjadi tanggung-jawab Anda sesuai UU ITE.",TAWURAN
"Pemprov DKI kedepankan pendekatan preventif untuk atasi tawuran Jakarta (ANTARA) - Pemerintah Provinsi (Pemprov) DKI Jakarta berkomitmen mengedepankan pendekatan preventif ketimbang represif untuk mengatasi tawuran yang menjadi salah satu masalah krusial di Ibu Kota. ""Tawuran kita tidak akan pernah mau toleran. Sebelum menuju ke represif atau tindakan yang kita lakukan secara sanksi hukum bersama aparat, kami berharap kita semua berupaya untuk melakukan pendekatan secara preventif,"" kata Kepala Dinas Pemberdayaan, Perlindungan Anak, dan Pengendalian Penduduk (PPAPP) DKI Jakarta, Iin Mutmainnah dalam seminar bertema ""Cegah Tawuran Melalui Peran Keluarga"" di Jakarta, Kamis. Baca juga: DKI kaji sejumlah kebijakan untuk atasi tawuran Pemprov DKI Jakarta akan menguatkan peran para ibu sebagai agen perubahan di dalam keluarga. Para ibu, kata Iin, berperan menciptakan lingkungan yang baik bagi tumbuh kembang anak untuk meminimalisir potensi hal negatif pada anak-anak mereka. ""Karena biasanya faktor yang terjadi kebanyakan ketika anak melakukan tawuran mereka ingin memperoleh jati diri. Kemudian mereka ingin terlihat lebih eksis tetapi dengan lingkungan yang kebetulan mendapatkan lingkungan yang negatif,"" katanya. Menurut dia, potensi negatif itu bisa dihalau melalui peran keluarga khususnya ibu. Upaya yang juga bisa dilakukan semisal memastikan anak keluar rumah dengan pengawasan. Dia mengakui, tawuran saat ini telah semakin kreatif, bukan sekadar antar geng atau kelompok yang sifatnya komunal secara kolektif di dalam satu lingkungan, tetapi juga sudah lebih meluas. ""Sehingga dimungkinkan misalkan tawuran di Jakarta Timur orang yang datang itu bisa dari pusat dari utara, barat, bahkan dari Tangerang dan Depok dan sebagainya,"" kata dia. Di sisi lain, digitalisasi teknologi yang semakin memudahkan interaksi komunikasi, mempermudah komunikasi anak atau pelaku untuk memancing aksi tawuran. Iin mengatakan, penyelesaian masalah tawuran masih menjadi pekerjaan rumah untuk mendukung program gubernur dan wakil gubernur untuk mewujudkan DKI Jakarta sebagai kota inklusif, ramah dan layak anak. Sementara itu, menurut data terdapat sebanyak 93 kasus tawuran antar kelompok yang terjadi di Jakarta sepanjang Januari hingga Juli 2025. Baca juga: Pramono akan buat program Manggarai Bersholawat untuk atasi tawuran Baca juga: Pram akan buka lapangan kerja dan ruang aktivitas guna atasi tawuran Baca juga: Disdik DKI gandeng unsur wilayah untuk atasi pelajar yang suka tawuran Adapun Pemprov DKI Jakarta mengkaji sejumlah kebijakan untuk mengatasi tawuran, mulai dari pelibatan kriminolog dan psikolog, kampanye besar #JagaJakarta hingga pembentukan Satuan Tugas (Satgas) Antitawuran. Pemerintah siap menjajaki kerja sama dengan psikolog dan kriminolog dari berbagai universitas di sekitar Jakarta untuk merumuskan solusi yang lebih komprehensif. Pewarta: Lia Wanadriani Santosa Editor: Syaiful Hakim Copyright © ANTARA 2025 Dilarang keras mengambil konten, melakukan crawling atau pengindeksan otomatis untuk AI di situs web ini tanpa izin tertulis dari Kantor Berita ANTARA. Kirim Komentar menjadi tanggung-jawab Anda sesuai UU ITE.",TAWURAN
"Kriminal kemarin, kasus pemerasan jaksa hingga penyiraman air keras Jakarta (ANTARA) - Sejumlah peristiwa berkaitan dengan keamanan menghiasi Jakarta yang terjadi pada Sabtu (31/5), mulai dari oknum wartawan yang memeras seorang jaksa Kejati DKI Jakarta ditetapkan tersangka hingga polisi menangkap pelaku penyiraman air keras mantan istri sirinya Berikut berita selengkapnya yang masih menarik untuk dibaca kembali: 1. Oknum wartawan yang peras Jaksa Kejati DKI ditetapkan tersangka Jakarta (ANTARA) - Polda Metro Jaya menetapkan oknum wartawan berinisial LS yang memeras Jaksa Kejaksaan Tinggi (Kejati) DKI Jakarta sebagai tersangka. ""Telah melaksanakan gelar perkara peningkatan status penyelidikan menjadi penyidikan dan menetapkan saudara LS sebagai tersangka,"" kata Kabid Humas Polda Metro Jaya, Kombes Pol Ade Ary Syam Indradi dalam keterangannya di Jakarta, Sabtu. Berita selengkapnya di sini 2. Sakit hati, pria di Jakpus siram air keras mantan istri sirinya Jakarta (ANTARA) - Polres Metro Jakarta Pusat menangkap seorang pria berinisial F (35), terduga penyiram air keras ke mantan istri sirinya, S (23) dan teman dekatnya sehingga kedua korban mengalami luka serius di beberapa bagian tubuh. ""Pelaku sudah kami tangkap, tidak lama setelah kejadian,"" kata Kapolres Metro Jakarta Pusat, Kombes Pol Susatyo Purnomo Condro di Jakarta, Sabtu. Berita selengkapnya di sini 3. Kepergok mencuri sepeda motor, pria di Jakpus ditangkap Polisi Jakarta (ANTARA) - Polres Metro Jakarta Pusat menangkap seorang pria berinisial RA (26), sesaat setelah diduga mencuri sepeda motor di areal parkir kawasan Metro Atom dan dari tersangka disita barang bukti berupa kunci leter T. ""Korban hanya meninggalkan motornya sekitar 15 menit. Saat kembali, korban melihat seseorang yang tidak dikenal sedang mendorong motornya,"" kata Kanit Reskrim Polsek Sawah Besar, Polres Metro Jakpus AKP Sholeh di Jakarta, Sabtu. Berita selengkapnya di sini 4. Polisi buru pelaku yang aniaya wanita di halte bus Grogol Petamburan Jakarta (ANTARA) - Kepolisian memburu pria pelaku penganiayaan dan penghinaan terhadap seorang wanita berinisial SL (22) di halte bus Mal Taman Anggrek, Grogol Petamburan, Jakarta Barat. Korban SL dipukul tangannya dan diinjak kakinya oleh pelaku di dalam bus Transjakarta, lalu berlanjut di dalam halte dan setelah keluar dari halte, korban diteriaki dengan kata-kata teroris oleh pelaku. Berita selengkapnya di sini 5. Diduga terlibat tawuran di Depok, warga serahkan tiga remaja ke polisi Jakarta (ANTARA) - Sejumlah warga menyerahkan tiga remaja yang terlibat tawuran di depan Stadion Mini Sukatani, Jalan Dongkal nomo 1, RT04/RW04, Sukatani, Tapos, Depok pada Jumat (30/5) ke Polsek Cimanggis. Kapolsek Cimanggis Polres Metro Depok Kompol Jupriono saat dikonfirmasi, Sabtu, membenarkan peristiwa itu dan menjelaskan pelaku tawuran merupakan remaja dari kampung Pasar Deppen, Sukatani, Depok dengan remaja dari Gang Okasa, Pekapuran, Sukatani, Tapos, Depok. Berita selengkapnya di sini Pewarta: Mario Sofia Nasution Editor: Syaiful Hakim Copyright © ANTARA 2025 Dilarang keras mengambil konten, melakukan crawling atau pengindeksan otomatis untuk AI di situs web ini tanpa izin tertulis dari Kantor Berita ANTARA. Kirim Komentar menjadi tanggung-jawab Anda sesuai UU ITE.",PENCURIAN
"Polrestabes Makassar aktifkan patroli siber tangkap pelaku tawuran Makassar (ANTARA) - Jajaran Polrestabes Makassar mengaktifkan patroli siber untuk mencegah dan menangkap pelaku tawuran antarpemuda yang memanfaatkan media sosial dengan istilah ""COD"" (Cash on Delivery) atau janjian tawuran pada tempat yang ditentukan para kelompok gen motor di wilayah Kota Makassar, Sulawesi Selatan. ""Patroli siber ini kita lakukan terus-menerus, dan barulah kita tahu keberadaan mereka, dan akhirnya mereka ditangkap,"" ungkap Kapolrestabes Makassar Kombes Pol Arya Perdana di Mapolrestabes Makassar, Selasa. Dampak dari tawuran antarkelompok geng motor tersebut mengakibatkan tiga orang tidak bersalah terluka hingga mendapat perawatan intensif di rumah sakit. Peristiwa itu terjadi di tiga lokasi berbeda pada Sabtu malam, 19 Juli 2025. Sebanyak 23 orang pemuda dan pelajar akhirnya ditangkap petugas usai melakukan aksinya menyerang korban yang bukan merupakan lawannya. Para pelaku ini telah ditetapkan tersangka. Menurut Arya, kejadian tawuran antarpemuda bahkan melibatkan anak remaja usia pelajar sering berulang. Hal ini disebabkan adanya istilah populer dikalangan Gen-Z janjian COD melalui media sosial. Baca juga: Kapolrestabes Makassar ungkap pemasok sabu internasional asal China Baca juga: Polisi periksa enam saksi kasus anak SD tewas dikeroyok ""Memang kejadiannya berulang. Ini pun kita dapatnya dari patroli siber setelah mereka kabur. Kami mengolah TKP dan pengecekan saksi-saksi yang ada. Tapi itu tidak cukup, setelah itu kami melakukan patroli siber,"" paparnya. Dari 23 orang yang ditangkap ini, kata Arya, pelaku utamanya ada 10 orang yang terlibat penganiayaan kepada korban. Enam orang membacok korban dan sisanya membawa senjata tajam. ""Pembacokan ada enam orang. Pembacokan di Jalan Cendrawasih tiga orang, dan di Jalan Veteran pembacokan dilakukan tiga orang serta. Pembawa senjata tajam ini menjadi pelaku utama. Sisanya, secara bersama-sama menganiaya korban,"" tutur dia. Mantan Kapolres Metro Depok ini menyebutkan, para pelaku yang ditangkap usianya bervariasi ada 15 tahun, 16 tahun dan 17 tahun bahkan ada yang berulang tahun ke-18 tahun. Secara otomatis dia menjadi dewasa dan dikenakan pasal orang dewasa. Para pelaku ini dikenakan pasal 170 KUHP dengan ancaman hukuman maksimal 9 tahun penjara. Dan bagi setiap orang yang membawa senjata tajam dikenakan Undang-undang darurat tentang senjata tajam nomor 12 tahun 1951 dengan ancaman maksimal 12 tahun penjara. Dari penanganan kasus ini, ternyata ada beberapa pelaku telah dilaporkan ke polisi. Tercatat, ada lima laporan polisi yang masuk selanjutnya diproses dengan penindakan hukum. Mengenai dengan langkah pencegahan fenomena ini, kata dia, pihaknya sudah menyampaikan upaya penanganan persuasif kepada Wali Kota Makassar untuk selanjutnya berkoordinasi dengan dinas terkait salah satunya Dinas Pendidikan Kota Makassar. ""Dinas pendidikan sebenarnya sudah mengetahui hal ini. Dan setelah mereka terlibat pidana, pasti dikeluarkan dari sekolah. Kami juga sudah koneksi dengan wali kota, lurah, camat dan kepala sekolah. Sosialisasi sudah dilakukan sebagai upaya antisipasi anak-anak ini tidak melakukan tindakan kriminal,"" katanya. Pewarta: M Darwin Fatir Editor: Agus Setiawan Copyright © ANTARA 2025 Dilarang keras mengambil konten, melakukan crawling atau pengindeksan otomatis untuk AI di situs web ini tanpa izin tertulis dari Kantor Berita ANTARA. Kirim Komentar menjadi tanggung-jawab Anda sesuai UU ITE.",PEMBACOKAN
"Polisi Amankan Tiga Pelaku Tawuran yang Tewaskan Satu Siswa SMP di Depok Depok – Tiga pelaku tawuran yang menewaskan MI (13) siswa SMP di Depok diamankan. Mereka adalah M (13), D (13), dan F (13). M berstatus sebagai siswa SMP di salah satu sekolah di Depok, sedangkan D dan F sudah putus sekolah. “Tadi malam terjadi lagi tawuran di wilayah Pancoran Mas, di Rangkapan Jaya. Itu ada dua kelompok yang melakukan tawuran. Dua-duanya ini adalah anak SMP,” kata Kapolres Metro Depok, Kombes Pol Arya Perdana, Jumat, 14 Juni 2024. ADVERTISEMENT GULIR UNTUK LANJUT BACA  Ilustrasi tawuran Photo : Istimewa/Andrew Tito Tawuran pecah di depan pintu Tol Desari, Jalan Raya Sawangan, Kelurahan Rangkapanjaya, Kecamatan Pancoran Mas, Depok pada Kamis malam, 13 Juni 2024. “Setelah bergulat, terus ada yang kabur naik motor karena motornya dikejar setelah itu ditusuk ya dari belakang. Akhirnya korban yang ditusuk ini terjatuh dari motor,” ujarnya. Saat terjatuh dari motor, korban ditinggalkan oleh temannya. Kemudian oleh warga dibawa ke rumah sakit. “Korban ini kita sangat sesalkan ternyata usianya juga masih sangat muda kelahiran tahun 2008 dari salah satu SMP yang ada di Depok,” ungkapnya. Polisi mengamankan satu pelaku pada Jumat, 14 Juni 2024 pukul 05.00 WIB. Tidak lama kemudian, dua pelaku lainnya berhasil diciduk juga. Dari tangan pelaku diamankan barang bukti berupa senjata tajam. “Barang buktinya ada pisau, ada kampak. Itu yang menjadi alat bagi si pelaku untuk melakukan penganiayaan yang berujung pada meninggal dunia si korban,” bebernya. Korban mengalami luka di punggung dan dada. Arya mengimbau kepada orang tua agar memperhatikan anak-anaknya. Sehingga tidak terjadi lagi tawuran yang menimbulkan korban jiwa. ADVERTISEMENT GULIR UNTUK LANJUT BACA “Jadi saya mengimbau juga kepada masyarakat kepada orang tua, kepada pemerintah kota, ini masalah tawuran agar benar-benar diperhatikan. Bukan hanya pada saat tawuran, tapi sebelum tawuran itu kita melakukan antisipasinya. Berikanlah kegiatan-kegiatan yang positif, sehingga tidak terjadi cari perhatian dengan cara tawuran seperti ini,” katanya. Arya menuturkan, awalnya tawuran terjadi antara anak sekolah. Kemudian terjadi bentrok hingga salah satu kelompok ada yang kabur. Saat ini yang terjadi sebelum tawuran biasanya mereka janjian terlebih dahulu di sosial media.",TAWURAN
"Tawuran pelajar SMP di Depok, seorang siswa mengalami luka bacok Jakarta (ANTARA) - Tawuran antarkelompok pelajar sekolah menengah pertama (SMP) pecah di kawasan Jalan Tiga Putera, Kelurahan Meruyung, Kecamatan Limo, Depok, Jawa Barat, dan mengakibatkan seorang siswa mengalami luka bacok di bagian kepala. ​Kapolsek Cinere Kompol Chairul Saleh dalam keterangannya di Jakarta, Rabu, membenarkan peristiwa tawuran tersebut yang terjadi pada Senin (8/6) malam sekitar pukul 19.30 WIB. ​""Petugas dari Polsek Cinere dan piket fungsi telah mendatangi dan melakukan cek tempat kejadian perkara (TKP),"" katanya. ​Korban diketahui berinisial FIM (13), seorang siswa kelas 7 SMP Citra Bangsa Krukut, warga Kelurahan Grogol, Kecamatan Limo, Kota Depok. Korban mengalami luka sobek di kepala bagian kiri sepanjang 12 sentimeter yang membutuhkan 9 jahitan, luka sobek di pelipis sepanjang 2 sentimeter dengan 3 jahitan, serta luka lecet di pergelangan tangan akibat terjatuh ke aspal. Chairul menerangkan kronologi kejadian bermula ketika korban FIM dijemput oleh rekannya, D, menggunakan sepeda motor pada Senin (8/6) malam sekitar pukul 19.00 WIB. ""Keduanya kemudian menjemput rekan lainnya, R, lalu bergerak menuju area Makam Kopo Limo,"" katanya. ​Di lokasi tersebut, keduanya bergabung dengan kelompok aliansi sekolah dari SMP Citra Bangsa dan SMP Utama. Kelompok ini kemudian merencanakan aksi tawuran melawan siswa dari SMP Gelora di kawasan pacuan kuda Limo. Saat menuju lokasi pacuan kuda, FIM bertindak sebagai pengendara motor (joki) yang membonceng D dan R. ""Namun, setibanya di lokasi, kelompok musuh ternyata memiliki kekuatan yang tidak seimbang. Melihat situasi tersebut, D yang sempat turun untuk memantau situasi segera kembali ke motor, dan mereka memutuskan untuk melarikan diri ke arah Jalan Tiga Putera, Meruyung,"" kata Chairul. ​Saat melintas di Jalan Tiga Putera, sepeda motor yang dikendarai ketiga remaja tersebut ditendang oleh kelompok lawan hingga terjatuh. R dan D berhasil menyelamatkan diri dengan cara berlari, sementara FIM menjadi sasaran pembacokan oleh kelompok musuh. ​Warga sekitar yang melihat kejadian tersebut langsung memberikan pertolongan kepada FIM dan menghubungi pihak keluarganya. Korban kemudian dilarikan ke Klinik As-Syifa Parung Bingung untuk mendapatkan tindakan medis dan diperbolehkan pulang oleh pihak keluarga untuk menjalani rawat jalan. ​Kompol Chairul Saleh menambahkan bahwa pihak kepolisian telah mengambil langkah-langkah cepat pascakejadian, di antaranya mendatangi TKP, memeriksa saksi-saksi di sekitar lokasi termasuk warga setempat, mencari rekaman kamera pengawas (CCTV), serta mengimbau keluarga korban untuk segera membuat Laporan Polisi (LP) resmi. ​""Terkait pembuatan Laporan Polisi, pihak keluarga korban yang diwakili oleh ayah kandungnya menyampaikan akan melakukan perundingan internal keluarga terlebih dahulu,"" ujar Kapolsek Cinere. Sebelumnya sebuah video di media sosial Instagram melalui akun @infodepoknews memperlihatkan seorang anak terkapar setelah diduga menjadi korban tawuran di Depok. Akun tersebut menuliskan seorang remaja terkena luka di kepala diduga akibat bacokan di kawasan Pacuan Kuda, Meruyung, Depok. Baca juga: Polisi ringkus tiga remaja pelaku tawuran maut di Kabupaten Bekasi Baca juga: Polisi ringkus dua remaja yang bawa celurit di Tambora Jakbar Pewarta: Ilham Kausar Editor: Mentari Dwi Gayati Copyright © ANTARA 2026 Dilarang keras mengambil konten, melakukan crawling atau pengindeksan otomatis untuk AI di situs web ini tanpa izin tertulis dari Kantor Berita ANTARA. Kirim Komentar menjadi tanggung-jawab Anda sesuai UU ITE.",PEMBACOKAN
"Terjadi Lagi, Pelajar SMK di Depok Tewas Usai Terlibat Tawuran VIVA Kriminal – Satu pelajar tewas mengenaskan akibat tawuran yang terjadi di Jalan Raya Cipayung Bojong Pondok Terong, Pancoran Mas, Depok . Korban adalah CSP (15), siswa salah satu SMK di Depok. Korban tewas dengan luka usus terburai. Pelakunya adalah MZB (16) siswa SMK di Depok. Kapolres Metro Depok Kombes Pol Arya Perdana mengatakan, awalnya Antara korban dan pelaku janjian untuk tawuran. Korban dan pelaku berasal dari dua sekolah berbeda. ADVERTISEMENT GULIR UNTUK LANJUT BACA “Mereka janjian untuk tawuran, sistemnya mereka mencari mana yang mau tawuran, kalau dapat lawan mereka laksanakan tawuran itu,” katanya, Jumat, 9 Februari 2024.  Ilustrasi tawuran remaja di Jakarta. Photo : ANTARA/Diasty Surjanto Setelah bertemu, keduanya langsung duel dengan saling membawa senjata tajam. MZB melukai CSP di bagian perut hingga tewas. Korban sempat dibawa ke rumah sakit namun tidak tidak berhasil diselamatkan. “Dia terkena benda tajam di perut sehingga usus keluar. Dibawa ke RS tapi nyawa tidak tertolong. Ini (korban) dilukai oleh pelaku utama,” bebernya. Ingin Eksis dan Diakui Kedua pelajar ini mulanya sama-sama tidak punya masalah. Mereka hanya ingin eksis dan diakui di kalangan pelajar hingga merencanakan tawuran. “Jadi ini nggak ada penyebab singgungan atau mungkin permasalahan sosial, tidak ada. Ini memang mereka benar-benar murni niatnya tawuran aja,” ungkapnya. Duel sempat terjadi antara korban dan pelaku. Bahkan keduanya juga mengalami luka namun korban yang mengalami luka parah hingga tewas. “Iya memang ada satu lawan satu. Namun pelaku tidak terluka terlalu parah, tapi yang satunya lagi meninggal dunia,” katanya. Polisi langsung menangani kasus ini. Dua pelaku berhasil diamankan, termasuk pelaku utama yang menyebabkan korban tewas. “Pelaku sudah berhasil kita tangkap beberapa jam setelah kejadian. Kan ada dua tersangka, tersangka utamanya sudah tertangkap kurang lebih 24 jam,” tukasnya. ADVERTISEMENT GULIR UNTUK LANJUT BACA Korban dan pelaku masih berusia di bawah umur. Sejumlah barang bukti ikut diamankan berupa celurit. Kapolres menuturkan, pihaknya sudah melakukan upaya pencegahan dengan sosialisasi ke sekolah dan patrol pada waktu pagi hingga malam. “Sosialisasi tentang tawuran sudah dilakukan, patrol juga kita laksanakan siang malam bahkan pagi untuk mengantisipasi masalah itu cuma pada saat kejadian kita tidak di sana sehingga ini terjadi,” tuturnya.",TAWURAN
"Modus Sahur On The Road, 38 Remaja Diamankan Hendak Tawuran Depok – Sebanyak 38 orang diamankan Tim Patroli Perintis Presisi (3P) Polres Metro Depok. Mereka diduga hendak tawuran dengan modus menggelar kegiatan sahur on the road ( SOTR ). Puluhan remaja itu diamankan saat berkumpul di perbatasan Depok dan Cibubur. Dari 23 orang yang diamankan, dua diantaranya adalah wanita. Kasat Binmas Polres Metro Depok, AKBP Markuat, mengatakan mereka diamankan saat Tim 3P Polres Depok sedang  patroli. Kepada petugas, mereka mengaku akan menggelar SOTR. ADVERTISEMENT GULIR UNTUK LANJUT BACA “Mereka kumpul-kumpul, biasa. Jadi dari Tim 3P Polres Depsok gabungan dengan Polda Metro Jaya melihat ada anak-anak kumpul. Kebetulan ada 38 orang ini yang kita amankan,” katanya, Jumat 5 April 2024. Namun saat diperiksa, mereka membawa benda mencurigakan yang tidak ada kaitannya dengan SOTR. Mereka membawa bambu panjang, bendera geng motor, minuman Arak Bali dan flare . “Kita menyita beberapa pernik-pernik yang digunakan oleh mereka,” katanya. Dari benda yang dibawa, diduga kuat mereka akan tawuran. Namun sebelumnya mereka berkumpul di satu titik terlebih dulu lalu berkeliling dengan maksud untuk mencari lawan. “Ada indikasi mau ke situ, ada indikasi juga mereka kumpul-kumpul sahur on the road biasanya, tapi di balik itu semua bisa kita lihat mereka juga menggunakan beberapa spanduk, mereka juga menggunakan kembang api dan menggunakan miras,” ungkapnya. Dari pengakuan puluhan remaja itu bukan warga Depok. Mereka berasal dari Rawamangun, Jakarta Timur. “Dari data yang kita dapat sebagian besar dari mereka tinggal di Jakarta Timur, yang lebih banyakan lagi di wilayah Rawamangun. Iya jadi kayak titik poin. Jadi mereka berkumpul di McDonald Cibubur, perbatasan antara Jakarta Timur dan Depok. Memang daerah perbatasan itu sering digunakan mereka untuk berkumpul,” jelasnya. Petugas kemudian membawa mereka ke Polres Metro Depok untuk didata dan tes urine. Selain itu, orangtua mereka juga dipanggil untuk menjemput anak-anaknya. ADVERTISEMENT GULIR UNTUK LANJUT BACA “Jadi kami mengimbau pada orangtua untuk memperhatikan anaknya. Jika pukul 22.00 WIB tidak ada di rumah harus dicari dan dipantau,” tegasnya. Sadiah, salah satu orangtua mengatakan dirinya sangat menyesalkan anaknya ikut diamankan ke Polres Depok. Dia mengaku kesal dengan anaknya karena tidak mendengarkan perkataanya.",PENCURIAN
"Tanggapi tawuran SD, Menteri PPPA: Bekali anak keterampilan olah emosi Jakarta (ANTARA) - Menteri Pemberdayaan Perempuan dan Perlindungan Anak (PPPA) Arifah Fauzi menekankan pentingnya peran sekolah dalam menciptakan lingkungan yang aman dan ramah anak. ""Pendidikan karakter harus menjadi bagian tak terpisahkan dari proses belajar-mengajar. Anak perlu dibekali keterampilan mengelola emosi, menyelesaikan konflik secara damai, serta menjunjung nilai kemanusiaan dan toleransi,"" kata Menteri PPPA Arifah Fauzi di Jakarta, Kamis, menanggapi kasus tawuran pelajar sekolah dasar di Depok, Jawa Barat. Dalam hal ini, menurutnya, penguatan peran Tim Pencegahan dan Penanganan Kekerasan (TPPK) di satuan pendidikan menjadi kunci dalam upaya deteksi dan penanganan dini terhadap potensi kekerasan. Baca juga: Menteri PPPA tanggapi tawuran pelajar SD di Depok, ini pernyataannya Selain itu untuk memperkuat upaya preventif, Menteri PPPA mendorong pengembangan Ruang Bersama Indonesia (RBI) berbasis perlindungan anak di tingkat desa/kelurahan sebagai forum kolaboratif lintas sektor, termasuk sekolah, tokoh masyarakat, dan aparat, guna mencegah dan menangani perilaku menyimpang secara terpadu. Pihaknya menyampaikan keprihatinan atas peristiwa tawuran yang melibatkan siswa Sekolah Dasar (SD) di kawasan Cilangkap, Kota Depok, pada 10 Mei 2025. Dalam upaya penanganan, Menteri PPPA mendorong penguatan peran Unit Pelaksana Teknis Daerah Perlindungan Perempuan dan Anak (UPTD PPA) dalam memberikan layanan rehabilitasi kepada anak-anak yang terlibat dalam kekerasan atau perilaku menyimpang. Baca juga: Polisi tangkap pelaku tawuran bersenjata tajam di rel kereta Ciputat Kementerian PPPA telah berkoordinasi dengan UPTD PPA Kota Depok untuk memastikan dilakukannya pendampingan sesuai amanat Peraturan Menteri Pendidikan dan Kebudayaan Nomor 46 Tahun 2023 tentang Pencegahan dan Penanganan Kekerasan di Lingkungan Satuan Pendidikan. Langkah-langkah yang dilakukan mencakup penjangkauan, dukungan psikososial, dan skrining kondisi anak, sebagai bagian dari upaya pencegahan sekunder. ""Kami mengajak orang tua, guru, tokoh masyarakat, hingga pemerintah daerah untuk mempertegas komitmen bersama dalam menciptakan zona aman bagi anak, khususnya di lingkungan sekolah. Setiap anak berhak tumbuh dalam lingkungan yang aman, sehat, dan mendukung tumbuh-kembangnya. Ini adalah tanggung jawab kita bersama,"" kata Menteri PPPA Arifatul Choiri Fauzi. Baca juga: Polisi pulangkan belasan remaja yang terlibat tawuran Pewarta: Anita Permata Dewi Editor: Risbiani Fardaniah Copyright © ANTARA 2025 Dilarang keras mengambil konten, melakukan crawling atau pengindeksan otomatis untuk AI di situs web ini tanpa izin tertulis dari Kantor Berita ANTARA. Kirim Komentar menjadi tanggung-jawab Anda sesuai UU ITE.",TAWURAN
"Ini sasaran Polda Metro Jaya dalam Operasi Pekat Jaya 2026 Jakarta (ANTARA) - Polda Metro Jaya menyasar sejumlah tindak kejahatan dalam Operasi Pekat Jaya 2026 yang berlangsung mulai 28 Januari sampai dengan 11 Februari 2026. ""Sasaran utama yang akan kami fokuskan disini adalah penanggulangan terjadinya aksi-aksi tawuran,"" kata Kapolda Metro Jaya Irjen Pol Asep Edi Suheri setelah memimpin gelar pasukan Operasi Kepolisian Kewilayahan Pekat Jaya 2026 di Lapangan Presisi Ditlantas Polda Metro Jaya, Jakarta, Rabu. Sasaran selanjutnya, kata dia, yaitu aksi geng motor, tindakan premanisme serta peredaran miras dan obat-obatan terlarang. ""Ada juga dalam hal penggunaan petasan, ya, serta adanya balapan liar, serta berbagai bentuk kejahatan lainnya yang akan kita antisipasi bersama,"" ujar Asep. Untuk itu, dia menyebutkan pihaknya telah memetakan sejumlah wilayah yang rawan terhadap tindak kriminal. ""Nanti kita akan fokus di wilayah hukum Jakarta Pusat, Jakarta Timur, termasuk Jakarta Selatan akan kita tempatkan pos pantau dan juga mobile dari patroli gabungan,"" tutur Asep. Selain itu, Polda Metro Jaya juga menyiapkan patroli siber untuk penegakan hukum dan mengantisipasi hal-hal negatif di media sosial. Tak hanya wilayah DKI Jakarta, Operasi Pekat Jaya 2026 juga difokuskan ke wilayah hukum lainnya, seperti Tangerang, Bekasi dan Depok. ""Karena yang sering terjadi adalah wilayah tiga Polres tersebut, ya. Tetap yang lainnya saling mendukung, saling kolaborasi, menciptakan bagaimana kejadian tersebut bisa kita turunkan, bahkan kita hilangkan,"" ungkap Asep. Dia pun mengingatkan bahwa menjaga keamanan dan ketertiban masyarakat (kamtibmas) merupakan tugas semua pihak, baik orang tua, lingkungan keluarga, lingkungan sekolah dan juga lingkungan warga setempat. ""Tentunya, ini peran serta semuanya harus bisa kita berdayakan, ya, untuk bisa menciptakan situasi Jakarta ini semakin aman,"" pungkas Asep. Baca juga: Jelang Ramadhan, Polda Metro Jaya gelar Operasi Pekat Jaya 2026 Baca juga: Polisi bantu bersihkan rumah warga yang terdampak banjir di Jaktim Baca juga: Polda Metro Jaya salurkan bantuan bagi warga Bekasi terdampak banjir Pewarta: Ilham Kausar Editor: Rr. Cornea Khairany Copyright © ANTARA 2026 Dilarang keras mengambil konten, melakukan crawling atau pengindeksan otomatis untuk AI di situs web ini tanpa izin tertulis dari Kantor Berita ANTARA. Kirim Komentar menjadi tanggung-jawab Anda sesuai UU ITE.",TAWURAN
"Operasi Pekat Jaya 2026 fokus tekan tawuran di Jaktim Jakarta (ANTARA) - Polres Metro Jakarta Timur menggelar Operasi Penyakit Masyarakat (Pekat) Jaya 2026 dengan fokus utama menekan tawuran serta berbagai bentuk penyakit masyarakat yang kerap meresahkan warga. ""Operasi ini bertujuan untuk menjaga stabilitas keamanan dan ketertiban masyarakat serta menekan gangguan kamtibmas, khususnya tawuran dan penyakit masyarakat,"" kata Wakapolres Metro Jakarta Timur AKBP Achmad Akbar saat konferensi pers di Mapolres Metro Jakarta Timur, Senin. Operasi Pekat Jaya 2026 merupakan bagian dari instruksi terpusat Polda Metro Jaya yang dilaksanakan secara serentak di wilayah hukum Polda Metro Jaya, termasuk Jakarta Timur. Operasi tersebut dilaksanakan selama 15 hari, mulai 28 Januari hingga 11 Februari 2026. Pelaksanaan operasi dilakukan dengan dukungan jajaran Polda Metro Jaya serta bersinergi bersama Pemerintah Kota Jakarta Timur dan Kodim 0505 Jakarta Timur. Kolaborasi lintas instansi tersebut dilakukan untuk memastikan upaya pencegahan dan penindakan berjalan efektif di lapangan. Menurut Akbar, untuk mencapai tujuan tersebut, Polres Metro Jakarta Timur telah menyiapkan tiga strategi utama. Baca juga: Polisi gagalkan aksi balap liar dan potensi tawuran di Jakarta Timur Strategi pertama, yakni langkah preventif melalui kegiatan imbauan, sambang, serta penyuluhan kepada masyarakat guna mencegah potensi gangguan keamanan dan ketertiban masyarakat (kamtibmas) sejak dini. ""Upaya pencegahan kami lakukan dengan mengedepankan imbauan dan penyuluhan kepada masyarakat agar tidak terlibat dalam perilaku yang berpotensi menimbulkan gangguan kamtibmas,"" jelas Akbar. Strategi kedua, yaitu langkah pencegahan terpadu dengan melibatkan unsur pemerintah kota dan TNI, serta memberdayakan elemen masyarakat melalui pembentukan posko-posko kamtibmas di seluruh wilayah Jakarta Timur. Posko tersebut diharapkan menjadi pusat koordinasi dan deteksi dini terhadap potensi tawuran dan penyakit masyarakat. ""Semua unsur terlibat dalam strategi kedua ini sebagaimana menekan potensi gangguan yang menjadi penyakit masyarakat,"" ujar Akbar. Sementara itu, strategi ketiga adalah penegakan hukum melalui tindakan represif terhadap pelaku gangguan kamtibmas. Namun, langkah ini disebut sebagai opsi terakhir apabila upaya pencegahan dan preventif tidak membuahkan hasil. ""Penindakan hukum kami lakukan sebagai langkah terakhir untuk memberikan efek jera dan menjaga kond usivitas wilayah,"" tegas Akbar. Dia juga mengajak seluruh lapisan masyarakat untuk berperan aktif dalam menjaga keamanan lingkungan, termasuk mengawasi pergaulan remaja agar tidak terjerumus dalam tawuran maupun perilaku negatif lainnya. ""Peran masyarakat dan keluarga sangat penting dalam mencegah tawuran dan penyakit masyarakat. Kami berharap semua pihak dapat bersama-sama menjaga keamanan dan ketertiban di Jakarta Timur,"" tutur Akbar. Baca juga: Tawuran remaja jadi target Operasi Pekat Jaya di Jakbar Sebelumnya, Polda Metro Jaya menyasar sejumlah tindak kejahatan dalam Operasi Pekat Jaya 2026 yang berlangsung mulai 28 Januari sampai dengan 11 Februari 2026. ""Sasaran utama yang akan kami fokuskan di sini adalah penanggulangan terjadinya aksi-aksi tawuran,"" kata Kapolda Metro Jaya Irjen Pol Asep Edi Suheri setelah memimpin gelar pasukan Operasi Kepolisian Kewilayahan Pekat Jaya 2026 di Lapangan Presisi Ditlantas Polda Metro Jaya, Jakarta, Rabu (28/1). Sasaran selanjutnya, kata dia, yaitu aksi geng motor, tindakan premanisme serta peredaran miras dan obat-obatan terlarang. ""Kemudian, ada juga dalam hal penggunaan petasan, ya, serta adanya balapan liar, serta berbagai bentuk kejahatan lainnya yang akan diantisipasi bersama,"" ungkap Asep. Untuk itu, pihaknya telah memetakan sejumlah wilayah yang rawan terhadap tindak kriminal. ""Nanti kita akan fokus di wilayah hukum Jakarta Pusat, Jakarta Timur, termasuk Jakarta Selatan akan kita tempatkan pos pantau dan juga mobile dari patroli gabungan,"" ucap Asep. Selain itu, Polda Metro Jaya juga menyiapkan patroli siber untuk penegakan hukum dan antisipasi hal-hal negatif di media sosial. Tak hanya wilayah DKI Jakarta, Operasi Pekat Jaya 2026 juga difokuskan ke wilayah hukum lainnya, yaitu Tangerang, Bekasi dan Depok. Baca juga: Ini sasaran Polda Metro Jaya dalam Operasi Pekat Jaya 2026 Baca juga: Jelang Ramadhan, Polda Metro Jaya gelar Operasi Pekat Jaya 2026 Pewarta: Siti Nurhaliza Editor: Rr. Cornea Khairany Copyright © ANTARA 2026 Dilarang keras mengambil konten, melakukan crawling atau pengindeksan otomatis untuk AI di situs web ini tanpa izin tertulis dari Kantor Berita ANTARA. Kirim Komentar menjadi tanggung-jawab Anda sesuai UU ITE.",TAWURAN
"Kejagung berharap pelaku pembacokan pegawai kejaksaan serahkan diri Jakarta (ANTARA) - Kejaksaan Agung (Kejagung) berharap pelaku pembacokan terhadap seorang pegawai Pusat Data Statistik Kriminal dan Teknologi Informasi (Pusdakrimti) Kejaksaan RI di Kota Depok, Jawa Barat, segera menyerahkan diri ke kepolisian. ""Kami mengharapkan agar pelaku segera menyerahkan diri, menjalankan aturan hukum karena sesungguhnya kami hanya menjalankan tugas dan fungsi sesuai dengan undang-undang, sesuai dengan aturan,"" kata Kepala Pusat Penerangan Hukum (Kapuspenkum) Kejagung Harli Siregar di Jakarta, Selasa. Apabila publik merasa ataupun menemukan jaksa tidak melaksanakan tugasnya sesuai dengan aturan, kata dia, mereka bisa melapor melalui kanal-kanal resmi Kejaksaan Agung. ""Saya kira ada saluran-saluran yang bisa menjadi cerminan bagi kami melakukan introspeksi dan perbaikan. Jangan menggunakan cara-cara yang seperti ini. Saya kira tidak baik,"" ucapnya. Adapun kasus pembacokan yang terjadi di Depok ini merupakan kali kedua pegawai kejaksaan mendapatkan serangan. Sebelumnya, pada hari Sabtu (24/5), seorang jaksa fungsional Jhon Wesli Sinaga dan ASN Kejari Deli Serdang Acensio Silvanov Hutabarat dibacok ketika sedang berada di ladang, Kecamatan Kotarih, Kabupaten Serdang Bedagai, Sumatera Utara. Maka dari itu, Kapuspenkum mengutuk tindakan pembacokan ini dan berharap agar pelaku segera menyerahkan diri. ""Saya termasuk orang yang mengutuk tindakan-tindakan seperti ini karena saya kira ini tidak boleh dilakukan dengan dalil apa pun,"" ucapnya. Baca juga: Kejagung benarkan ada pegawai kejaksaan dibacok di Depok Baca juga: Jaksa Agung jenguk pegawai kejaksaan yang dibacok OTK di Depok Diketahui bahwa seorang pegawai Pusdakrimti Kejaksaan RI yang berinisial DSK menjadi korban pembacokan oleh orang tak dikenal (OTK) ketika hendak pulang ke rumahnya di Kota Depok, Jawa Barat. Kapuspenkum Harli mengungkapkan bahwa kronologi kejadian pembacokan ini berawal ketika pada hari Jumat (23/5) sekitar pukul 21.00 WIB DSK sempat meneduh di sebuah warung kopi karena hujan lebat. Usai hujan reda, DSK melanjutkan kembali perjalanan. Akan tetapi, pada hari Sabtu (24/5) sekitar pukul 02.30 WIB, DSK mendapatkan serangan dari penumpang sepeda motor arah berlawanan. Serangan itu terjadi di Jalan Pengasinan, Sawangan, Depok, dan kurang lebih berjarak 1 kilometer dari rumah DSK. ""Tiba-tiba dari arah depan terdapat dua orang yang berboncengan langsung mendekati DSK sambil berteriak 'sikat' sambil mengayunkan senjata tajam ke arah pergelangan tangan DSK,"" ucap Kapuspenkum. Setelah mengayunkan senjata tajam, pelaku langsung melaju sambil meneriakkan ""mampus lu"", kemudian meninggalkan DSK. Ketika DSK dibawa ke rumah sakit, yang bersangkutan melihat dua orang yang mengawasi pergerakan mobil yang mengantar DSK ke rumah sakit. Namun, tidak diketahui maksud dan tujuan pergerakan dua orang tersebut. Akibat kejadian ini, DSK menderita luka berat di pergelangan tangan kanan. Kasus ini telah mendapatkan atensi dari Polsek Bojongsari Polres Depok dan Polda Metro Jaya. Pewarta: Nadia Putri Rahmani Editor: D.Dj. Kliwantoro Copyright © ANTARA 2025 Dilarang keras mengambil konten, melakukan crawling atau pengindeksan otomatis untuk AI di situs web ini tanpa izin tertulis dari Kantor Berita ANTARA. Kirim Komentar menjadi tanggung-jawab Anda sesuai UU ITE.",PEMBACOKAN
"Berita kemarin, pembekukan penyerang Hermansyah dan klarifikasi foto Kapolda Jakarta (ANTARA News) - Beberapa peristiwa menarik kemarin masih laik dibaca hari ini, mulai dari pembekukan penyerang Hermansyah, Presiden Joko Widodo hadiri Parade Kuda Sandelwood, hingga klarifikasi foto Kapolda Metro Jawa bersama penyerang Hermansyah. Polisi bekuk pembacok Hermansyah Aparat gabungan Polda Metro Jaya, Polres Kota Depok dan Polres Metro Jakarta Timur pada Rabu dini hari membekuk dua tersangka pelaku pertikaian dan pembacokan terhadap ahli telematika Hermansyah. ""Tim gabungan telah berhasil mengamankan dua pelaku kasus penganiayaan di jalan tol dengan korban Hermansyah,"" kata Kepala Bidang Humas Polda Metro Jaya Komisaris Besar Polisi Argo Yuwono di Jakarta, Rabu. Presiden tiba di Sumba hadiri parade kuda sandelwood Presiden Joko Widodo (Jokowi) tiba di Bandara Tambolaka, Sumba Barat Daya, Nusa Tenggara Timur, untuk menghadiri Festival Tenun Ikat dan Parade 1001 Kuda Sandelwood di Waetabula, Rabu. Presiden Jokowi didampingi Ibu Negara Iriana Joko Widodo dan rombongan tiba di Bandara Tambolaka menggunakan pesawat kepresidenan tepat pukul 10.15 Wita. Menhan: simpatisan ISIS di Indonesia sekitar 700 orang Menteri Pertahanan Ryamizard Ryacudu menyatakan saat ini ada sekitar 700 orang di Indonesia yang menjadi simpatisan ISIS. ""Secara fakta, saat ini di Indonesia jumlah simpatisan ISIS tidak banyak, hanya sekitar 700 orang,"" ujar Menhan ketika menjadi pembicara di Indonesia International Defense Science Seminar di Bogor, Jawa Barat, Rabu. Ia menilai jumlah tersebut belum perlu dikhawatirkan. Polri klarifikasi foto Kapolda Metro Jaya dan penyerang Hermansyah Kepala Divisi Humas Polri Irjen Pol Setyo Wasisto menyampaikan klarifikasi soal foto Kepala Polda Metro Jaya Irjen Pol M Iriawan duduk bersama dengan tersangka penyerang ahli telematika Hermansyah, Edwin Hitupeuw dan Lauren Paliyama, menghadap satu meja dengan sajian teh dan gorengan. ""Polri dari sisi humanis, yang pertama adalah asas praduga tak bersalah. Walau tersangka sudah mengaku tapi masih dalam proses kepolisian, dianggap belum bersalah,"" kata Irjen Setyo Wasisto di Mabes Polri, Jakarta, Rabu. Kedua, ia melanjutkan, Kepala Polda Metro Jaya duduk semeja dengan para tersangka untuk melakukan pendekatan. Darmin: Pertumbuhan ekonomi Indonesia dapat dibanggakan Menteri Koordinator Bidang Perekonomian Darmin Nasution mengatakan pertumbuhan ekonomi Indonesia memiliki kualitas yang bagus sehingga dapat dibanggakan dalam forum internasional. ""Di dunia internasional, kita bisa dengan gagah bilang pertumbuhan ekonomi kita, walaupun tidak tinggi sekali tetapi kualitasnya bagus,"" katanya dalam simposium nasional di Kompleks Parlemen Senayan, Jakarta, Rabu. Pewarta: Try Reza Essra Editor: AA Ariwibowo Copyright © ANTARA 2017 Dilarang keras mengambil konten, melakukan crawling atau pengindeksan otomatis untuk AI di situs web ini tanpa izin tertulis dari Kantor Berita ANTARA. Kirim Komentar menjadi tanggung-jawab Anda sesuai UU ITE.",PEMBACOKAN
"Amankan anggota geng motor, prajurit Kostrad menerima penghargaan Jakarta (ANTARA) - Panglima Divisi Infanteri (Pangdivif) 1 Kostrad Mayjen TNI Bobby Rinal Makmun menyerahkan piagam penghargaan kepada seorang prajurit Kostrad Pratu M Hafifi karena mengamankan tiga orang geng motor bersenjata tajam di Desa Kutruk, Kabupaten Tangerang, Banten. Pemberian penghargaan tersebut dilaksanakan di Lobi Markas Divif 1 Kostrad, Kecamatan Cilodong, Kota Depok, Jawa Barat, Senin, seperti dikutip dalam siaran persnya. Berdasarkan keterangan yang diperoleh dari Staf Penerangan Divif 1 Kostrad bahwa pada Minggu (25/12) dini hari pukul 02.45 WIB, Pratu M Hafifi yang merupakan anggota Denma Divif 1 Kostrad telah berhasil menangkap tiga orang pelaku geng motor di daerah Desa Kutruk, Kecamatan Jambe, Kabupaten Tangerang. Saat itu, Pratu Muhammad Hafifi dalam perjalanan menuju arah pulang ke rumah orangtuanya untuk mengantarkan obat yang berdomisili di daerah Tenjo, Kabupaten Bogor (perbatasan Tangerang-Bogor). Pratu Hafifi menyampaikan bahwa saat berhenti di jalan wilayah Desa Kutruk mendapat informasi dari warga yang melihat segerombolan orang diduga kelompok geng motor berjumlah kurang lebih 13 orang, sedang melaksanakan penghadangan dan upaya pembacokan kepada pengguna jalan secara acak, tepatnya di depan Alfamart wilayah Desa Kutruk. Mendengar hal tersebut, Pratu Hafifi terketuk hatinya untuk membantu masyarakat dan memutuskan untuk berhenti di lokasi yang berseberangan kurang lebih berjarak 10 meter dari posisi geng motor tersebut. Setelah berhenti, Pratu Hafifi melihat sebagian yang diduga anggota geng motor tersebut memisahkan diri dari kelompoknya untuk membeli rokok di warung sembako yang kebetulan posisinya berada di depan lokasi Pratu Hafifi berhenti. Kemudian, Pratu Hafifi berinisiatif untuk mendatangi dan bertanya kepada enam orang yang diduga anggota geng motor tersebut, karena kecurigaan atas gerak-gerik salah satu yang diduga geng motor tersebut membawa senjata tajam. Pewarta: Syaiful Hakim Editor: Budisantoso Budiman Copyright © ANTARA 2022 Dilarang keras mengambil konten, melakukan crawling atau pengindeksan otomatis untuk AI di situs web ini tanpa izin tertulis dari Kantor Berita ANTARA. Kirim Komentar menjadi tanggung-jawab Anda sesuai UU ITE.",PEMBACOKAN
"Polisi ringkus dua pelaku pembacokan di Pasar Rebo Jakarta (ANTARA) - Kepolisian berhasil meringkus dua pelaku pembacokan terhadap seorang remaja berinisial FK (18) di Jalan Telaga, Pekayon, Pasar Rebo, Jakarta Timur. ""Dalam waktu kurang dari 24 jam, dua pelaku berhasil diringkus di kawasan Depok, Jawa Barat. Kedua pelaku berinisial NE (18) dan DS (18),"" kata Kapolsek Pasar Rebo AKP I Wayan Wijaya saat konferensi pers di Polsek Pasar Rebo, Jakarta Timur, Jumat. Pengungkapan kasus bermula dari laporan rumah sakit terkait korban pembacokan dengan kondisi celurit masih menancap di kepala, pada Selasa (19/5). Kemudian, polisi melakukan penyelidikan intensif. Setelah identitas pelaku diketahui, petugas langsung melakukan penangkapan di rumah masing-masing pelaku. ""Diamankan di rumahnya di kawasan Depok seperti yang viral tersebut,"" ujar Wayan. Kasus penganiayaan berat itu menimpa FK (18), warga Cijantung, Jakarta Timur. Korban dibacok menggunakan celurit hingga mengalami luka serius di bagian kepala. Akibat sabetan tersebut, korban harus menjalani operasi di Rumah Sakit Polri Kramat Jati. Polisi pun menyita sejumlah barang bukti, antara lain satu bilah celurit yang digunakan pelaku, sweater hitam, celana, dan visum luka korban. Atas tindakannya, kedua tersangka dijerat Pasal 466 KUHP tentang penganiayaan berat dengan ancaman hukuman paling lama lima tahun penjara. Wayan juga mengimbau masyarakat untuk segera menghubungi layanan darurat 110 apabila membutuhkan bantuan kepolisian. ""Layanan 110 gratis dan bebas pulsa. Kami akan menindaklanjuti setiap laporan masyarakat,"" kata Wayan. Adapun peristiwa mencekam itu terjadi pada Selasa (19/5) sekitar pukul 04.30 WIB ketika korban bersama sejumlah temannya baru selesai berkumpul di sebuah warung kopi di kawasan tersebut. Saat hendak pulang, FK dan rekannya berjalan menuju area parkir sepeda motor. Namun, situasi mendadak berubah mencekam ketika sekelompok pemuda datang sambil membawa senjata tajam. Tanpa banyak bicara, kelompok yang diduga geng motor itu langsung melakukan penyerangan secara membabi buta terhadap FK dan teman-temannya. Tidak siap menghadapi serangan mendadak tersebut, korban bersama rekannya memilih melarikan diri untuk menyelamatkan diri. FK yang tengah berusaha kabur terkena sabetan senjata tajam jenis celurit dari arah kanan. Senjata tajam itu bahkan menancap di kepala korban hingga membuatnya tersungkur bersimbah darah di lokasi kejadian. Baca juga: Remaja di Pasar Rebo dibacok dengan celurit oleh geng motor Baca juga: Polisi ungkap kronologi lengkap pembacokan di Cakung Jaktim Baca juga: Polisi kejar tiga DPO kasus pengeroyokan dan pembacokan di Cilandak Pewarta: Siti Nurhaliza Editor: Syaiful Hakim Copyright © ANTARA 2026 Dilarang keras mengambil konten, melakukan crawling atau pengindeksan otomatis untuk AI di situs web ini tanpa izin tertulis dari Kantor Berita ANTARA. Kirim Komentar menjadi tanggung-jawab Anda sesuai UU ITE.",PEMBACOKAN
"Kronologi terbaru pembacokan Hermansyah menurut rekannya Jakarta (ANTARA News) - Rekan Hermansyah, Teuku Gandawan, membeberkan kronologi terbaru pembacokan ahli IT tersebut, berdasarkan penuturan saksi dan Irina yang merupakan istri korban. Kronologi itu dibagikan oleh Gandawan lewat pesan WhatsApp dengan judul ""Update Dugaan Kronologis v2 (sesuai Penuturan Irina pada 11 Juli 2017"" pada Jumat, sekira pukul 05.40 WIB. ""Benar,"" kata presiden direktur salah satu perusahaan swasta itu saat dikonfirmasi ANTARA News mengenai kebenaran pesan tersebut. Berikut kronologinya: 1. Sekitar pukul 01.15 WIB - Pukul 01.10 WIB Hermansyah masih memberi komen di salah satu grup whatsApp. Diduga ini komen terakhir sebelum mereka berdua keluar rumah, karena menurut penjelasan Irina sepanjang perjalanan Hermansyah tidak ada mengetik apapun di handphone. - Hermansyah dan Irina keluar dari rumah mereka di kawasan Depok menggunakan mobil pribadi (Mobil1) menuju Jakarta. Pengemudi Mobil1 adalah Hermansyah sendiri. - Perjalanan hanya berkeliling kota Jakarta dan dilakukan semata-mata mencari waktu bersama berdua karena Hermansyah cukup sibuk di luar rumah. 2. Sekitar pukul 02.45-03.00 WIB - Hermansyah dan Irina diduga sudah menuju ke arah Depok dengan melalui jalan tol dalam kota menuju tol Jagorawi. 3. Sekitar pukul 03.00-03.10 WIB - Datang mobil ugal-ugalan (Mobil2) dari sisi kanan mobil dan yang berujung sisi belakang kiri Mobil2 (bemper belakang kiri) menyerempet sisi kanan depan Mobil1 (bemper depan kanan). - Atas peristiwa di atas Hermansyah melakukan pengejaran dan meminta agar Mobil2 berhenti. Akhirnya terjadi kejar-kejaran yang terhenti setelah Mobil1 berhasil memalangkan sebagian bagian depan mobil di hadapan Mobil2. - Posisi kedua mobil berhenti kurang lebih pada posisi https://goo.gl/maps/P9tiehc1Nxw - Segera setelah kedua mobil terhenti, muncul mobil lain (Mobil3) di belakang Mobil1 yang mengelakson dan memberi isyarat lampu meminta diberikan jalan. - Menurut Irina permintaan Mobil3 diabaikan oleh Hermansyah karena masih ada dua lajur di sisi kiri yang kosong. - Saat Hermansyah belum penuh berada di luar mobil (baru kaki kanan menjejak keluar mobil) dia sudah dikerubutin 4-5 orang dari Mobil2 dan Mobil3. - Pemukulan dan penyerangan dengan senjata tajam langsung terjadi dengan sangat cepat. - Irina segera keluar dari mobil dan memutar lewat belakang mobil dengan membawa payung untuk menyerang salah satu penyerang Hermansyah. Namun dia segera dijambak dan dipukul dua kali di bagian kepala. - Lokasi penyerangan berdasarkan jejak darah yang bercucuran di jalan berada di batas antara Lajur 4 (lajur cepat mendahului/lajur paling kanan) dengan Lanjur 3. - Pada saat bersamaan segera datang dua buah mobil petugas Jasa Marga (Mobil4 dan Mobil5) yang berhenti di depan Mobil1. Dari kedua mobil Jasa Marga turun sejumlah petugas (jumlah tidak teridentifikasi). - Berbarengan dengan kejadian ini, para penyerang dari Mobil2 dan Mobil3 segera melarikan diri ke arah selatan jalan tol (ke arah kawasan Cibubur). - Setelah terjatuh dengan luka pukul dan tusuk, korban Hermansyah masih bisa berdiri dan mengambil posisi untuk duduk pada kursi supir. - Petugas Jasa Marga lalu meminta agar posisi mobil korban dipindahkan ke sisi kiri jalan. - Irina meminta pertolongan petugas Jasa Marga untuk memindahkan tubuh Hermansyah yang penuh luka ke kursi belakang. Tidak jelas apa alasannya, dari semua petugas tak seorangpun yang membantu. Akhirnya Irina membopong sendiri Hermansyah dari kursi depan ke kursi belakang. - Lalu Irina mengambilalih kemudi dan memindahkan posisi Mobil1 ke sisi kiri jalan. - Mobil4 dan Mobil5 juga menyusul pindah ke sisi kiri jalan di depan Mobil1. 4. Sekitar pukul 03.10-03.30 WIB - Irina meminta bantuan kepada petugas Jasa Marga untuk segera memanggilkan Polisi dan Ambulans. - Setelah menunggu sekitar 20 menit, akhirnya datang satu mobil emergency tol (Mobil6) yang ternyata bukan mobil ambulans. - Melihat kenyataan ini dan melihat kondisi Hermansyah yang semakin lemah, Irina bertanya kepada petugas Jasa Marga rumah sakit terdekat. Namun tidak ada jawaban dari petugas Jasa Marga, hanya ada saran agar menunggu polisi. - Petugas Jasa Marga meminta untuk  menunggu polisi dan mencegah Irina menyalakan mobil. Melihat kondisi Hermansyah yang terus memburuk, Irina memutuskan untuk meninggalkan lokasi dengan membawa sendiri Mobil1 menuju RS Hermina Depok tanpa ditemani petugas Jasa Marga. 5. Sekitar pukul 03.30-03.45 WIB - Irina melarikan Mobil1 menuju RS Hermina Depok dengan mengambil jalur exit pintu Cijago. - Pada pintu tol Cijago petugas sempat bertanya apa yang terjadi karena mobil berlumuran darah dan Irina juga melakukan pembayaran dengan e-toll card yang juga mengandung bercak darah. Namun Irina cuma meminta petugas agar mempercepat proses transaksi dan segera membuka pintu. - Mobil selanjutnya masuk ke jalan Juanda dan di persimpangan dengan jalan Margonda sempat berhenti, karena Irina ingin memastikan apakah ada petugas polisi lantas yang berjaga pada pos yang ada di sudut persimpangan jalan. Namun karena kosong, mobil dipacu kembali dengan kecepatan tinggi menuju RS Hermina Depok. 6. Sekitar pukul 03.45-03.55 WIB - Irina sampai di UGD RS Hermina Depok dan mengurus penyerahan korban Hermansyah ke petugas UGD. - Irina memarkir mobil korban di area parkir di belakang RS Hermina Depok. Data waktu mengacu kepada timestamp handphone Irina yang dipanggil lewat handphone Hermansyah karena sempat tidak terlihat posisinya dalam kegelapan. Pewarta: Try Reza Essra Editor: Gilang Galiartha Copyright © ANTARA 2017 Dilarang keras mengambil konten, melakukan crawling atau pengindeksan otomatis untuk AI di situs web ini tanpa izin tertulis dari Kantor Berita ANTARA. Kirim Komentar menjadi tanggung-jawab Anda sesuai UU ITE.",PEMBACOKAN
"Tersangka terkait kerusuhan Babarsari bertambah menjadi lima orang Yogyakarta (ANTARA) - Direktorat Reserse Kriminal Umum Polda DIY menetapkan tiga tersangka baru dalam kasus kekerasan kerusuhan di Babarsari, Caturtunggal, Depok, Sleman, Yogyakarta, sehingga total tersangka menjadi lima orang. Dirreskrimum Polda DIY Kombes Pol. Ade Ary Syam Indradi saat jumpa pers di Mapolda DIY, Yogyakarta, Jumat, menyebutkan dari lima orang tersangka, dua di antaranya terkait dengan kekerasan di Kafe MG di Seturan, Caturtunggal, Kecamatan Depok dan tiga tersangka lainnya terkait kekerasan di Jambusari, Condongcatur, Depok, Sleman, Sabtu (2/7). ""Untuk (kerusuhan) di TKP Babarsari sedang kami lakukan penyelidikan. Beberapa saksi sudah kami periksa,"" ujar Ade. Dari lima tersangka itu, polisi menahan empat orang berinisial RB alias D, JNEE alias O, AL alias L, dan YDM alias B. Satu tersangka lainnya berinisial R masih dilakukan pengejaran. ""Satu masih kami lakukan pengejaran dan pencarian,"" kata dia. Ade menjelaskan bahwa RB alias D dan JNEE alias O merupakan tersangka kasus kekerasan di Kafe MG atau tempat karaoke di kawasan Seturan pada Sabtu (2/7) dini hari. Di Kafe MG, mula-mula terjadi keributan antara korban E dan kelompok pelaku yang mengakibatkan beberapa peralatan rusak, termasuk komputer. Di lokasi itu, kata dia, RB alias D melakukan keributan dengan cara mendorong korban. ""Dia juga membawa senjata tajam berbentuk parang sepanjang 40 cm, kemudian membacok salah satu korban mengenai bahu kanan,"" kata dia. Baca juga: Kasus Babarsari terjadi karena pertumbuhan DIY serupai kota metropolis Baca juga: Polda DIY tetapkan dua tersangka kasus kerusuhan Babarsari Sementara itu, JNEE alias O, lanjut Ade, menusuk pinggang kanan korban, salah satu korban terkena di dada kiri, dan satu korban lainnya terluka di tangan kiri. Polisi menjerat dua tersangka itu dengan Pasal 170 KUHP subsider Pasal 351 KUHP tentang kekerasan secara bersama-sama di muka umum terhadap orang atau barang, serta penganiayaan terhadap orang dengan ancaman pidana 5 tahun penjara. ""Kami melakukan penyitaan barang bukti berupa kaus korban, kemudian alat-alat untuk melakukan kejahatan dan kami terus melakukan pencarian senjata tajam berbentuk parang,"" ujarnya. Adapun AL alias L dan YDM alias B merupakan tersangka kasus kekerasan di Jambusari yang merupakan buntut dari keributan di Kafe MG. Dalam peristiwa kekerasan pada hari Sabtu (2/7) sekitar pukul 04.30 WIB itu, menurut dia, setidaknya tiga orang mengalami luka-luka. Tersangka AL alias L mendatangi lokasi itu dengan membawa senjata tajam berbentuk parang, kemudian menghasut 50 orang yang datang bersamanya untuk melakukan penyerangan. ""Mengatakan serang di TKP Jambusari,"" ucapnya. Berikutnya, tersangka YDM alias B melakukan pembacokan terhadap salah satu korban. ""Ada dugaan tersangka YDM ini membawa senjata tajam. Ada yang bilang parang, ada yang bilang berbentuk pedang,"" ujar Ade. Atas perbuatannya, keduanya dijerat dengan Pasal 170 KUHP juncto Pasal 55 KUHP subsider Pasal 351 KUHP serta Undang-Undang Nomor 12 Tahun 1951 karena membawa senjata tajam tanpa hak. Khusus untuk tersangka AL alias L, polisi juga mengenakan Pasal 160 KUHP tentang perbuatan menghasut orang untuk berbuat kejahatan. Pelaku berinisial R yang hingga kini masih diburu polisi. Sebelumnya, yang bersangkutan ditetapkan tersangka untuk kasus di Jambusari dengan dugaan melakukan kekerasan secara bersama-sama di muka umum terhadap orang dan pelanggaran Undang-Undang Darurat Nomor 12 Tahun 1951. Kerusuhan di Babarsari, Caturtunggal, Depok, Sleman, Senin (4/7) siang, menyebabkan sejumlah ruko dan sepeda motor rusak. Peristiwa itu diduga dipicu kasus kekerasan terhadap tiga orang di Jambusari, Condongcatur, Depok, Sleman, Sabtu (2/7) pagi, yang merupakan buntut dari kericuhan di Kafe MG atau tempat karaoke di kawasan Seturan, Sleman. Pewarta: Luqman Hakim Editor: D.Dj. Kliwantoro Copyright © ANTARA 2022 Dilarang keras mengambil konten, melakukan crawling atau pengindeksan otomatis untuk AI di situs web ini tanpa izin tertulis dari Kantor Berita ANTARA. Kirim Komentar menjadi tanggung-jawab Anda sesuai UU ITE.",PEMBACOKAN
"Kejagung duga pembacokan pegawai kejaksaan di Depok karena begal Jakarta (ANTARA) - Kejaksaan Agung menduga kasus pembacokan terhadap seorang pegawai Pusat Data Statistik Kriminal dan Teknologi Informasi (Pusdakrimti) Kejagung berinisial DSK di Depok, Jawa Barat, merupakan aksi begal. ""Kami berkesimpulan sementara ini bisa saja ada bentuk kejahatan-kejahatan, apakah dalam upaya begal, pencurian dan seterusnya,"" kata Kepala Pusat Penerangan Hukum (Kapuspenkum) Kejagung Harli Siregar di Gedung Kejaksaan Agung, Jakarta, Senin. Harli mengatakan bahwa dugaan ini didasari karena DSK selaku korban pembacokan merupakan seorang staf dan bukan jaksa yang terlibat perkara. ""Artinya yang bersangkutan tidak menangani perkara,"" katanya. Selain itu, dari investigasi Kejagung terhadap profil DSK, yang bersangkutan merupakan orang baik dan tidak terlibat dalam masalah. ""Sudah dilakukan pengecekan, (DSK) sangat jauh dari hal-hal yang katakanlah ada perseteruan ataupun ada persoalan-persoalan di sana,"" katanya. Baca juga: Kejagung tangkap buronan yang diduga terkait pembacokan jaksa Kendati demikian, kasus ini masih terus didalami oleh Kejagung dan penyelidik kepolisian agar ditemukan pelaku yang bertanggung jawab. Sebelumnya, DSK menjadi korban pembacokan orang tidak dikenal ketika hendak pulang ke rumahnya di Kota Depok, Jawa Barat. Kapuspenkum mengungkapkan bahwa kronologi kejadian pembacokan ini berawal ketika pada hari Jumat (23/5) sekitar pukul 21.00 WIB, DSK sempat berteduh di sebuah warung kopi karena hujan lebat. Usai hujan reda, DSK melanjutkan kembali perjalanan. Akan tetapi, pada hari Sabtu (24/5) sekitar pukul 02.30 WIB, DSK mendapatkan serangan dari penumpang sepeda motor arah berlawanan. Baca juga: Komisi Kejaksaan prihatin seorang jaksa menjadi korban pembacokan Serangan itu terjadi di Jalan Pengasinan, Sawangan, Depok, dan lebih kurang berjarak 1 kilometer dari rumah DSK. ""Tiba-tiba dari arah depan terdapat dua orang yang berboncengan langsung mendekati DSK sambil berteriak 'sikat', sambil mengayunkan senjata tajam ke arah pergelangan tangan DSK,"" ucap Kapuspenkum. Setelah mengayunkan senjata tajam, pelaku langsung melaju sambil meneriakkan ""mampus lu"", kemudian meninggalkan DSK. Ketika DSK dibawa ke rumah sakit, yang bersangkutan melihat dua orang yang mengawasi pergerakan mobil yang mengantar DSK ke rumah sakit. Namun, tidak diketahui maksud dan tujuan pergerakan dua orang tersebut. Akibat kejadian ini, DSK menderita luka berat di pergelangan tangan kanan. Kasus ini telah mendapatkan atensi dari Polsek Bojongsari Polres Depok dan Polda Metro Jaya. Baca juga: KPK optimalkan unit reaksi cepat untuk respons kasus APH dibacok Baca juga: Kejagung berharap pelaku pembacokan pegawai kejaksaan serahkan diri Pewarta: Nadia Putri Rahmani Editor: Didik Kusbiantoro Copyright © ANTARA 2025 Dilarang keras mengambil konten, melakukan crawling atau pengindeksan otomatis untuk AI di situs web ini tanpa izin tertulis dari Kantor Berita ANTARA. Kirim Komentar menjadi tanggung-jawab Anda sesuai UU ITE.",PEMBACOKAN
"Polisi ringkus dua pengeroyok Hermansyah Jakarta (ANTARA News) - Petugas gabungan Polda Metro Jaya, Polres Metro Jakarta Timur dan Polres Kota Depok meringkus dua pelaku lainnya yang diduga terlibat pengeroyokan ahli telematika Hermansyah yakni DO dan R. ""Kita tangkap di Bandung,"" kata Kepala Subdirektorat Kejahatan dan Kekerasan Direktorat Reserse Kriminal Umum Polda Metro Jaya Ajun Komisaris Besar Polisi Hendy F Kurniawan melalui keterangan tertulis di Jakarta Rabu (12/7) malam. Hendy mengungkapkan petugas masih memburu seorang pelaku lainnya berinisial ER berdasarkan keterangan istri Hermansyah, Irina Ustinova. Berdasarkan pemeriksaan sementara, jumlah pelaku yang mengeroyok Hermansyah sebanyak lima orang dengan menggunakan dua unit mobil. Selain menangkap DO dan R, petugas telah menyita mobil Yaris yang digunakan Lauren Paliyama bersama tersangka DO dan ER. Sebelumnya, Hermansyah terlibat pertengkaran dengan pengemudi lain berjumlah lima orang yang berujung pembacokan usai kendaraannya bersenggolan di Tol Jagorawi Jakarta Timur pada Minggu (9/7) sekitar pukul 04.00 WIB. Petugas gabungan Polda Metro Jaya, Polres Metro Jakarta Timur dan Polres Kota Depok telah meringkus pelaku pengeroyokan Hermansyah yakni Edwin Hitupeuw dan Lauren Paliyama di Jalan Dewi Sartika Depok usai menyembunyikan kendaraan yang bersenggolan dengan mobil korban di Bandung Jawa Barat pada Rabu (12/7) pukul 01.00 WIB. Pewarta: Taufik Ridwan Editor: Kunto Wibisono Copyright © ANTARA 2017 Dilarang keras mengambil konten, melakukan crawling atau pengindeksan otomatis untuk AI di situs web ini tanpa izin tertulis dari Kantor Berita ANTARA. Kirim Komentar menjadi tanggung-jawab Anda sesuai UU ITE.",PEMBACOKAN
"Jaksa Agung jenguk pegawai kejaksaan yang dibacok OTK di Depok Jakarta (ANTARA) - Jaksa Agung Sanitiar (St.) Burhanuddin menjenguk seorang pegawai Pusat Data Statistik Kriminal dan Teknologi Informasi (Pusdakrimti) Kejaksaan RI berinisial DSK yang menjadi korban pembacokan orang tak dikenal (OTK) di Kota Depok, Jawa Barat. Kepala Pusat Penerangan Hukum (Kapuspenkum) Kejaksaan Agung Harli Siregar mengatakan bahwa Jaksa Agung menjenguk DSK pada hari Senin (26/5). ""Kemarin siang kami mendampingi Bapak Jaksa Agung menjenguk korban di rumah sakit,"" katanya di Jakarta, Selasa. Dalam kunjungan tersebut, kata Kapuspenkum, Jaksa Agung berpesan kepada DSK dan seluruh pegawai Kejaksaan RI agar lebih berhati-hati dan penuh kewaspadaan dalam menjalankan tugas, terlebih ketika malam hari. Terkait dengan kondisi DSK, Kapuspenkum mengatakan bahwa yang bersangkutan saat ini sudah stabil setelah dioperasi. Diketahui bahwa DSK menjadi korban pembacokan OTK ketika hendak pulang ke rumahnya di Kota Depok, Jawa Barat. Kapuspenkum Harli mengungkapkan bahwa kronologi kejadian pembacokan ini berawal ketika pada hari Jumat (23/5) sekitar pukul 21.00 WIB DSK sempat meneduh di sebuah warung kopi karena hujan lebat. Usai hujan reda, DSK melanjutkan kembali perjalanan. Akan tetapi, pada hari Sabtu (24/5) sekitar pukul 02.30 WIB, DSK mendapatkan serangan dari penumpang sepeda motor arah berlawanan. Baca juga: Kejagung benarkan ada pegawai kejaksaan dibacok di Depok Baca juga: Seorang pengantin pria di Palembang diserang dan dibacok jelang akad nikah Serangan itu terjadi di Jalan Pengasinan, Sawangan, Depok, dan kurang lebih berjarak 1 kilometer dari rumah DSK. ""Tiba-tiba dari arah depan terdapat dua orang yang berboncengan langsung mendekati DSK sambil berteriak 'sikat' sambil mengayunkan senjata tajam ke arah pergelangan tangan DSK,"" ucap Kapuspenkum. Setelah mengayunkan senjata tajam, pelaku langsung melaju sambil meneriakkan ""mampus lu"", kemudian meninggalkan DSK. Ketika DSK dibawa ke rumah sakit, yang bersangkutan melihat dua orang yang mengawasi pergerakan mobil yang mengantar DSK ke rumah sakit. Namun, tidak diketahui maksud dan tujuan pergerakan dua orang tersebut. Akibat kejadian ini, DSK menderita luka berat di pergelangan tangan kanan. Kasus ini telah mendapatkan atensi dari Polsek Bojongsari Polres Depok dan Polda Metro Jaya. Pewarta: Nadia Putri Rahmani Editor: D.Dj. Kliwantoro Copyright © ANTARA 2025 Dilarang keras mengambil konten, melakukan crawling atau pengindeksan otomatis untuk AI di situs web ini tanpa izin tertulis dari Kantor Berita ANTARA. Kirim Komentar menjadi tanggung-jawab Anda sesuai UU ITE.",PEMBACOKAN
"Polda Metro menetapkan DPO penganiaya Hermansyah Jakarta (ANTARA News) - Penyidik Polda Metro Jaya, Polres Metro Jakarta Timur, dan Polres Kota Depok menetapkan daftar pencarian orang  terhadap tersangka dugaan penganiayaan ahli telematika Hermansyah bernama Domaince. ""Domaince masih dalam pengejaran sudah ditetapkan DPO,"" kata Kapolda Metro Jaya Inspektur Jenderal Polisi M Iriawan di Jakarta Kamis. Iriawan mengungkapkan Domaince diduga turut serta mengeroyok Hermansyah bersama empat tersangka lainnya yang telah ditangkap petugas gabungan. Keempat tersangka yang telah diringkus polisi yakni Lauren Paliyama, Edwin Hitipeuw, Erick Birahy, dan Richard Patipelu. Saat kejadian, Domaince menumpang kendaraan bersama tersangka Lauren, Erick, dan Richard menggunakan mobil Honda City, sedangkan Edwin mengemudikan mobil Yaris dengan seorang perempuan tempat hiburan Siska. Iriawan menyatakan polisi telah menyebar foto Domaince ke publik agar masyarakat yang mengetahui keberadaan DPO melaporkan ke petugas kepolisian. Diketahui, Domaince memiliki ciri rambut pendek, warna pirang, berkumis, dan berjanggut, postur tubuh kurus dan warna kulit cokelat. Sebelumnya, Hermansyah terlibat pertengkaran dengan pengemudi lain berjumlah lima orang yang berujung pembacokan usai kendaraannya bersenggolan di Tol Jagorawi Jakarta Timur pada Minggu (9/7) sekitar pukul 04.00 WIB. Peristiwa itu menjadi perhatian publik lantaran Hermansyah bersedia menjadi saksi ahli telematika untuk membantah tuduhan dugaan penyebaran percakapan dan foto berkonten pornografi terhadap pimpinan Front Pembela Islam (FPI) Rizieq Syihab dan seorang wanita Firza Husein. Namun Iriawan menegaskan penganiayaan terhadap Hermansyah tidak terkait dengan kasus Rizieq. (T.T014/B015) Pewarta: Taufik Ridwan Editor: Ruslan Burhani Copyright © ANTARA 2017 Dilarang keras mengambil konten, melakukan crawling atau pengindeksan otomatis untuk AI di situs web ini tanpa izin tertulis dari Kantor Berita ANTARA. Kirim Komentar menjadi tanggung-jawab Anda sesuai UU ITE.",PEMBACOKAN
"Polres Bogor tangkap tersangka pembacok anggotanya di Garut Cibinong, Bogor (ANTARA) - Polres Bogor, Jawa Barat melakukan penangkapan terhadap lima pria berinisial YA (39), HE (25), MHP (28), ABD (23), dan SP (35) yang merupakan tersangka pembacokan anggotanya, Bripka Ade, di Kabupaten Garut, Jawa Barat, Minggu (29/9). ""Persis pada 29 September kemarin kami lakukan penangkapan terhadap lima orang tersebut, dan salah satunya harus kami lakukan tindakan tegas karena melakukan perlawanan,"" ujar Kapolres Bogor AKBP Muhammad Joni kepada awak media, saat konferensi pers di Mapolres Bogor, Cibinong, Kabupaten Bogor, Selasa. Baca juga: Polisi: Tersangka video asusila meninggal tidak hambat penyidikan Tersangka YA yang sempat melawan saat hendak dilakukan penangkapan oleh pihak kepolisian, harus mendapatkan tembakan di kakinya. Joni menerangkan, kronologis pembacokan itu terjadi ketika organisasi kemasyarakatan (ormas) Front Betawi Rempug (FBR) melakukan serangan balasan ke markas Badan Pengembangan Potensi Keluarga Besar (BPPKB) di Ciseeng, Kabupaten Bogor, Jumat (20/9) pagi, setelah markas FBR di Sawangan, Depok diserang pada Kamis (19/9) malam. Baca juga: Polisi dibacok dan lempar batako saat lerai tawuran Saat itu, Bripka Ade yang merupakan intel Polsek Parung tengah mencari informasi di dekat Pos BPPKB. Tapi, Bripka Ade kena amukan para anggota ormas yang bertikai, sehingga Bripka Ade mengalami luka bacok di bagian tengkuk leher dan luka tembak dari senjata air softgun di bagian muka dan badan yang dilumuri oleh bensin. ""Saat itu, Bripka Ade sedang mencari informasi atas kejadian sebelumnya. Padahal, dia sudah bilang dari kepolisian, tetapi tidak didengar oleh YA yang membacok dirinya,"" ujar Joni. Baca juga: Dua polisi dibacok, seorang dilempar ke Sungai Ciliwung oleh geng narkoba Barang bukti yang berhasil diamankan oleh Polres Bogor adalah botol bekas bensin, sebuah golok, sebuah celurit, pecahan asbes dan potongan kayu, serta pakaian korban yang berlumuran darah ""Mereka dikenakan pasal berlapis yakni pasal 351 dan 170 KUHP dengan ancaman kurungan maksimal 5 tahun penjara,"" ujarnya pula. Pewarta: M Fikri Setiawan Editor: Budisantoso Budiman Copyright © ANTARA 2019 Dilarang keras mengambil konten, melakukan crawling atau pengindeksan otomatis untuk AI di situs web ini tanpa izin tertulis dari Kantor Berita ANTARA. Kirim Komentar menjadi tanggung-jawab Anda sesuai UU ITE.",PEMBACOKAN
"Polisi selidiki bentrok antarkelompok hingga jatuh korban di Depok Jakarta (ANTARA) - Polres Metro Depok menyelidiki  bentrok antarkelompok hingga jatuh korban tewas seorang pria berinisial MSL (42) yang terjadi pada Sabtu (11/2) siang pukul 14.30 WIB di perumahan kawasan Sukatani, Tapos. ""Diduga dilakukan salah satu oknum kelompok M berinisial M terhadap satu korban kelompok A yang terkena senjata tajam pada bagian dada sehingga mengakibatkan meninggal dunia,"" kata Kapolres Metro Depok Kombes Ahmad Fuady dalam keterangan tertulis, di Jakarta, Minggu. Fuady menjelaskan, kejadian pada Sabtu siang tersebut berawal dari masalah bisnis antara MSL dengan M sebesar Rp300 juta, namun baru dibayarkan Rp100 juta kepada M. Kemudian, MSL meminta salah satu anggota bernama Rizal untuk menagih ke M yang berujung pada keributan antara kelompok A dan kelompok M. Dalam keributan itu terjadi pembacokan yang membuat robek pada bagian dada dan mengakibatkan korban meninggal dunia. Kini, korban sudah dirujuk ke Rumah Sakit Polri Kramat Jati untuk dilakukan forensik atau ( visum et repertum /VER). ""Untuk para saksi sudah dibawa ke Polres Metro Depok untuk diambil keterangannya,"" tambahnya. Selain itu, pihaknya juga meminta bantuan Ditsamapta Polda Metro Jaya sebagai antisipasi massa dari dua kelompok tersebut agar tidak terjadi bentrok lanjutan. Baca juga: Pelajar terlibat tawuran terancam sanksi pencabutan bantuan pendidikan Baca juga: Polsek Jagakarsa siapkan ring tinju untuk cegah tawuran pemuda Baca juga: Polisi tangkap 11 pelajar terduga hendak tawuran di Jakarta Barat Pewarta: Luthfia Miranda Putri Editor: Ganet Dirgantara Copyright © ANTARA 2023 Dilarang keras mengambil konten, melakukan crawling atau pengindeksan otomatis untuk AI di situs web ini tanpa izin tertulis dari Kantor Berita ANTARA. Kirim Komentar menjadi tanggung-jawab Anda sesuai UU ITE.",PEMBACOKAN
"Kejagung benarkan ada pegawai kejaksaan dibacok di Depok Jakarta (ANTARA) - Kepala Pusat Penerangan Hukum (Kapuspenkum) Kejaksaan Agung (Kejagung) Harli Siregar membenarkan adanya pegawai kejaksaan dibacok di Kota Depok, Jawa Barat. ""Staf di Pusat Data Statistik Kriminal dan Teknologi Informasi (Pusdakrimti) berinisial DSK,"" kata Harli Siregar di Jakarta, Selasa. Kapuspenkum mengungkapkan kronologi kejadian pembacokan ini berawal ketika pada hari Jumat (23/5) sekitar pukul 21.00 WIB DSK sempat meneduh di sebuah warung kopi karena hujan lebat. Usai hujan reda, DSK melanjutkan kembali perjalanan. Akan tetapi, pada hari Sabtu (24/5) sekitar pukul 02.30 WIB, DSK mendapatkan serangan dari motor arah berlawanan. Serangan itu terjadi di Jalan Pengasinan, Sawangan, Depok, dan kurang lebih berjarak 1 kilometer dari rumah DSK. ""Tiba-tiba dari arah depan terdapat dua orang yang berboncengan langsung mendekati DSK sambil berteriak 'sikat' sambil mengayunkan senjata tajam ke arah pergelangan tangan DSK,"" ucap Kapuspenkum. Baca juga: Panglima TNI: Pengamanan jaksa oleh TNI sesuai undang-undang Baca juga: Polda Sumut tangkap dua terduga pelaku pembacokan jaksa Setelah mengayunkan senjata tajam, pelaku langsung melaju sambil meneriakkan ""mampus lu"", kemudian meninggalkan DSK. Ketika DSK dibawa ke rumah sakit, yang bersangkutan melihat dua orang yang mengawasi pergerakan mobil yang mengantar DSK ke rumah sakit. Namun, tidak diketahui maksud dan tujuan pergerakan dua orang tersebut. Akibat kejadian ini, DSK menderita luka berat di pergelangan tangan kanan. ""Diagnosis sementara urat kelingking kanan DSK putus dan tidak bisa lagi digerakkan,"" kata Kapuspenkum. Kasus ini telah mendapatkan atensi dari Polsek Bojongsari Polres Depok dan Polda Metro Jaya. Adapun DSK, kata Kapuspenkum, telah dijenguk oleh Jaksa Agung Sanitiar (St.) Burhanuddin. ""Sudah dikunjungi Pak Jaksa Agung sifatnya dari orang tua kepada anak,"" ucapnya. Pewarta: Nadia Putri Rahmani Editor: D.Dj. Kliwantoro Copyright © ANTARA 2025 Dilarang keras mengambil konten, melakukan crawling atau pengindeksan otomatis untuk AI di situs web ini tanpa izin tertulis dari Kantor Berita ANTARA. Kirim Komentar menjadi tanggung-jawab Anda sesuai UU ITE.",PEMBACOKAN
"Ayah Bunuh Anak di Depok, Komnas PA: Tak Ada Toleransi, Hukuman Mati VIVA Kriminal – Masyarakat digemparkan dengan aksi pembunuhan secara sadis terhadap seorang bocah 11 tahun di perumahan Pondok Jatijajar, Kecamatan Tapos, Depok pada Selasa, 1 November 2022 pagi. Mirisnya, aksi keji itu dilakukan oleh ayah kandungnya sendiri menggunakan sebilah parang, saat sedang cekcok dengan istrinya yang tak lain adalah ibu korban. ADVERTISEMENT GULIR UNTUK LANJUT BACA Sontak kasus inipun mendapatkan sorotan dari berbagai pihak, salah satunya Komisi Nasional Perlindungan Anak ( Komnas PA ). Ketua Komnas PA, Arist Merdeka Sirait menyebut peristiwa ini merupakan tindak pidana luar biasa dan dapat dikategorikan sebagai pembantaian yang disengaja. “Oleh karena itu tidak ada toleransi dalam penegakan hukum, pelaku sudah mencabut hak hidup orang secara paksa, apalagi diikuti dengan penganiayaan,” kata Arist dikonfirmasi, Selasa 1 November 2022.  Lokasi KDRT disertai pembunuhan di Perumahan Pondok Jatijajar, Depok. Photo : VIVA.co.id/ Ridwan Putra (Depok) Arist mengatakan, penegak hukum harus menaruh perhatian serius terhadap kasus tersebut dan menjatuhi hukuman maksimal. “Penegak hukum jangan sampai terjebak misal si pelaku mengalami gangguan jiwa dan sebagainya, saya kira nggak, dia sadar betul itu tidak spontan,” kata Arist. “Saya berharap penegak hukum nanti menjatuhkannya dengan hukuman seumur hidup atau hukuman mati ,” tambahnya. Diberitakan sebelumnya, akibat pertengkaran kedua orang tuanya, seorang bocah perempuan inisial K yang masih berusia sekitar 11 tahun harus meregang nyawa dengan luka di sekujur tubuhnya, Selasa 1 November 2022. Anak itu mengalami luka bacok di kepala, mata, leher, tangan dan beberapa jari putus. Korban meninggal diduga meninggal di lokasi kejadian karena kehabisan darah. ADVERTISEMENT GULIR UNTUK LANJUT BACA Selain K, sang ibu berinisial NI (31) juga mengalami luka bacok pada bagian wajah dan tubuhnya, saat ini dalam kondisi kritis dan masih dalam perawatan intensif di Rumah Sakit Sentra Medika. Kasat Reskrim Polres Metro Depok AKBP Yogen Heroes Baruno mengatakan, pelaku melakukan aksi keji itu secara membabi buta. “Menurut keterangan saksi, pelaku ini melakukan aksinya secara membabi buta ya,” kata Yogen kepada wartawan.",PEMBACOKAN
"Tiga pelaku tawuran yang tewaskan satu orang di Setiabudi ditangkap Jakarta (ANTARA) - Anggota Polsek Metro Setiabudi menangkap tiga pelaku tawuran antarkelompok yang menewaskan satu orang korban di Jalan Minang Kabau, Pasar Manggis, Kota Jakarta Selatan. ""Pelaku ada tiga orang, dua orang kita tangkap di Depok tanggal 25 Desember, dan satu pelaku baru ditangkap pagi ini di kawasan Tebet,"" kata Kapolsek Setiabudi Ajun Komisaris Besar Polisi Yogen Heroes Baruno di Jakarta, Selasa. Inisial ketiga pelaku, yakni MS (19), MRI (20) berperan sebagai pembacok korban dan FS (23) sebagai koordinator aksi tawuran, serta menyediakan senjata tajam yang dipakai untuk tawuran. Yogen menyebutkan, kronologis tawuran terjadi pada 12 Desember 2020 pukul 05.00 WIB, berlokasi di Jalan Minangakabau, Pasar Manggis. Tawuran melibatkan dua kelompok remaja yang mengatasnamakan ""Manggarai Bersatu"" dan ""Pasar Rumput Bersatu"". ""Tawuran diawali dari saling ejek di media sosial, lalu ada ajakan untuk tawuran lewat akun @pegas-official76,"" ungkap Yogen. Aksi tawuran sempat berlangsung selama kurang lebih 10 menit dengan perkiraan jumlah massa sekitar 50 orang yang terlibat. Petugas yang mendapatkan laporan langsung menuju lokasi, dan berhasil membubarkan massa. Pada saat dibubarkan, terdapat satu korban atas nama Jacky Alamsyah (25) yang mengalami luka bacok di punggung dan lengan kanan, hingga dilarikan ke rumah sakit. Namun, korban meninggal di rumah sakit setelah kehabisan darah karena luka terbuka akibat senjata tajam. ""Korban terpisah dari kelompoknya, saat itu korban membawa senjata berbentuk samurai, lalu pelaku MS dan MRI membacok korban di punggung dan di lengan,"" tutur Yogen. Setelah kejadian tersebut, para pelaku melarikan diri dan bersembunyi di luar kota. Dua pelaku pembacokan MS dan MRI ditangkap di Depok setelah dua minggu kabur. Sedangkan pelaku FS, baru ditangkap Selasa pagi di Tebet. FS merupakan koordinator dari kelompok manggarai bersatu, bertindak menyediakan senjata tajam bagi pelaku tawuran. Dalam perkara tersebut, petugas mengamankan barang bukti berupa dua celurit emas berganggang hitam, satu celirit bulu ayam, satu pedang berbentuk samurai dan pakaian korban. Ketiga pelaku dikenakan Pasal 170 ayat (2) KUHP tentang tindak pidana pengeroyokan menyebabkan orang meninggal dunia, masing-masing terancam hukuman maksimal 12 tahun penjara. Baca juga: Polisi siagakan petugas patroli atasi bentrok warga Tanah Tinggi Baca juga: Polisi ringkus belasan pemuda hendak tawuran di Jakarta Barat Baca juga: Warga anti tawuran Johar Baru Jakpus terima sembako Pewarta: Laily Rahmawaty Editor: Taufik Ridwan Copyright © ANTARA 2020 Dilarang keras mengambil konten, melakukan crawling atau pengindeksan otomatis untuk AI di situs web ini tanpa izin tertulis dari Kantor Berita ANTARA. Kirim Komentar menjadi tanggung-jawab Anda sesuai UU ITE.",PEMBACOKAN
"Hukum, dari penganiayaan jaksa hingga penyelundupan 25 ton timah pasir Jakarta (ANTARA) - Beragam peristiwa yang berkaitan dengan hukum terjadi sepanjang Senin (2/6), mulai dari kasus penganiayaan jaksa hingga penyelundupan 25 ton pasir timah. Berikut rangkuman berita hukum untuk pembaca. 1. Kejagung duga pembacokan pegawai kejaksaan di Depok karena begal Jakarta (ANTARA) - Kejaksaan Agung menduga kasus pembacokan terhadap seorang pegawai Pusat Data Statistik Kriminal dan Teknologi Informasi (Pusdakrimti) Kejagung berinisial DSK di Depok, Jawa Barat, merupakan aksi begal. ""Kami berkesimpulan sementara ini bisa saja ada bentuk kejahatan-kejahatan, apakah dalam upaya begal, pencurian dan seterusnya,"" kata Kepala Pusat Penerangan Hukum (Kapuspenkum) Kejagung Harli Siregar di Gedung Kejaksaan Agung, Jakarta, Senin. Baca di sini 2. Kemenham dukung prinsip non-hukuman bagi korban perdagangan manusia Jakarta (ANTARA) - Kementerian Hak Asasi Manusia (Kemenham) mendukung prinsip non-hukuman bagi korban perdagangan manusia dalam panduan bersama negara-negara ASEAN yang diluncurkan di Jakarta, Senin. “Prinsip non-penghukuman tidak sekedar pedoman teknis, tetapi juga simbol komitmen kolektif kawasan terhadap HAM dan semangat keadilan restoratif,” kata Wakil Menteri HAM Mugiyanto pada acara peluncuran itu sebagaimana dikutip dari keterangan tertulis. Baca di sini 3. Satgas Damai Cartenz kerahkan tim gabungan buru napi kabur di Nabire Jakarta (ANTARA) - Satuan Tugas Operasi Damai Cartenz mengerahkan tim gabungan untuk mencari 19 narapidana yang kabur dari Lembaga Pemasyarakatan (Lapas) Kelas IIB Nabire, Papua Tengah, Senin. “Tim kami bersama jajaran Polda Papua Tengah dan instansi terkait saat ini terus melakukan pengejaran secara intensif. Semua napi yang kabur akan ditindak tegas sesuai prosedur,” kata Kepala Operasi Satgas Damai Cartenz Brigjen Pol. Faizal Ramadhani dalam keterangan diterima di Jakarta. Baca di sini 4. Mantan Dirjen Binapenta Kemenaker akui urusan TKA libatkan instansi lain Jakarta (ANTARA) - Mantan Direktur Jenderal Pembinaan Penempatan Tenaga Kerja dan Perluasan Kesempatan Kerja (Binapenta dan PKK) Kementerian Ketenagakerjaan pada 2020–2023 Suhartono mengakui bahwa urusan tenaga kerja asing melibatkan instansi lain. ""Prosesnya ada. Nanti ada beberapa instansi. Kan ini prosesnya panjang,"" ujar Suhartono saat wawancara cegat di Gedung Merah Putih KPK, Jakarta, Senin. Baca di sini 5. TNI AL gagalkan penyelundupan 25 ton pasir timah ilegal Jakarta (ANTARA) - TNI AL melalui Tim Fleet One Quick Response (F1QR) Pangkalan TNI AL (Lanal) Bangka Belitung menggagalkan penyelundupan 25 ton pasir timah ilegal yang diduga akan dibawa ke Malaysia (1/6). Siaran pers resmi TNI AL yang diterima ANTARA di Jakarta, Senin, melaporkan bahwa pasir tersebut dibawa oleh KM. Indah Jaya GT 34 melewati alur pelayaran Pelabuhan Pangkal Balam. Baca di sini Pewarta: Walda Marison Editor: Laode Masrafi Copyright © ANTARA 2025 Dilarang keras mengambil konten, melakukan crawling atau pengindeksan otomatis untuk AI di situs web ini tanpa izin tertulis dari Kantor Berita ANTARA. Kirim Komentar menjadi tanggung-jawab Anda sesuai UU ITE.",PENCURIAN
"Seorang pria di Jatinegara bacok temannya akibat rebutan lahan parkir Jakarta (ANTARA) - Seorang pria berinisial RR melakukan pembacokan dan penganiayaan terhadap temannya yang berinisial LH akibat memperebutkan lahan parkir di Jatinegara, Jakarta Timur. ""Kami menindaklanjuti laporan terkait Operasi Berantas Jaya yang sudah dilakukan. Kami mengama nkan satu pelaku yang ternyata dengan korban berinisial LH ini saling kenal,"" kata Kapolsek Jatinegara Kompol Samsono di Polsek Jatinegara, Jakarta Timur, Selasa. Samsono menyebutkan, satu pelaku berinisial RR sempat kabur dan bersembunyi ke Sukabumi dan Depok (Jawa Barat) selama tujuh bulan. Pelaku membacok korban hingga mengalami luka bagian punggung, pipi dan dahi. Peristiwa penganiayaan berat dan pembacokan ini berawal saat pelaku RR dengan korban LH yang saling kenal serta terbiasa mengelola lahan parkir dan pungutan liar (pungli) ke pedagang di Jalan H Yahya, Jatinegara, Jakarta Timur. Namun, korban ingin menguasai sendiri pengelolaan lahan parkir dan pungli itu. Pelaku RR tidak terima karena sejak awal sudah ada kesepakatan bersama-sama untuk mengelola lahan parkir itu. ""Karena korban merasa, dia dilahirkan di situ dan besar, tumbuh di situ, banyak sesepuhnya dari keluarganya sehingga ada inisiatif ingin menguasai lahan parkir dan pungutan liar di depan minimarket,"" katanya. Baca juga: DKI gencarkan bebas pungli di Rusunawa Pulogebang lewat Sirukim Lalu, saat korban LH sedang beristirahat di area lahan parkir, pelaku RR datang berboncengan sepeda motor dengan pelaku ES yang merupakan saudaranya ke lokasi lahan parkir. Saat itu, dua  pelaku sudah membawa senjata tajam. Kemudian, pelaku RR langsung menyerang dan membacok pipi sebelah kiri korban. ""Pada 2 Oktober 2024 itu, pelaku berini sial RR mendatangi korban, kemudian pelaku datang dengan membawa senjata tajam jenis golok, lalu langsung membacok korban,"" ujar Samsono. Korban berusaha melawan dengan mena ngkis pelaku yang hendak membacok sehingga terjadi perkelahian. ""Tidak lama datang lagi saudara pelaku yang berinis ial ES, itu datang dari belakang dengan membawa senjata tajam langsung membacok pung gung sebelah kanan korban,"" ungkap Samsono. Baca juga: Petugas patroli keliling dan CCTV awasi parkir liar Blok M Karena merasa terdesak, korban melarikan diri dan akhirnya terjatuh tak jauh dari tempat kejadian perkara (TKP) dan kembali dikejar oleh pelaku hingga mengakibatkan luka jahitan dahi sebanyak lima jahitan dan pipi 10 jahitan. ""Kemudian dikejar oleh pelaku ini, tidak jauh dari TKP, akhirnya korban jatuh dan mendapatkan bacokan yang ketiga yang mengenai dahi dan pipi,"" katanya. Pelaku RR kini dijerat dengan Pasal 170 ayat 3 KUHP tentang kekerasan secara bersama-sama yang mengakibatkan luka berat, dengan ancaman hukuman sembilan tahun penjara. Sedangkan satu pelaku berinis ial ES masih dalam pengejaran polisi dan kini masuk dalam daftar pencarian orang (DPO). Pewarta: Siti Nurhaliza Editor: Sri Muryono Copyright © ANTARA 2025 Dilarang keras mengambil konten, melakukan crawling atau pengindeksan otomatis untuk AI di situs web ini tanpa izin tertulis dari Kantor Berita ANTARA. Kirim Komentar menjadi tanggung-jawab Anda sesuai UU ITE.",PEMBACOKAN
"KPK optimalkan unit reaksi cepat untuk respons kasus APH dibacok Jakarta (ANTARA) - Komisi Pemberantasan Korupsi (KPK) mengoptimalkan unit reaksi cepat untuk merespons sejumlah kasus aparat penegak hukum (APH), terutama jaksa, yang mengalami pembacokan. “Unit reaksi cepat, bagian tim di pengamanan KPK yang memang bertugas, salah satunya adalah untuk membantu pengamanan personel KPK, dan itu juga dilakukan secara intens ya untuk memastikan bahwa keamanan dari para pegawai KPK itu tetap terjaga,” ujar Juru Bicara KPK Budi Prasetyo saat dikonfirmasi ANTARA dari Jakarta, Jumat. Sementara itu, Budi mengatakan bahwa KPK memandang setiap penanganan perkara memiliki dinamika dan tantangan tersendiri, terutama mengenai keselamatan. “Bahkan tidak hanya dalam soal penanganan perkara, tantangan pemberantasan korupsi juga kami hadapi dalam upaya-upaya pendidikan, pencegahan, serta koordinasi dan supervisi,” katanya. Baca juga: KPK masih mendalami hasil pemeriksaan soal panggil Ida Fauziyah Baca juga: KPK sebut kemungkinan periksa pihak keimigrasian dalam kasus Kemenaker Sebelumnya, telah terjadi peristiwa pembacokan terhadap jaksa fungsional Jhon Wesli Sinaga, dan aparatur sipil negara (ASN) pada Kejaksaan Negeri Deli Serdang Acensio Silvanov Hutabarat pada Sabtu (24/5) pukul 15.40 WIB. Selain itu, seorang pegawai kejaksaan dibacok di Kota Depok, Jawa Barat, Sabtu (24/5). Pada kesempatan berbeda, Presiden Prabowo Subianto sempat mengatakan bahwa mengetahui adanya APH yang menerima ancaman maupun intimidasi dari pihak yang ingin menghindar dari jeratan hukum. ""Saya tahu ada penegak-penegak hukum yang diancam. Saya tahu. Saya dapat laporan. Ada yang rumahnya didatangi, mobilnya diikuti, dan rumahnya difoto. Kami paham itu,"" kata Presiden saat menghadiri Kongres IV PP Tidar, di Jakarta, Sabtu (17/5). Pewarta: Rio Feisal Editor: Agus Setiawan Copyright © ANTARA 2025 Dilarang keras mengambil konten, melakukan crawling atau pengindeksan otomatis untuk AI di situs web ini tanpa izin tertulis dari Kantor Berita ANTARA. Kirim Komentar menjadi tanggung-jawab Anda sesuai UU ITE.",PEMBACOKAN
"TII: Kerja sama TNI/Polri jaga kejaksaan pascapembacokan jaksa terjadi Jakarta (ANTARA) - The Indonesian Institute, Center for Public Policy Research (TII) menyoroti ihwal kerja sama TNI/Polri dalam menjaga kejaksaan itu dilakukan pascakasus pembacokan terhadap jaksa yang terjadi di Depok, Jawa Barat (23/5) dan Sumatera Utara (24/5). “Terkait kerja sama antara kejaksaan, TNI, dan Polri dalam hal pengamanan, secara prinsip langkah ini bisa menjadi instrumen penting dalam memastikan keselamatan personel kejaksaan,” kata Peneliti Bidang Hukum TII Christina Clarissa Intania dalam keterangannya di Jakarta, Rabu. Christina menilai, perlu transparansi mengenai efektivitas kerja sama tersebut. Dalam hal ini, terlepas dari polemik yang ada, ia mendorong adanya kejelasan pada aspek subjek yang diberikan perlindungan, sehingga tidak ada lagi personel kejaksaan yang diserang. Baca juga: Komisi Kejaksaan prihatin seorang jaksa menjadi korban pembacokan “Jika personel kejaksaan masih dapat diserang secara terang-terangan, tujuan awal dari kerja sama pengamanan ini layak untuk ditinjau ulang,” ucapnya. Menurut dia, penyerangan jaksa bukan sekadar bentuk kekerasan terhadap individu, melainkan cermin dari ancaman terbuka terhadap proses hukum. Untuk itu, kasus ini perlu ditindaklanjuti secara tegas, menyeluruh, dan transparan agar tidak terulang di masa mendatang. Di sisi lain, ia menilai sulit untuk menarik kesimpulan tunggal atau menyamaratakan penyebab dalam kasus kekerasan terhadap aparat hukum. Motifnya bisa beragam, tergantung konteks perkara yang sedang ditangani aparat hukum tersebut. “Beberapa motif antara lain tujuan menghambat jalannya proses hukum, mengarahkan hasil putusan sesuai kepentingan tertentu, atau mencegah terungkapnya informasi yang dapat merugikan pihak-pihak tertentu,” katanya. Baca juga: Jaksa Agung jenguk pegawai kejaksaan yang dibacok OTK di Depok Maka dari itu, Christina mendorong proses hukum atas kasus pembacokan jaksa dilaksanakan dengan transparan, independen, dan tuntas. Sebagai negara hukum, kata dia, Indonesia tidak boleh membiarkan praktik intimidasi, teror, atau kekerasan menjadi bagian dari ekosistem hukum. “Bukan hanya untuk memastikan pelaku memperoleh sanksi yang sesuai, tetapi juga untuk menyingkap kemungkinan motif yang lebih luas di balik peristiwa tersebut. Tindakan tegas dan terbuka dari negara menjadi penanda bahwa keadilan tetap berjalan,” ujarnya. Diketahui, seorang pegawai Pusat Data Statistik Kriminal dan Teknologi Informasi (Pusdakrimti) Kejaksaan RI menjadi korban pembacokan orang tak dikenal (OTK) di Kota Depok, Jawa Barat, Jumat (23/5). Sebelum itu, seorang jaksa fungsional dan seorang ASN Kejaksaan Negeri Deli Serdang dibacok saat berada di ladang di wilayah Kecamatan Kotarih, Kabupaten Serdang Bedagai, Sumatera Utara pada Sabtu (24/5). Pewarta: Fath Putra Mulya Editor: Edy M Yakub Copyright © ANTARA 2025 Dilarang keras mengambil konten, melakukan crawling atau pengindeksan otomatis untuk AI di situs web ini tanpa izin tertulis dari Kantor Berita ANTARA. Kirim Komentar menjadi tanggung-jawab Anda sesuai UU ITE.",PEMBACOKAN
"Polisi sebut kasus pembacokan di Pasar Rebo dipicu emosi sesaat Jakarta (ANTARA) - Kepolisian menyebutkan kasus pembacokan terhadap seorang remaja berinisial FK (18) di Jalan Telaga, Pekayon, Pasar Rebo, Jakarta Timur (Jaktim) dipicu emosi sesaat. ""Awalnya kedua tersangka mengendarai sepeda motor melintas di depan korban. Korban meneriakkan kedua tersangka dengan kata-kata kasar, seperti 'woi' dan mengajak untuk berantem,"" kata Kapolsek Pasar Rebo AKP I Wayan Wijaya saat konferensi pers di Polsek Pasar Rebo, Jakarta Timur, Jumat. Korban diketahui berinisial FK (18), warga Cijantung, Jakarta Timur. Sementara dua pelaku berinisial NE dan DS yang sama-sama berusia 18 tahun merupakan warga Areman, Depok, Jawa Barat. Peristiwa penganiayaan berat itu terjadi pada 19 Mei 2026 sekitar pukul 04.30 WIB di Jalan Telaga RT 13 RW 09, Kelurahan Pekayon, Kecamatan Pasar Rebo, Jakarta Timur. Menurut Wayan, kedua pelaku tidak terima atas teriakan tersebut. Mereka kemudian pulang ke rumah untuk mengambil celurit sebelum kembali mendatangi korban. ""Pelaku langsung mengayunkan celurit kepada korban dan mengenai kepala tepatnya di dahi sebelah kanan,"" ujarnya. Usai melakukan pembacokan, kedua pelaku langsung melarikan diri meninggalkan korban bersimbah darah. Polsek Pasar Rebo kemudian menerima laporan dari RSUD Pasar Rebo terkait adanya korban penganiayaan dengan kondisi celurit masih menancap di kepala. Polisi langsung bergerak menuju rumah sakit untuk melakukan pengecekan. Korban selanjutnya dirujuk ke Rumah Sakit Polri Kramat Jati untuk menjalani operasi. ""Alhamdulillah korban tidak kritis. Setelah menjalani operasi saat ini masih tahap pemulihan,"" ucap Wayan. Dari hasil penyelidikan, polisi berhasil mengidentifikasi pelaku dan menangkap keduanya kurang dari 24 jam setelah kejadian. Kedua pelaku diamankan di rumah mereka di kawasan Depok. Dalam kasus ini, polisi menyita barang bukti berupa satu bilah celurit, sweater hitam, celana, dan visum luka korban. Polisi memastikan aksi pembacokan tersebut tidak dipengaruhi minuman keras maupun narkotika. ""Dari pengakuan pelaku sendiri dan aroma dari mulut ini tidak ada. Jadi murni karena emosi dan kesalahpahaman pada saat melintas,"" kata Wayan. Atas perbuatannya, kedua pelaku dijerat Pasal 466 atau Pasal 466 juncto Pasal 20 Undang-Undang Nomor 1 Tahun 2023 tentang KUHP dengan ancaman hukuman maksimal lima tahun penjara. Baca juga: Polisi ringkus dua pelaku pembacokan di Pasar Rebo Baca juga: Remaja di Pasar Rebo dibacok dengan celurit oleh geng motor Pewarta: Siti Nurhaliza Editor: Syaiful Hakim Copyright © ANTARA 2026 Dilarang keras mengambil konten, melakukan crawling atau pengindeksan otomatis untuk AI di situs web ini tanpa izin tertulis dari Kantor Berita ANTARA. Kirim Komentar menjadi tanggung-jawab Anda sesuai UU ITE.",PEMBACOKAN
"Polisi amankan lima orang terkait penganiayaan di Jagakarsa Jakarta (ANTARA) - Polisi dari Polres Jakarta Selatan dan Polsek Jagakarsa mengamankan lima orang terduga bagian dalam kelompok pelaku penganiayaan di Jalan Raya Lenteng Agung Timur, Lenteng Agung, Jagakarsa, Jakarta Selatan, beberapa waktu lalu yang mengakibatkan satu korban bernama AL (16) tewas. ""Dari hasil penyelidikan Polres Jaksel dan Polsek Jagakarsa, diamankan lima orang yang diduga kelompok motor yang datang dan melakukan tindakan tersebut di TKP,"" kata Kasat Reskrim Polres Metro Jakarta Selatan Kompol Andi Sinjaya Ghalib saat dikonfirmasi di Jakarta, Jumat. Adapun kelima orang yang diamankan memiliki inisial dan peran sebagai berikut: MN (joki), MA (membawa senjata tajam jenis sabit), X-CEL (joki), FP (joki) dan MS (joki). Terhadap kelima orang tersebut, kata Andi, akan dilakukan pemeriksaan sebagai saksi. Sedangkan bagi mereka yang berstatus di bawah umur, yakni MN, MA dan FP pemeriksaannya akan dilakukan pemeriksaan dengan didampingi orang tuanya dengan mengacu pada UU Perlindungan Anak. ""Setelah dilakukan pemeriksaan, akan dilakukan gelar perkara guna menentukan status terhadap kelima orang yang diamankan tersebut di atas,"" ucap Andi. Adapun kejadian ini, diawali saat korban AL dan teman-temannya nongkrong di Jalan Raya Lenteng Agung Timur, Lenteng Agung, Jagakarsa, Jakarta Selatan, pada Rabu (8/5) dini hari. Pada sekitar pukul 3.00 WIB, datang rombongan motor melintas dari arah Pasar Minggu sekitar 10 motor berboncengan ke arah Depok. Tiba-tiba rombongan bermotor tersebut turun dan menyerang korban dan teman-temannya yang mengakibatkan korban luka bacok di bagian leher, kemudian saksi M.Dahri warga setempat membawa korban ke RS dan mendapatkan penanganan dokter. ""Namun karena pendarahan tidak tertolong dan dinyatakan oleh dokter meninggal dunia pada pukul 06:30 WIB,"" ucapnya. Laporan 463/K/V/ 2019/ Sek Karsa tersebut sendiri dibuat oleh ayah korban yang bernama Agus Hartono seorang PNS TNI AL. Selanjutnya, kata Andi, akan dilakukan pengembangan terhadap pelaku lain yang belum diamankan termasuk FH yang diduga melakukan pembacokan pada korban. ""Upaya yang dilalukan adalah akan memaksimalkan untuk menangkap FH yang diduga berperan membacok dengan senjata tajam,"" ucap Andi menambahkan. Hingga kini, pihak kepolisian masih menyelidiki motif penyerangan hingga menewaskan korban tersebut. Pewarta: Ricky Prayoga Editor: Yuniardi Ferdinand Copyright © ANTARA 2019 Dilarang keras mengambil konten, melakukan crawling atau pengindeksan otomatis untuk AI di situs web ini tanpa izin tertulis dari Kantor Berita ANTARA. Kirim Komentar menjadi tanggung-jawab Anda sesuai UU ITE.",PEMBACOKAN
"Polrestabes Makassar aktifkan patroli siber tangkap pelaku tawuran Makassar (ANTARA) - Jajaran Polrestabes Makassar mengaktifkan patroli siber untuk mencegah dan menangkap pelaku tawuran antarpemuda yang memanfaatkan media sosial dengan istilah ""COD"" (Cash on Delivery) atau janjian tawuran pada tempat yang ditentukan para kelompok gen motor di wilayah Kota Makassar, Sulawesi Selatan. ""Patroli siber ini kita lakukan terus-menerus, dan barulah kita tahu keberadaan mereka, dan akhirnya mereka ditangkap,"" ungkap Kapolrestabes Makassar Kombes Pol Arya Perdana di Mapolrestabes Makassar, Selasa. Dampak dari tawuran antarkelompok geng motor tersebut mengakibatkan tiga orang tidak bersalah terluka hingga mendapat perawatan intensif di rumah sakit. Peristiwa itu terjadi di tiga lokasi berbeda pada Sabtu malam, 19 Juli 2025. Sebanyak 23 orang pemuda dan pelajar akhirnya ditangkap petugas usai melakukan aksinya menyerang korban yang bukan merupakan lawannya. Para pelaku ini telah ditetapkan tersangka. Menurut Arya, kejadian tawuran antarpemuda bahkan melibatkan anak remaja usia pelajar sering berulang. Hal ini disebabkan adanya istilah populer dikalangan Gen-Z janjian COD melalui media sosial. Baca juga: Kapolrestabes Makassar ungkap pemasok sabu internasional asal China Baca juga: Polisi periksa enam saksi kasus anak SD tewas dikeroyok ""Memang kejadiannya berulang. Ini pun kita dapatnya dari patroli siber setelah mereka kabur. Kami mengolah TKP dan pengecekan saksi-saksi yang ada. Tapi itu tidak cukup, setelah itu kami melakukan patroli siber,"" paparnya. Dari 23 orang yang ditangkap ini, kata Arya, pelaku utamanya ada 10 orang yang terlibat penganiayaan kepada korban. Enam orang membacok korban dan sisanya membawa senjata tajam. ""Pembacokan ada enam orang. Pembacokan di Jalan Cendrawasih tiga orang, dan di Jalan Veteran pembacokan dilakukan tiga orang serta. Pembawa senjata tajam ini menjadi pelaku utama. Sisanya, secara bersama-sama menganiaya korban,"" tutur dia. Mantan Kapolres Metro Depok ini menyebutkan, para pelaku yang ditangkap usianya bervariasi ada 15 tahun, 16 tahun dan 17 tahun bahkan ada yang berulang tahun ke-18 tahun. Secara otomatis dia menjadi dewasa dan dikenakan pasal orang dewasa. Para pelaku ini dikenakan pasal 170 KUHP dengan ancaman hukuman maksimal 9 tahun penjara. Dan bagi setiap orang yang membawa senjata tajam dikenakan Undang-undang darurat tentang senjata tajam nomor 12 tahun 1951 dengan ancaman maksimal 12 tahun penjara. Dari penanganan kasus ini, ternyata ada beberapa pelaku telah dilaporkan ke polisi. Tercatat, ada lima laporan polisi yang masuk selanjutnya diproses dengan penindakan hukum. Mengenai dengan langkah pencegahan fenomena ini, kata dia, pihaknya sudah menyampaikan upaya penanganan persuasif kepada Wali Kota Makassar untuk selanjutnya berkoordinasi dengan dinas terkait salah satunya Dinas Pendidikan Kota Makassar. ""Dinas pendidikan sebenarnya sudah mengetahui hal ini. Dan setelah mereka terlibat pidana, pasti dikeluarkan dari sekolah. Kami juga sudah koneksi dengan wali kota, lurah, camat dan kepala sekolah. Sosialisasi sudah dilakukan sebagai upaya antisipasi anak-anak ini tidak melakukan tindakan kriminal,"" katanya. Pewarta: M Darwin Fatir Editor: Agus Setiawan Copyright © ANTARA 2025 Dilarang keras mengambil konten, melakukan crawling atau pengindeksan otomatis untuk AI di situs web ini tanpa izin tertulis dari Kantor Berita ANTARA. Kirim Komentar menjadi tanggung-jawab Anda sesuai UU ITE.",PEMBACOKAN
"Polisi: pelaku penyerangan tak kenal Hermansyah Jakarta (ANTARA News) - Polda Metro Jaya menyatakan bahwa berdasakan pengakuan, dua tersangka yang menyerang ahli telematika Hermansyah, yakni Edwin Hitupeuw dan Lauren Paliyama, tidak mengenal korban. ""Tidak mengenal (Hermansyah),"" kata Kepala Bidang Humas Polda Metro Jaya Komisaris Besar Polisi Argo Yuwono di Jakarta Rabu. Argo mengatakan kedua tersangka juga tidak mengetahui korban yang dikeroyok tersebut merupakan ahli telematika yang bersedia menjadi saksi meringankan tersangka dugaan percakapan dan foto berkonten pornografi Rizieq Syihab. Argo menegaskan peristiwa pembacokan Hermansyah tidak terkait dengan dugaan kasus yang menjerat pimpinan Front Pembela Islam (FPI) Habib Rizieq tersebut. Sebelumnya, Hermansyah terlibat pertengkaran dengan pengemudi lain berjumlah lima orang yang berujung pembacokan usai kendaraannya bersenggolan di Tol Jagorawi, Jakarta Timur, pada Minggu (9/7) sekitar pukul 04.00 WIB. Petugas gabungan Polda Metro Jaya, Polres Metro Jakarta Timur dan Polres Kota Depok meringkus pelaku pengeroyokan Hermansyah yakni Edwin Hitupeuw dan Lauren Paliyama di Jalan Dewi Sartika, Depok, usai menyembunyikan kendaraan yang bersenggolan dengan mobil korban di Bandung, Jawa Barat pada Rabu (12/7) pukul 01.00 WIB. Saat ini, tim gabungan masih memburu dua tersangka yang masih buron itu yakni ER (20) dan DOM (21), serta seorang wanita diduga terlibat pengeroyokan terhadap Hermansyah. Pewarta: Taufik Ridwan Editor: Suryanto Copyright © ANTARA 2017 Dilarang keras mengambil konten, melakukan crawling atau pengindeksan otomatis untuk AI di situs web ini tanpa izin tertulis dari Kantor Berita ANTARA. Kirim Komentar menjadi tanggung-jawab Anda sesuai UU ITE.",PEMBACOKAN
"Dini Hari yang Mencekam, Ibu dan Anak di Depok Bersimbah Darah Dibacok Usai Pergoki Maling Depok , VIVA – Seorang ibu dan anak di Depok, Jawa Barat, mengalami luka-luka setelah menjadi korban aksi perampokan yang berujung pembacokan . Pelaku yang aksinya dipergoki penghuni rumah diduga nekat menyerang korban menggunakan parang sebelum melarikan diri. Peristiwa itu terjadi di kawasan Sukamaju Baru, Depok, pada Senin dini hari, 8 Juni 2026, sekitar pukul 02.00 WIB. ADVERTISEMENT GULIR UNTUK LANJUT BACA Informasi yang dihimpun menyebutkan, pelaku diduga menyelinap masuk ke rumah korban saat penghuni sedang berada di dalam. Namun, aksinya untuk mencuri barang berharga tidak berjalan mulus karena diketahui oleh pemilik rumah. Kapolsek Cimanggis, Komisaris Polisi Jupriono membenarkan adanya kasus perampokan yang disertai kekerasan tersebut. ""Betul (ada perampokan melukai ibu dan anak),"" kata Jupriono saat kepada wartawan, Rabu, 10 Juni 2026. Dari hasil penyelidikan sementara, sasaran pelaku diduga adalah telepon genggam milik korban. Saat hendak membawa kabur barang tersebut, keberadaan pelaku diketahui oleh penghuni rumah. ""Saat masuk rumah mengambil handphone di rumah korban, ketahuan,"" tutur dia. Situasi kemudian berubah mencekam. Ibu dan anak yang memergoki pelaku disebut sempat berusaha mempertahankan diri dan menggagalkan aksi pencurian tersebut. Namun, pelaku diduga panik setelah aksinya terbongkar. Dalam kondisi itu, pelaku mengambil sebilah parang yang berada di dalam rumah korban. Senjata tajam yang sebelumnya dijadikan pajangan itu kemudian digunakan untuk menyerang pemilik rumah. ""Kemudian pelaku mengambil parang yang jadi pajangan di rumah tersebut dan membacok pemilik rumah. Ya (kedua korban sempat melawan),"" katanya. Akibat serangan tersebut, kedua korban mengalami luka pada sejumlah bagian tubuh. Mereka kemudian dievakuasi ke Rumah Sakit Husada Cibinong untuk mendapatkan perawatan medis. ADVERTISEMENT GULIR UNTUK LANJUT BACA ""Luka jari, kepala, dan muka. (Dirawat) di RS Husada Cibinong,"" ujar dia. Saat ini aparat kepolisian masih melakukan penyelidikan dan memburu pelaku yang kabur usai melakukan aksi brutal tersebut. Polisi juga tengah mengumpulkan sejumlah petunjuk untuk mengungkap identitas pelaku.",PEMBACOKAN
"Tawuran pelajar SMP di Depok, seorang siswa mengalami luka bacok Jakarta (ANTARA) - Tawuran antarkelompok pelajar sekolah menengah pertama (SMP) pecah di kawasan Jalan Tiga Putera, Kelurahan Meruyung, Kecamatan Limo, Depok, Jawa Barat, dan mengakibatkan seorang siswa mengalami luka bacok di bagian kepala. ​Kapolsek Cinere Kompol Chairul Saleh dalam keterangannya di Jakarta, Rabu, membenarkan peristiwa tawuran tersebut yang terjadi pada Senin (8/6) malam sekitar pukul 19.30 WIB. ​""Petugas dari Polsek Cinere dan piket fungsi telah mendatangi dan melakukan cek tempat kejadian perkara (TKP),"" katanya. ​Korban diketahui berinisial FIM (13), seorang siswa kelas 7 SMP Citra Bangsa Krukut, warga Kelurahan Grogol, Kecamatan Limo, Kota Depok. Korban mengalami luka sobek di kepala bagian kiri sepanjang 12 sentimeter yang membutuhkan 9 jahitan, luka sobek di pelipis sepanjang 2 sentimeter dengan 3 jahitan, serta luka lecet di pergelangan tangan akibat terjatuh ke aspal. Chairul menerangkan kronologi kejadian bermula ketika korban FIM dijemput oleh rekannya, D, menggunakan sepeda motor pada Senin (8/6) malam sekitar pukul 19.00 WIB. ""Keduanya kemudian menjemput rekan lainnya, R, lalu bergerak menuju area Makam Kopo Limo,"" katanya. ​Di lokasi tersebut, keduanya bergabung dengan kelompok aliansi sekolah dari SMP Citra Bangsa dan SMP Utama. Kelompok ini kemudian merencanakan aksi tawuran melawan siswa dari SMP Gelora di kawasan pacuan kuda Limo. Saat menuju lokasi pacuan kuda, FIM bertindak sebagai pengendara motor (joki) yang membonceng D dan R. ""Namun, setibanya di lokasi, kelompok musuh ternyata memiliki kekuatan yang tidak seimbang. Melihat situasi tersebut, D yang sempat turun untuk memantau situasi segera kembali ke motor, dan mereka memutuskan untuk melarikan diri ke arah Jalan Tiga Putera, Meruyung,"" kata Chairul. ​Saat melintas di Jalan Tiga Putera, sepeda motor yang dikendarai ketiga remaja tersebut ditendang oleh kelompok lawan hingga terjatuh. R dan D berhasil menyelamatkan diri dengan cara berlari, sementara FIM menjadi sasaran pembacokan oleh kelompok musuh. ​Warga sekitar yang melihat kejadian tersebut langsung memberikan pertolongan kepada FIM dan menghubungi pihak keluarganya. Korban kemudian dilarikan ke Klinik As-Syifa Parung Bingung untuk mendapatkan tindakan medis dan diperbolehkan pulang oleh pihak keluarga untuk menjalani rawat jalan. ​Kompol Chairul Saleh menambahkan bahwa pihak kepolisian telah mengambil langkah-langkah cepat pascakejadian, di antaranya mendatangi TKP, memeriksa saksi-saksi di sekitar lokasi termasuk warga setempat, mencari rekaman kamera pengawas (CCTV), serta mengimbau keluarga korban untuk segera membuat Laporan Polisi (LP) resmi. ​""Terkait pembuatan Laporan Polisi, pihak keluarga korban yang diwakili oleh ayah kandungnya menyampaikan akan melakukan perundingan internal keluarga terlebih dahulu,"" ujar Kapolsek Cinere. Sebelumnya sebuah video di media sosial Instagram melalui akun @infodepoknews memperlihatkan seorang anak terkapar setelah diduga menjadi korban tawuran di Depok. Akun tersebut menuliskan seorang remaja terkena luka di kepala diduga akibat bacokan di kawasan Pacuan Kuda, Meruyung, Depok. Baca juga: Polisi ringkus tiga remaja pelaku tawuran maut di Kabupaten Bekasi Baca juga: Polisi ringkus dua remaja yang bawa celurit di Tambora Jakbar Pewarta: Ilham Kausar Editor: Mentari Dwi Gayati Copyright © ANTARA 2026 Dilarang keras mengambil konten, melakukan crawling atau pengindeksan otomatis untuk AI di situs web ini tanpa izin tertulis dari Kantor Berita ANTARA. Kirim Komentar menjadi tanggung-jawab Anda sesuai UU ITE.",PEMBACOKAN
"Kriminal kemarin, mahasiswi aniaya polisi hingga pencabulan santriwati Jakarta (ANTARA) - Sejumlah berita kriminal terjadi di Jakarta dan sekitarnya pada Senin (4/7), mulai dari kasus penganiayaan yang dilakukan seorang mahasiswi kepada anggota Kepolisian yang berakhir damai hingga kasus pencabulan yang menimpa santriwati. Berikut rangkuman berita kemarin selengkapnya yang masih menarik untuk dibaca kembali. 1. Terduga pelaku pembacokan di Cipayung ditangkap polisi Polsek Cipayung menangkap terduga pelaku pembacokan terhadap seorang pegawai Sekolah Menengah Atas Negeri Unggulan (SMANU) M.H Thamrin di Kecamatan Cipayung, Jakarta Timur, pada Jumat (1/7). Berita selengkapnya klik di sini 2. Kasus mahasiswi aniaya polisi di Jatinegara berakhir damai Kasus dugaan penganiayaan oleh seorang mahasiswi bernama Hana terhadap anggota Polres Metro Jakarta Timur Iptu Rano di Jatinegara, pada Kamis (30/6) berakhir damai. Berita selengkapnya klik di sini 3. Polda Metro tangkap kawanan begal bersenjata tajam di Tajurhalang Penyidik Direktorat Reserse Kriminal Umum (Ditreskrimum) Polda Metro Jaya menangkap kawanan begal bersenjata tajam di Tajurhalang, Kabupaten Bogor, yang beraksi pada Sabtu (28/5). Berita selengkapnya klik di sini 4. Kasus dugaan pencabulan santriwati di Depok naik ke penyidikan Polda Metro Jaya menaikkan kasus dugaan pencabulan terhadap belasan santriwati di Pondok Pesantren kawasan Beji, Depok ke tahap penyidikan. Berita selengkapnya klik di sini 5. Sopir taksi diduga lakukan asusila kepada anak-anak Polres Metro Jakarta Selatan menerima laporan seorang ibu berinisial N (34) terkait kasus dugaan perbuatan asusila dilakukan A yang berprofesi sebagai sopir taksi terhadap anak sang ibu, F (7). Berita selengkapnya klik di sini Pewarta: Dewa Ketut Sudiarta Wiguna Editor: Sri Muryono Copyright © ANTARA 2022 Dilarang keras mengambil konten, melakukan crawling atau pengindeksan otomatis untuk AI di situs web ini tanpa izin tertulis dari Kantor Berita ANTARA. Kirim Komentar menjadi tanggung-jawab Anda sesuai UU ITE.",PEMBACOKAN
"Kriminal kemarin, penyebar video artis hingga Millen Cyrus depresi Jakarta (ANTARA) - Beragam berita kriminalitas di ibu kota Jakarta terjadi pada Senin (1/3) dan telah diwartakan Antaranews.com. Mulai dari pelaku penyebar video syur artis GL diringkus hingga Millen Cyrus akui konsumsi benzodiazepine karena depresi. Berikut adalah rangkumannya. Millen Cyrus mengaku konsumsi benzodiazepine akibat depresi Selebgram Millen Cyrus mengaku mengonsumsi psikotropika golongan empat benzodiazepine yang diresepkan oleh BNN untuk mengatasi kecemasan dan depresi. Polresto Jakbar ringkus penyebar video dewasa mirip artis GL Anggota Polres Metro Jakarta Barat meringkus dua orang berinisial NK dan MSA yang diduga menyebarkan video dewasa mirip artis berinisial GL. Pelaku pembacokan Duren Sawit ditangkap polisi Kepolisian Sektor Duren Sawit, Jakarta Timur, menangkap satu orang diduga pelaku pembacokan yang menewaskan satu orang dan melukai satu orang warga lainnya di wilayah tersebut pada Minggu (28/2) malam. Polda Metro Jaya tangkap tangkap tiga maling motor kambuhan di Lampung Subdit Resmob Ditreskrimum Polda Metro Jaya menangkap tiga orang maling motor kambuhan yang melarikan diri ke Lampung setelah menggasak 10 unit kendaraan roda dua di wilayah Jakarta Timur dan Depok. Polda Metro Jaya ringkus dua pelaku penipuan dengan modus SMS Penyidik Polda Metro Jaya meringkus dua pelaku penipuan yang melancarkan aksinya dengan modus menyebar pesan singkat (SMS) secara acak. Pewarta: Yogi Rachman Editor: Sri Muryono Copyright © ANTARA 2021 Dilarang keras mengambil konten, melakukan crawling atau pengindeksan otomatis untuk AI di situs web ini tanpa izin tertulis dari Kantor Berita ANTARA. Kirim Komentar menjadi tanggung-jawab Anda sesuai UU ITE.",PEMBACOKAN
"Kejagung terus koordinasi Polri soal pembacokan pegawai Kejaksaan Jakarta (ANTARA) - Kejaksaan Agung (Kejagung) terus berkoordinasi dengan Polri dalam hal penanganan kasus pembacokan terhadap seorang pegawai Pusat Data Statistik Kriminal dan Teknologi Informasi (Pusdakrimti) Kejagung berinisial DSK di Depok, Jawa Barat. “Utamanya, kami sudah lapor ke polisi,” kata Jaksa Agung (St.) Burhanuddin di Gedung Kejaksaan Agung, Jakarta, Kamis. Burhanuddin mengatakan bahwa pihaknya sudah meminta data-data terkait kasus pembacokan ini. “Kalau ada data-data, kami pun akan mencarinya. Kita saling membantu,” katanya. Pemimpin Korps Adhyaksa itu berharap agar pelaku dapat segera tertangkap agar bisa diketahui motif di balik perbuatan tersebut. Lebih lanjut, Jaksa Agung mengatakan akan menggandeng Polri jika muncul kembali kasus penyerangan terhadap jaksa. ""Kalau iya ada (serangan), kami akan minta pelindungan ke Polri. Karena kan di dalam Perpres 66/2025 itu, 'kan, ada dua, Polri dan TNI. Kalau secara pribadi, 'kan, lebih dekat ke Polri,"" katanya. Diketahui, DSK menjadi korban pembacokan orang tidak dikenal ketika hendak pulang ke rumahnya di Kota Depok, Jawa Barat. Kepala Pusat Penerangan Hukum (Kapuspenkum) Kejaksaan Agung Harli Siregar mengungkapkan bahwa kronologi kejadian pembacokan ini berawal ketika pada hari Jumat (23/5) sekitar pukul 21.00 WIB, DSK sempat berteduh di sebuah warung kopi karena hujan lebat. Usai hujan reda, DSK melanjutkan kembali perjalanan. Akan tetapi, pada hari Sabtu (24/5) sekitar pukul 02.30 WIB, DSK mendapatkan serangan dari penumpang sepeda motor arah berlawanan. Serangan itu terjadi di Jalan Pengasinan, Sawangan, Depok, dan lebih kurang berjarak 1 kilometer dari rumah DSK. ""Tiba-tiba dari arah depan terdapat dua orang yang berboncengan langsung mendekati DSK sambil berteriak 'sikat', sambil mengayunkan senjata tajam ke arah pergelangan tangan DSK,"" ucap Kapuspenkum. Setelah mengayunkan senjata tajam, pelaku langsung melaju sambil meneriakkan ""mampus lu"", kemudian meninggalkan DSK. Ketika DSK dibawa ke rumah sakit, yang bersangkutan melihat dua orang yang mengawasi pergerakan mobil yang mengantar DSK ke rumah sakit. Namun, tidak diketahui maksud dan tujuan pergerakan dua orang tersebut. Akibat kejadian ini, DSK menderita luka berat di pergelangan tangan kanan. Kasus ini telah mendapatkan atensi dari Polsek Bojongsari Polres Depok dan Polda Metro Jaya. Baca juga: Kejagung tangkap buronan yang diduga terkait pembacokan jaksa Baca juga: TII: Kerja sama TNI/Polri jaga kejaksaan pascapembacokan jaksa terjadi Baca juga: KPK optimalkan unit reaksi cepat untuk respons kasus APH dibacok Pewarta: Nadia Putri Rahmani Editor: Budi Suyanto Copyright © ANTARA 2025 Dilarang keras mengambil konten, melakukan crawling atau pengindeksan otomatis untuk AI di situs web ini tanpa izin tertulis dari Kantor Berita ANTARA. Kirim Komentar menjadi tanggung-jawab Anda sesuai UU ITE.",PEMBACOKAN
"Kasus pegawai Kejaksaan yang dianiaya, Polisi telah periksa 7 saksi Jakarta (ANTARA) - Kepolisian telah memeriksa tujuh saksi dalam kasus penganiayaan yang dialami seorang pegawai Pusat Data Statistik Kriminal dan Teknologi Informasi (Pusdakrimti) Kejaksaan RI berinisial DSK pada Jumat (23/5). ""Saksi yang menyaksikan langsung sementara belum ada tapi yang telah diambil keterangan itu ada sekitar 6 atau 7 orang,"" kata Kepala Satuan Reserse Kriminal (Kasat Reskrim) Polres Metro Depok, AKBP Bambang Prakoso dalam keterangannya di Jakarta, Selasa. Bambang menjelaskan, pihaknya juga telah memeriksa sejumlah kamera pengawas (CCTV) di sekitar lokasi namun nihil. ""Tidak ada (CCTV), sudah disisir di lokasi kejadian dari tempat cuci mobil sama minimarket juga enggak mengarah ke sana (lokasi pembacokan). Arah kameranya enggak ke lokasi,"" katanya. Baca juga: Kejagung benarkan ada pegawai kejaksaan dibacok di Depok Saat dikonfirmasi mengenai apakah korban mempunyai masalah dengan seseorang, Bambang menjelaskan tidak ada. ""Tidak ada, benda milik korban juga tidak ada yang hilang,"" katanya. Bambang juga menyebutkan masih melakukan penyelidikan terkait kasus ini dan masih mengumpulkan barang bukti untuk mengidentifikasi pelaku. Kepala Pusat Penerangan Hukum (Kapuspenkum) Kejaksaan Agung (Kejagung) Harli Siregar membenarkan adanya pegawai Kejaksaan dibacok di Kota Depok, Jawa Barat. ""Staf di Pusat Data Statistik Kriminal dan Teknologi Informasi (Pusdakrimti) berinisial DSK,"" kata Harli Siregar di Jakarta, Selasa. Baca juga: Kejagung berharap pelaku pembacokan pegawai kejaksaan serahkan diri Kapuspenkum mengungkapkan kronologi kejadian pembacokan ini berawal ketika pada hari Jumat (23/5) sekitar pukul 21.00 WIB, DSK sempat meneduh di sebuah warung kopi karena hujan lebat. Usai hujan reda, DSK melanjutkan kembali perjalanan. Akan tetapi, pada hari Sabtu (24/5) sekitar pukul 02.30 WIB, DSK mendapatkan serangan dari motor arah berlawanan. Serangan itu terjadi di Jalan Pengasinan, Sawangan, Depok, dan kurang lebih berjarak satu kilometer dari rumah DSK. ""Tiba-tiba dari arah depan terdapat dua orang yang berboncengan langsung mendekati DSK sambil berteriak 'sikat' sambil mengayunkan senjata tajam ke arah pergelangan tangan DSK,"" kata Kapuspenkum. Pewarta: Ilham Kausar Editor: Sri Muryono Copyright © ANTARA 2025 Dilarang keras mengambil konten, melakukan crawling atau pengindeksan otomatis untuk AI di situs web ini tanpa izin tertulis dari Kantor Berita ANTARA. Kirim Komentar menjadi tanggung-jawab Anda sesuai UU ITE.",PEMBACOKAN
"Polda Metro tangkap perampok bermodus pura-pura bertamu Jakarta (ANTARA) - Penyidik Polda Metro Jaya menangkap seorang pria RR karena diduga melakukan perampokan bermodus pura-pura bertamu kepada dua orang perempuan yang dia kenal di Depok, Jawa Barat. ""Modusnya adalah tersangka ini berpura-pura bertamu, kemudian izin untuk buang air kecil. Pada saat diberi izin tersangka melakukan penganiayaan terhadap korban dan mengambil barang milik korban selanjutnya melarikan diri,"" kata Kabid Humas Polda Metro Jaya Kombes Pol Yusri Yunus di Jakarta, Kamis. Kejadian perampokan tersebut terjadi pada 18 Oktober 2021 lalu. Adapun korban adalah dua orang perempuan kakak beradik yang berinisial T dan M. Yusri mengatakan tersangka RR menggunakan modus bertamu sebelum melancarkan aksinya karena dengan pelaku dengan korban saling mengenal. ""Pelaku kenal dengan keluarga korban, memang kenal. Ketika bertamu ke sana memang niatnya mencuri barang korban saat itu,"" tambahnya. Saat bertemu tersebut tersangka RR berpura-pura minta izin ke toilet, namun kesepakatan itu digunakan untuk menggasak barang berharga milik korban T dan M. Untuk memuluskan aksinya tersangka RR juga melakukan penganiayaan terhadap T dan M hingga keduanya menderita memar di beberapa bagian tubuh dan wajah. Tersangka RR kemudian melarikan diri dengan membawa sejumlah barang berharga dan juga ponsel milik T dan M. Kejadian tersebut kemudian langsung dilaporkan ke Polda Metro Jaya dan setelah dilakukan penyelidikan polisi berhasil menangkap tersangka RR. Meski demikian Yusri tidak menjelaskan kapan dan dimana tersangka RR ditangkap. Meski demikian Yusri mengatakan saat ini tersangka RR sudah ditahan dan dijerat dengan Pasal 365 KUHP tentang perampokan atau pasal 751 dengan ancaman hukuman penjara paling lama 12 tahun. Baca juga: Polisi ungkap perampokan lansia di Pantai Indah Kapuk Jakarta Baca juga: Dua orang penadah kasus perampokan Cipulir ditangkap polisi Pewarta: Fianda Sjofjan Rassat Editor: Edy Sujatmiko Copyright © ANTARA 2021 Dilarang keras mengambil konten, melakukan crawling atau pengindeksan otomatis untuk AI di situs web ini tanpa izin tertulis dari Kantor Berita ANTARA. Kirim Komentar menjadi tanggung-jawab Anda sesuai UU ITE.",PENCURIAN
"Polisi memburu empat perampok modus pecah kaca di Depok Jabar Jakarta (ANTARA) - Penyidik kepolisian kini tengah memburu empat pelaku perampokan dengan modus pecah kaca yang berupaya merampok seorang pengusaha wanita berinisial IR (49), di Jalan Raya Muchtar, Bojongsari, Kota Depok, Jawa Barat, Selasa pagi. ""Pelaku masih dilakukan pengejaran,"" kata Kabid Humas Polda Metro Jaya Kombes Yusri Yunus dalam keterangan tertulis, Selasa. Yusri menjelaskan peristiwa perampokan yang viral di media sosial itu, berawal ketika korban baru mengambil uang sejumlah Rp80 juta di salah satu bank di Bojongsari. ""Pada hari Selasa sekitar pukul 10.10 WIB, korban mengambil uang di teller bank di Bojong Sari Depok sejumlah Rp80 juta. Kemudian di Jalan Raya Muhtar RT02/04, Bojong Sari, Kota Depok, di seberang McDonald Bojong Sari, sekitar pukul 10.30 WIB, mobil korban dipepet oleh empat orang laki-laki tidak dikenal,"" kata Yusri. Baca juga: Polisi Jambi tangkap perampok pecah kaca mobil di rumah ibadah Empat pelaku tidak dikenal tersebut beraksi di tengah keramaian, dengan menggunakan masker dan helm serta mengendarai dua sepeda motor. Kemudian pelaku memecahkan kaca belakang kanan mobil korban, selanjutnya menodongkan senjata tajam jenis badik, kemudian merampas tas korban yang berisi uang sejumlah Rp80 juta. Meski pelaku mengacungkan senjata tajam dan berhasil membawa uang korban, sopir korban tetap nekat dan mengejar pelaku. Warga setempat yang melihat kejadian itu, akhirnya ikut mengejar dan mengeroyok pelaku. Akibat perlawanan sopir korban dan warga, pelaku terjatuh sehingga uang korban di dalam tas berserakan di jalan. Pelaku akhirnya kabur tanpa membawa uang korban. ""Setelah dihitung di Polsek jumlah uang korban tersisa Rp77.200.000 dan yang hilang sebanyak Rp 2.800.000,"" kata Yusri pula. Baca juga: Polres Karawang ringkus komplotan pencuri modus pecah kaca mobil Pewarta: Fianda Sjofjan Rassat Editor: Budisantoso Budiman Copyright © ANTARA 2020 Dilarang keras mengambil konten, melakukan crawling atau pengindeksan otomatis untuk AI di situs web ini tanpa izin tertulis dari Kantor Berita ANTARA. Kirim Komentar menjadi tanggung-jawab Anda sesuai UU ITE.",PENCURIAN
"Polisi kejar perampok tewaskan pemilik warung di Depok Jakarta (ANTARA) - Polsek Cimanggis Polres Metro Depok memburu pelaku perampokan yang menewaskan seorang pemilik warung berinisial F (33) di Cimanggis, Depok, Jawa Barat. Kepala Bidang Humas Polda Metro Jaya Komisaris Besar Polisi Yusri Yunus menjelaskan, perampokan yang menewaskan korbannya itu terjadi pada Rabu pagi sekitar pukul 04.00 WIB. Korban diketahui sebagai pemilik warung yang buka 24 jam di Jl. Putri tunggal, Kelurahan Harjamukti, Kecamatan Cimanggis, Depok. Pelaku diduga melukai korban dengan senjata tajam. ""Sekitar pukul 04.00 WIB saksi mendengar korban berteriak lalu saksi keluar dan melihat korban sudah terluka pada bagian tangan dan dada selanjutnya korban dibawa ke RS Melia,"" kata Yusri saat dalam keterangan tertulis, Rabu. Baca juga: Polisi tembak kaki perampok Toko Emas Cantik di Taman Sari Meski langsung dilarikan ke rumah sakit, nyawa korban tidak tertolong dan akhirnya meninggal dunia. Unit Reserse Kriminal Polsek Cimanggis yang menerima laporan dugaan pencurian dengan kekerasan yang menewaskan korbannya itu langsung mendatangi lokasi kejadian untuk melakukan olah TKP. Selain menggelar olah TKP, petugas juga mengumpulkan rekaman dari sejumlah CCTV yang ada d isekitar TKP untuk mencari para pelakunya dan menyeretnya ke meja hijau. Baca juga: Polisi tembak kaki tiga perampok di Palmerah Pewarta: Fianda Sjofjan Rassat Editor: Sri Muryono Copyright © ANTARA 2020 Dilarang keras mengambil konten, melakukan crawling atau pengindeksan otomatis untuk AI di situs web ini tanpa izin tertulis dari Kantor Berita ANTARA. Kirim Komentar menjadi tanggung-jawab Anda sesuai UU ITE.",PENCURIAN
"Polisi Sukabumi tangkap dua perampok sopir online Sukabumi (ANTARA News) - Polsek Sagaranten dan Polres Sukabumi, Jawa Barat berhasil meringkus dua pelaku perampokan sopir angkutan berbasis daring atau online di wilayah Kecamatan Sagaranten, Kabupaten Sukabumi. ""Kami mendapatkan informasi perampokan sopir angkutan online pada Minggu, (10/6) pada pukul 04.30 WIB yang pelakunya melarikan diri ke arah Kecamatan Sagaranten dan langsung melakukan pengejaran. Berkat kerjasama seluruh pihak, dua pelaku perampokan berhasil ditangkap."" kata Kasubag Humas Polres Sukabumi AKP Sunarto di Sukabumi, Minggu. Informasi yang dihimpun, kedua pelaku tersebut berinisial HAA (36) warga Kampung Pasirgadung, Desa Cibeber 4, Kecamatan Leuwiliang, Kabupaten Bogor dan HA (32) warga Kampung Cemeng Ngepla, Kelurahan Cemengkalang, Kecamatan Sidoarjo, Kabupaten Sidoarjo. Kasus pencurian yang disertai kekerasan tersebut berawal dari warga bahwa telah terjadi pencurian dengan kekerasan di Jalan Datarmahoni, Desa Padasenang, Kecamatan Cidadap. Tidak lama petugas dari Polsek Sagaranten tiba ke lokasi dan atas dasar tersebut polisi langsung melakukan pengejaran. Polisi yang dibantu warga pun berhasil menemukan mobil Toyota Avanza bernomor polisi B 1303 ZFW di Jalan Erpah, Kampung Cibungur, Desa Padasenang, Kecamatan Cidadap. Mobil tersebut diketahui milik korban yang diketahui bernama Zaenal Arifin (24) sopir online warga Kampung Grogol Sebrang, Kelurahan Limo, Kota Depok. Tidak hanya itu polisi langsung memburu para tersangka. Setelah dilakukan penyelidikan dan meminta keterangan korban, polisi mendapat informasi ada tiga orang laki-laki tak dikenal menanyakan arah jalan ke Sagaranten dan melakukan pencarian hingga ke daerah perkebunan karet PT Talaga Kantjana. ""Kami berhasil menangkap dua tersangka, dan saat ini masih dimintai keterangan perihal keterlibatan mereka pada kasus perampokan sopir taksi online tersebut."" tambahnya. Sunarto mengatakan hingga saat ini polisi masih mengejar seorang tersangka yang sudah diketahui identitasnya dan diharapkan dalam waktu dekat bisa segera ditangkap. Pewarta: Aditia Aulia Rohman Editor: Ruslan Burhani Copyright © ANTARA 2018 Dilarang keras mengambil konten, melakukan crawling atau pengindeksan otomatis untuk AI di situs web ini tanpa izin tertulis dari Kantor Berita ANTARA. Kirim Komentar menjadi tanggung-jawab Anda sesuai UU ITE.",PENCURIAN
"Tiga orang jadi buron polisi dalam kasus begal di Warteg Mamoka Jakarta (ANTARA) - Polsek Pesanggrahan Polres Metro Jakarta Selatan mengeluarkan surat penetapan daftar pencarian orang (DPO) atau buron kepada tiga pelaku begal di Warteg Mamoka Bahari. ""Kemarin telah kita tetapkan tiga DPO untuk kasus begal warteg,"" kata Kapolsek Pesanggrahan Kompol Sukadi di Jakarta, Jumat. Ketiga DPO begal Warteg Mamoka Bahari. yakni Heru Wahono (22) beralamat Jalan Jambu Nomor 7 RT 8/RW 15 Kecamatan Beji, Depok, Jawa Barat. Selanjutnya, Syadam Baskoro (22) beralamat Jalan H Sinda II Nomor 61 RT 10 RW 4, Kecamatan Beji, Depok, Jawa Barat. Ketiga, Ahmad Firdaus (22) beralamat Jalan Srengseng Sawah RT 5/ RW 3, Kelurahan Srengseng Sawah, Jagakarsa, Jakarta Selatan. Baca juga: Polisi buru tiga begal di Warteg Mamoka Bahari Jaksel Salah satu pelaku begal di Warteg Mamoka Bahari ditetapkan sebagai DPO atau buron. (ANTARA/HO-Humas Polres Metro Jakarta Selatan) Dua dari tiga DPO begal warteg ini, yakni Heru dan Syadam merupakan residivis yang pernah ditangkap oleh Tim Krimum Polres Metro Jakarta Selatan pada bulan Februari 2019. Foto penangkapan Heru dan Syadam pada tahun 2019 itu tersiar ke media sosial hingga viral karena telah ditangkap usai melakukan pencurian dengan kekerasan di Warteg Mamoka Bahari. Sebelumnya, Kapolres Metro Jakarta Selatan Kombes Pol Bastoni Purnama mengatakan dua pelaku begal yang terekam kamera CCTV tersebut pernah ditangkap oleh jajarannya karena kasus kriminal lainnya. ""Itu foto yang lama. Jadi pelaku begal ini sudah pernah ditangkap sama Polres Jakarta Selatan,"" kata Bastoni. Setelah identitas pelaku diketahui, polisi mendatangi rumah para pelaku begal tersebut namun tidak ditemukan. Baca juga: Kapolrestro Jaksel jelaskan foto viral pelaku begal warteg ditangkap Salah satu pelaku begal Warteg Mamoka Bahari ditetapkan sebagai DPO atau buron. (ANTARA/HO-Humas Polres Metro Jakarta Selatan) Polisi masih memburu ketiga begal warteg yang masih dalam pelarian, lalu menerbitkan surat DPO agar ketiganya segera menyerahkan diri atau akan ditangkap dengan tindakan tegas. Pembegalan terjadi Selasa (21/1) sekitar pukul 01.30 WIB di Warteg Mamoka Bahari, Jalan Ciledug Raya, RT 1/RW 1, Petukangan Utara, Kecamatan Pesanggrahan, Jakarta Selatan. Pembegalan tersebut terekam kamera CCTV di Warteg Mamoka Bahari. Saat itu satu orang pembeli jadi sasaran tiga pelaku begal. Dalam rekaman CCTV itu, korban terlihat sedang makan di warteg. Pelaku sebanyak tiga orang datang dan langsung melakukan perampokan. Salah satu pelaku mengacungkan celurit ke korban yang ketakutan lantas memberi ponsel miliknya kepada pelaku. Para pelaku kemudian melarikan diri menggunakan sepeda motor dengan membawa kabur sebuah ponsel dan uang senilai Rp950 ribu milik korban. Baca juga: Polisi segera tangkap begal warteg di Jaksel Pewarta: Laily Rahmawaty Editor: Sri Muryono Copyright © ANTARA 2020 Dilarang keras mengambil konten, melakukan crawling atau pengindeksan otomatis untuk AI di situs web ini tanpa izin tertulis dari Kantor Berita ANTARA. Kirim Komentar menjadi tanggung-jawab Anda sesuai UU ITE.",BEGAL
"Lagi Perampokan Sadis Terjadi di Depok, Bacok dan Tembak Korban VIVA – Komplotan perampok kembali beraksi di Depok, Jawa Barat, dan samakin ganas. Kali ini, pelakunya mencoba menyasar Perumahan Rini Jaya, Cipayung, Depok, Jumat dini hari, 8 Mei 2020. Dalam aksi perampokan ini, seorang petugas keamanan kompleks dan warga mengalami luka parah karena dibacok dan terkena tembakan. Data yang berhasil dihimpun menyebutkan, peristiwa itu terjadi jelang sahur, sekira pukul 03:00 WIB. Para pelaku diperkirakan berjumlah lima orang, datang menggunakan dua motor saling berboncengan. ADVERTISEMENT GULIR UNTUK LANJUT BACA Ketua perumahan tersebut, Rully mengungkapkan, para pelaku diduga mencoba melakukan perampokan dengan lebih dulu melumpuhkan seorang petugas security yang sedang berjaga di pos satpam. “Pelaku sekitar lima orang, dua jaga motor tiga orang lagi yang eksekusi masuk pos security . Jadi security ini mau dilumpuhkan, karena mereka mau buka gerbang,” katanya. Menurut keterangan saksi, para pelaku melengkapi diri dengan senjata tajam dan pistol. Akibat ulah para pelaku, security yang diketahui bernama Alih itu mengalami luka sabetan senjata tajam di kepala dan terpaksa harus menerima 15 jahitan. “Kebetulan saat kejadian dia (korban) lagi jaga sendirian. Sekarang kondisinya sudah membaik setelah kita bawa ke rumah sakit,” ujarnya. Selain petugas satpam, pelaku juga melukai seorang warga sekitar dengan menggunakan pistol yang diduga jenis airsoft gun . “Iya ada yang kena tembak, tapi katanya pelurunya soft gun . Kena di dada, alhamdulillah selamat. Yang kena tembak itu warga luar kompleks,” kata Rully Korban terkena tembakan pelaku lantaran berusaha menolong Alih yang kala itu sedang dikeroyok. “Dia coba bantu security pakai bambu tapi kena tembak.” ADVERTISEMENT GULIR UNTUK LANJUT BACA Melihat kedua korbannya tersungkur, para korban kemudian melarikan diri. Peristiwa ini telah membuat warga sekitar dan korban trauma. Mereka berharap polisi bisa segera meringkus para pelaku yang telah membuat resah tersebut. Terkait peristwa perampok ini, Kapolres Depok, Kombes Pol Azis Andriansyah, mengaku belum mengetahui informasi jelas mengenai aksi perampokan ini. Dia belum menerima laporan terkait aksi perampokan sadis ini dari Kapolsek Pancoran Mas, Kompol Tri Harjadi. “Nanti saya cek ke kapolsek ya,” katanya singkat.",PEMBACOKAN
"Tips hindari pencurian dengan modus pecah kaca mobil Jakarta (ANTARA) - Polda Metro Jaya memberikan tips untuk mengantisipasi pencurian dengan modus memecahkan kaca untuk mengincar barang berharga di dalam mobil. ""Di manapun kendaraan diparkir, Anda harus tetap selalu waspada,"" kata Kepala Bidang Humas Polda Metro Jaya, Komisaris Besar Polisi Yusri Yunus dalam keterangan tertulis, Rabu. Polda Metro Jaya punya lima tips yang bisa dilakukan agar terhindar dari pencurian modus pecah kaca mobil. 1. Parkir di tempat aman Saat parkir di tempat umum, sebaiknya mobil diparkirkan di tempat yang cukup ramai dan mudah dipantau oleh pemilik mobil. Memang sebaiknya hindari parkir di tempat yang jauh dari keramaian atau sepi. Khusus di malam hari, hindari parkir di tempat gelap. 2. Jangan menutup kaca secara penuh saat parkir Hal ini dilakukan untuk mengantisipasi tindak kejahatan pencurian yang tidak diinginkan. Misalnya, parkir di siang hari, kaca mobil harus dibuka paling tidak 1 cm sebagai jalur sirkulasi udara. Dengan begitu, pelaku pencurian pecah kaca mobil diyakini akan kesulitan memecahkan kaca dengan pecahan busi. 3. Pasang alarm mobil Sangat penting untuk pasang alat pengaman seperti sensor tambahan, alarm ganda atau ""electrical cut-off"". Hal ini perlu dilakukan untuk mobil yang belum disematkan fitur Immobilizer dalam mencegah mobil dibawa kabur juga oleh para pelaku kejahatan. 4. Pakai kaca film Cara lain mencegah pencurian modus pecah kaca mobil adalah memasang kaca film. Seperti diketahui, 60 persen bagian dari mobil merupakan kaca mobil. Untuk itu, disarankan bagi para pemilik mobil untuk memilih kaca film yang sulit terlihat dari luar, namun tidak mengganggu visibilitas. 5. Simpan barang di tempat aman Untuk menjamin keamanan barang di dalam mobil, Anda bisa menyimpan barang berharga di tempat tertutup dalam mobil. Manfaatkan kompartemen tertutup seperti ""glove box"", laci, atau bagasi serta juga bisa manfaatkan ""tray"" penutup di bagasi bagi pemilik mobil SUV (Sport Utility Vehicle) atau hatchback. Baca juga: Polisi periksa sejumlah CCTV untuk lacak perampokan di Depok Jika tidak tersedia tempat atau kompartemen tertutup yang memadai, barang berharga bisa disimpan di kolong jok mobil atau ditutupi dengan benda gelap agar dari luar mobil terlihat samar. Seperti diketahui ada dua kasus pencurian dengan modus memecahkan kaca mobil yang menyita perhatian publik dalam dua hari terakhir. Yang pertama ada peristiwa pencurian yang dialami oleh dokter muda dan ""influencer"" dr Tirta Mandira Hudhi atau akrab disapa dr Tirta pada Senin malam (4/5). Pencurian dengan memecahkan kaca mobil tersebut terjadi di Jalan Artowijoyo, Kencana Loka, Blok B Nomor 29 BSD City, Serpong Tangerang Selatan. Kejadian ini dibagikan Tirta dalam akun Instagram resminya @dr.tirta. Tirta telah melaporkan kejadian tersebut ke Polda Metro Jaya dengan nomor laporan LP/2647/V/YAN.2.5./2020/SPKT/PMJ, Tanggal: 04 Mei 2020. Baca juga: Polisi memburu empat perampok modus pecah kaca di Depok Jabar Tangkap layar rekaman kamera CCTV perampokan dengan modus pecah kaca yang berupaya merampok seorang pengusaha wanita berinisial IR (49) di Jalan Raya Muchtar, Bojongsari, Kota Depok, pada Selasa pagi. ANTARA/Polda Metro Jaya Sedangkan kasus kedua adalah perampokan terhadap seorang pengusaha wanita berinisial IR (49) di Jalan Raya Muchtar, Bojongsari, Kota Depok, Jawa Barat, Selasa (5/5) pagi. Peristiwa perampokan yang viral di media sosial itu, berawal ketika korban baru mengambil uang sejumlah Rp80 juta di salah satu bank di Bojongsari pada Selasa pagi sekitar pukul 10.10 WIB. Kemudian di Jalan Raya Muhtar RT02/04, Bojong Sari, Kota Depok, di seberang McDonald Bojong Sari sekitar pukul 10.30 WIB, mobil korban dipepet oleh empat laki-laki tidak dikenal yang kemudian memecahkan kaca belakang kanan mobil korban. Selanjutnya pelaku menodongkan senjata tajam jenis badik dan merampas tas korban yang berisi uang sejumlah Rp80 juta. Meski pelaku mengacungkan senjata tajam dan berhasil membawa uang korban, sopir korban tetap nekat dan mengejar pelaku. Warga setempat yang melihat kejadian itu, akhirnya ikut mengejar dan mengeroyok pelaku. Akibat perlawanan sopir korban dan warga, pelaku terjatuh sehingga uang korban di dalam tas berserakan di jalan. Pelaku akhirnya kabur tanpa membawa uang korban. Pewarta: Fianda Sjofjan Rassat Editor: Sri Muryono Copyright © ANTARA 2020 Dilarang keras mengambil konten, melakukan crawling atau pengindeksan otomatis untuk AI di situs web ini tanpa izin tertulis dari Kantor Berita ANTARA. Kirim Komentar menjadi tanggung-jawab Anda sesuai UU ITE.",PENCURIAN
"Polda Metro tangkap empat pelaku pencurian dengan modus gembos ban Jakarta (ANTARA) - Subdit III Resmob Direktorat Reserse Kriminal Umum (Ditreskrimum) Polda Metro Jaya menangkap empat pelaku pencurian dengan modus gembos ban di Depok, pada Rabu (6/7). Kasubbid Penmas Polda Metro Jaya Kompol Hari Agung Julianto mengatakan tersangka masing-masing berinisial EPS (40), FKS (31), SD (42), dan ARA (39). ""Tersangka ditangkap pada 29 Juli 2022 di hotel Reddoors, Taman Galaxy, Kelurahan Jakasetia, Bekasi Selatan,"" kata Hari Agung Julianto di Jakarta, Kamis. Para tersangka ini berhasil menggasak uang senilai Rp50 juta dari korban berinisial SS (47). Agung menambahkan masing-masing tersangka memiliki peran yang berbeda saat melancarkan aksinya tersebut. Di antaranya EPS yang bertugas mencari target yang sedang melakukan transaksi di bank. ""Jadi dia memantau nasabah ke bank yang menarik uang tunai,"" ujar Agung. Lalu tersangka SD yang berperan menyiapkan paku yang ditancapkan di sendal kemudian diletakkan dekat ban mobil korban. Selanjutnya tersangka FKS yang berperan sebagai eksekutor mengambil tas berisi uang tunai milik korban. Tersangka ARA berperan mengawasi keadaan sekitar. ""Sehingga ketika mobil korban berjalan ban tertancap paku dan kemudian kempes,"" tutur Agung. Agung mengatakan para pelaku mengikuti mobil korban usai melakukan transaksi di bank. Ketika korban turun untuk mengecek kondisi ban mobil, pelaku langsung mengambil tas berisi uang tunai. ""Ketika pengemudi mengganti ban dan lengah pelaku membuka pintu dan mengambil uang milik korban kemudian melarikan diri,"" kata Agung. Lebih lanjut, Agung mengatakan pihaknya masih memburu satu tersangka lain berinisial S yang masih berstatus DPO. ""Tersangka dikenakan pasal 363 KUHP dengan pidana penjara paling lama tujuh tahun,"" ujar Agung. Baca juga: Polisi bekuk pencuri modus tunjuk ban kempes Baca juga: Polisi Jakarta Bersihkan Ranjau Paku Baca juga: Satpol PP Jakpus adakan operasi jaring paku Pewarta: Yogi Rachman Editor: Ganet Dirgantara Copyright © ANTARA 2022 Dilarang keras mengambil konten, melakukan crawling atau pengindeksan otomatis untuk AI di situs web ini tanpa izin tertulis dari Kantor Berita ANTARA. Kirim Komentar menjadi tanggung-jawab Anda sesuai UU ITE.",PENCURIAN
"Polda laksanakan operasi pekat ciptakan kondusivitas selama Ramadhan Jakarta (ANTARA) - Polda Metro Jaya melaksanakan Operasi Pekat Jaya 2019 selama 15 hari terhitung Selasa ini tanggal 7 Mei 2019 hingga 21 Mei 2019 demi menciptakan kondusivitas di Jakarta selama bulan suci Ramadhan. ""Dalam rangka cipta kondusif di bulan Ramadhan dan menjelang Lebaran Idul Fitri 2019, melalui surat telegram Kapolda Metro Jaya Nomor: STR/752/V/OPS.1.3./2019 tanggal 6 Mei 2019, Polda Metro Jaya beserta jajaran melaksanakan operasi kepolisian dengan sandi Pekat Jaya 2019 selama 15 hari, terhitung mulai tanggal 7 Mei 2019,"" kata Kabid Humas Polda Metro Jaya, Kombes Pol Argo Yuwono, di Mapolda Metro Jaya, Jakarta, Selasa. Sasaran operasi ini sendiri, kata Argo, adalah segala bentuk tindakan pelanggaran hukum berupa premanisme seperti begal, jambret, copet, pemalakan, perampasan, pencurian dengan pemberatan (curat), pencurian dengan kekerasan (curas), pencurian kendaraan bermotor (curanmor) dan kejahatan lainnya yang meresahkan masyarakat. Dari sisi kekuatan, Operasi Pekat Jaya 2019 Polda Metro Jaya menurunkan secara total sebanyak 478 personel kekuatan. ""Terdiri dari jumlah Satgasda sebanyak 199 personel dan Satgasres sebanyak 279 personel, totalnya adalah 478 personel,"" ucap Argo. Adapun kekuatan dalam Operasi Pekat Jaya 2019 ini, Argo merinci sebagai berikut: A. SATGASDA 1. Unsur Pimpinan: lima personel 2. Unsur Staf dan Posko: 31 personel 3. Unsur Pelaksana: 163 personel B. Polres jajaran Polda Metro Jaya 1. Restro Jakpus: 25 personel 2. Restro Jakut: 25 personel 3. Restro Jakbar: 25 personel 4. Restro Jaksel: 25 personel 5. Restro Jaktim: 25 personel 6. Restro Tangerang Kota: 20 personel 7. Res Tangerang Selatan: 20 personel 8. Restro Bekasi Kota: 20 personel 9. Restro Bekasi: 20 personel 10. Resta Depok: 20 personel 11. Resta Bandara Soetta: 18 personel 12. Resta Pel. TJ Priok: 18 personel 13. Res Kepulauan Seribu: 18 personel Adapun sasaran Operasi Pekat Jaya 2019 ini lanjut Argo, terbagi menjadi tiga yakni manusia, barang dan kegiatan. Untuk manusia operasi menyasar pelaku kejahatan; pelaku Curat, Curas, dan Curanmor; pelaku premanisme; mantan narapidana; pelaku debt colector; pelaku perjudian dan bandar judi; produsen, pengedar dan lemakai Miras; pengedar petasan. ""Serta pelaku tindak kejahatan lain yang meresahkan masyarakat,"" ucap dia. Untuk barang, operasi ini mengincar: 1. Barang dan benda/kendaraan yang seluruhnya diduga diperoleh dari hasil tindak kejahatan. 2. Benda yg digunakan secara langsung maupun tidak langsung untuk melakukan tindakan kejahatan. 3. Seluruh benda yg dikategorikan sebagai alat untuk melakukan tindak kejahatan termasuk benda yg menjadi pendorong / perangsang tindak kejahatan. 4. Barang bukti hasil tindak kejahatan. 5. Benda yang digunakan untuk menghalangi penyidikan tindak pidana. 6. Benda uang khusus dibuat untuk melakukan tindak pidana. Sementara untuk kegiatan yang jadi sasaran Operasi Pekat Jaya 2019 adalah: 1. Kejahatan jalanan dan di angkutan umum. 2. Premanisme oleh kelompok/individu yang meminta secara paksa. 3. Perampokan terhadap penumpang taxi. 4. Melakukan hipnotis. 5. Debt Colector menagih hutang dengan cara kekerasan. 6. Kejahatan di Keramaian. 7. Perampokan terhadap Nasabah Bank. 8. Kejahatan Kapak Merah. 9. Perjudian. ""Diharapkan dengan berbagai operasi yang dilakukan termasuk operasi Keselamatan Jaya, Pekat Jaya dan nanti Operasi Ketupat, akan memberikan perasaan aman pada masyarakat,"" kata Argo menambahkan. Pewarta: Ricky Prayoga Editor: Ruslan Burhani Copyright © ANTARA 2019 Dilarang keras mengambil konten, melakukan crawling atau pengindeksan otomatis untuk AI di situs web ini tanpa izin tertulis dari Kantor Berita ANTARA. Kirim Komentar menjadi tanggung-jawab Anda sesuai UU ITE.",PENCURIAN
"Kabareskrim ingatkan bakal tindak pelanggar kebijakan soal Corona Jakarta (ANTARA) - Kabareskrim Polri Komjen Listyo Sigit Prabowo mengingatkan kepada seluruh masyarakat bahwa pihak-pihak yang melanggar kebijakan Pemerintah selama status darurat bencana pandemi COVID-19 akan ditindak tegas oleh Satgas V Gakkum Aman Nusa II. ""Tim satgas terus beroperasi selama status darurat bencana wabah dan akan menegakkan hukum terhadap para pelanggar kebijakan Pemerintah, baik yang terkait percepatan penanganan COVID-19 serta penetapan pembatasan sosial berskala besar (PSBB) di sejumlah daerah,"" kata Komjen Sigit melalui siaran pers, di Jakarta, Jumat. Polri telah membentuk Satgas Aman Nusa II sebagai bagian dari Gugus Tugas Percepatan Penanganan COVID-19 di Indonesia. Satgas Aman Nusa II ini bekerja selama 30 hari ke depan. ""Satgas V Gakkum merupakan bagian dari Satgas Aman Nusa II terdiri dari Sub Satgas Pidum, Sub Satgas Ekonomi, serta Sub Satgas Siber. Fokus utamanya yakni pencegahan, penanggulangan dan penegakan hukum,"" kata mantan Kadiv Propam Polri ini pula. Baca juga: Polri tangani 18 kasus terkait kebutuhan pokok selama pandemi COVID-19 Sigit menjelaskan bahwa Satgas Aman Nusa II ini mempunyai tugas masing-masing, di antaranya Sub Satgas Pidum (Pidana Umum) bertugas menindak kejahatan konvensional seperti pencurian, penjarahan, perampokan, tindak pidana bencana alam, serta tindak pidana karantina kesehatan. Kemudian tugas Sub Satgas Ekonomi mengawasi dan menindak penimbunan bahan makanan dan alat kesehatan, menindak pelaku ekspor antiseptik, bahan baku masker, alat pelindung diri (APD) dan masker, serta penindakan terhadap obat atau alat kesehatan yang tidak sesuai standar/izin edar. ""Tugas Sub Satgas Siber melakukan penindakan hoaks COVID-19, provokator terkait COVID-19 melalui media online , serta penindakan penjualan alat kesehatan melalui online ,"" ujarnya. Menurut dia, selama ini Satgas Aman Nusa II sudah melakukan kegiatan pengawasan, pencegahan dan penegakan hukum. Misalnya, Sub Satgas Pidum telah melakukan penegakan hukum dengan total kegiatan 124.195, terdiri dari 90.503 imbauan, 33.684 pembubaran massa, serta 51 penangkapan. ""Polda Metro Jaya menangkap 38 orang, Polda Jawa Barat menangkap 10 orang dan Polda Jawa Tengah menangkap 3 orang,"" kata mantan Kapolda Banten ini. Kemudian Sub Satgas Siber juga terus mengawasi konten di internet serta mencegah penyebaran hoaks, ujaran kebencian dan kegiatan lainnya berkenaan dengan COVID-19 seperti patroli siber dengan jumlah kegiatan sebanyak 2.353 kegiatan dan 84 kali penangkapan. ""Sub Satgas Ekonomi juga melakukan kegiatan dalam pencegahan dan percepatan penanganan COVID-19 dengan total kegiatan 13.395, terdiri dari 7.441 monitoring bahan pokok, 5.954 monitoring alat kesehatan, serta 16 penindakan,"" katanya lagi. Baca juga: Satgas Pangan Polri surati Aprindo batasi penjualan bahan pokok Selain itu, pihaknya menyoroti pencapaian beberapa polda yang telah menyelenggarakan kegiatan dalam menangani COVID-19 sejak 19 Maret hingga 15 April 2020, di antaranya Polda Metro Jaya 86.638 kegiatan, Polda Banten 19.893 kegiatan serta Polda Jawa Timur 7.082 kegiatan. ""Bareskrim melalui Satgas Aman Nusa II melakukan analisis dan evaluasi secara berkala termasuk cara bertindak yang disesuaikan dengan kondisi psikologis masyarakat,"" katanya pula. Ia menambahkan, Polri juga telah melakukan upaya pencegahan seperti kegiatan pengawalan dan pembatasan di beberapa titik masuk PSBB yang tersebar di sejumlah daerah untuk memutus rantai penularan COVID-19. ""Di Jakarta sebanyak 33 titik, Kota Bekasi 30 titik, Kabupaten Bekasi 20 titik, Depok 20 titik, Tangerang Kota 22 titik, Tangerang Selatan 21 titik, Bandara Soetta 1 titik, serta KP3 Tanjung Priok 1 titik,"" ujar Sigit pula. Baca juga: Harga jahe merah naik, Satgas Pangan Polri turun tangan Pewarta: Anita Permata Dewi Editor: Budisantoso Budiman Copyright © ANTARA 2020 Dilarang keras mengambil konten, melakukan crawling atau pengindeksan otomatis untuk AI di situs web ini tanpa izin tertulis dari Kantor Berita ANTARA. Kirim Komentar menjadi tanggung-jawab Anda sesuai UU ITE.",PENCURIAN
"Kriminal kemarin, jasad dalam karung hingga penculikan atlet golf Jakarta (ANTARA) - Sejumlah peristiwa yang berkaitan dengan kriminalitas dan keamanan terjadi di Jakarta pada Selasa (4/8), mulai dari penyelidikan polisi terkait jasad pria di dalam karung yang ditemukan warga di Depok hingga penghentian penyelidikan kasus dugaan penculikan atlet golf. Simak kembali rangkaian berita selengkapnya berikut ini: Polisi hentikan penyelidikan kasus dugaan penculikan atlet golf Jakarta (ANTARA) - Polres Metro Jakarta Pusat menghentikan penyelidikan kasus dugaan penculikan terhadap atlet golf Jesslyn Wijaya setelah penyidik menyimpulkan tidak ditemukan unsur tindak pidana penculikan dalam peristiwa tersebut. Kasat Reskrim Polres Metro Jakarta Pusat AKBP Roby Heri Saputra mengatakan saat ini penyidik tengah menjadwalkan gelar perkara sebagai bagian dari proses penghentian penyelidikan. ""Iya, dihentikan. Kami sedang menjadwalkan gelar perkara untuk penghentian penyelidikan,"" kata Roby saat dikonfirmasi di Jakarta, Selasa. Berita selengkapnya di sini Polres Tangerang Selatan musnahkan 46 juta butir obat keras daftar G Jakarta (ANTARA) - Polres Tangerang Selatan memusnahkan 46 juta butir obat keras ilegal daftar G yang merupakan hasil pengungkapan kasus oleh jajaran Polsek Serpong beberapa waktu lalu “Ini komitmen kami dalam memberantas peredaran narkotika dan obat keras daftar G,” kata Kapolres Tangerang Selatan AKBP Boy Jumalolo di Jakarta, Selasa. Berita selengkapnya di sini Polisi selidiki jasad pria dalam karung yang ditemukan warga di Depok Jakarta (ANTARA) - Tim Inafis Polres Metro Depok menyelidiki penemuan sesosok jasad pria di dalam karung yang ditemukan warga di kawasan Tanah Merah, Jalan Kavling Depkes RT 03/RW 17, Kelurahan/Kecamatan Pancoran Mas, Selasa sore. “Tim Inafis Polres Metro Depok melakukan identifikasi awal dan mengevakuasi jenazah ke RS Polri Kramat Jati untuk pemeriksaan forensik lebih lanjut,” kata Kabid Humas Polda Metro Jaya Kombes Pol Budi Hermanto di Jakarta, Selasa. Berita selengkapnya di sini Tiga korban TPPO di Libya alami eksploitasi ekonomi Jakarta (ANTARA) - Ketiga korban Tindak Pidana Perdagangan Orang (TPPO) berinisial NAR (21), SS (45), dan NKR (39) mengalami eksploitasi ekonomi karena ditempatkan di negara yang bukan menjadi penempatan Pekerja Migran Indonesia (PMI). “Ketiga korban TPPO ini wanita dan sudah dewasa. Ada keputusan Kemenaker terkait negara penempatan PMI dan Libya tidak termasuk,” kata Direktur Reserse PPA-PPO Polda Metro Jaya Kombes Pol Dr. Rita Wulandari Wibowo di Jakarta, Selasa. Berita selengkapnya di sini Polisi tangkap pelaku perampokan dan penyekapan lansia di Cakung Jakarta (ANTARA) - Polisi berhasil menangkap pelaku perampokan seorang perempuan lanjut usia (lansia) berinisial H (61) yang juga disekap saat hendak melaksanakan shalat dzuhur di rumahnya, di kawasan Kampung Pisangan, Penggilingan, Cakung, Jakarta Timur. ""Alhamdulillah tidak sampai tiga jam, pelaku aksi pencurian dengan kekerasan tersebut dapat kami amankan di rumahnya,"" kata Kapolsek Cakung Kompol Andre Tri Putra saat konferensi pers di Mapolsek Cakung, Jakarta Timur, Selasa. Berita selengkapnya di sini Pewarta: Mario Sofia Nasution Editor: Rr. Cornea Khairany Copyright © ANTARA 2026 Dilarang keras mengambil konten, melakukan crawling atau pengindeksan otomatis untuk AI di situs web ini tanpa izin tertulis dari Kantor Berita ANTARA. Kirim Komentar menjadi tanggung-jawab Anda sesuai UU ITE.",PENCURIAN
"Polda Metro bekuk dua komplotan begal bersenjata tajam Jakarta (ANTARA) - Penyidik Polda Metro Jaya membekuk dua komplotan begal sadis yang kerap melukai korbannya dengan senjata tajam saat menjalankan aksinya di kawasan Bekasi dan Depok. Komplotan pertama yang diungkap yakni begal yang kerap beraksi di kawasan Bekasi. Dalam kasus ini, polisi berhasil menangkap tujuh pelaku setelah mendapat laporan dari korban. Yusri mengatakan lima pelaku ini berperan sebagai eksekutor dan joki saat beraksi. Penangkapan terhadap lima pelaku tersebut terus dikembangkan dan berujung dengan penangkapan terhadap dua penadah barang hasil curian para pelaku. Modusnya komplotan ini adalah beraksi pada tengah malam dengan mencari lokasi yang sepi dan mengincar korban yang melintas seorang diri. ""Komplotan ini satu motor bonceng tiga dan mencari korban yang berjalan sendiri. Ini sama modusnya, dipepet tanpa tanpa ada basa basi pelaku turun menyerang korban di beberapa bagian tubuh korban,"" ujar Yusri. Yusri mengatakan pelaku melakukan penganiayaan karena korbannya berusaha melawan demi mempertahankan harta bendanya. Atas laporan korban polisi kemudian menangkap dua pelaku dan satu pelaku lainnya masih dalam pengejaran petugas. Secara total ada sembilan orang yang ditangkap Polda Metro Jaya dan seluruhnya kini telah menyandang status tersangka serta ditahan di Rumah Tahanan Polda Metro Jaya Para tersangka begal tersebut dijerat dengan Pasal 365 KUHP tentang perampokan dengan ancaman hukuman 9 tahun penjara sedangkan pelaku penadah barang curian tersebut dijerat dengan Pasal 480 KUHP dengan ancaman empat tahun penjara. Pewarta: Fianda Sjofjan Rassat Editor: Ganet Dirgantara Copyright © ANTARA 2021 Dilarang keras mengambil konten, melakukan crawling atau pengindeksan otomatis untuk AI di situs web ini tanpa izin tertulis dari Kantor Berita ANTARA. Kirim Komentar menjadi tanggung-jawab Anda sesuai UU ITE.",BEGAL
"Polda Metro tangkap begal bersenjata tajam di Bojonggede Jakarta (ANTARA) - Petugas Direktorat Reserse Kriminal Umum Polda Metro Jaya menangkap kelompok begal bersenjata tajam yang kerap melukai korbannya saat beraksi di Bojobggede, yang masuk wilayah hukum Polres Kota Depok. ""Modus operandi para pelaku, menghampiri korban dan tanpa basa-basi memukul dan melukai korban. Pelaku langsung mengambil barang milik korban dan melarikan diri,"" kata Kabid Humas Polda Metro Jaya, Kombes Pol Endra Zulpan, di Jakarta, Jumat. Zulpan mengatakan, kasus ini terungkap setelah sebelumnya polisi mendapat laporan dari seorang korban berusia 18 tahun. ""Pembegalan itu terjadi pada Jumat 12 November 2021 di Bojonggede, Depok, dengan korban berinisial DS,"" katanya. Baca juga: Polisi tembak mati seorang begal motor di Jakarta Utara Atas laporan itu, petugas dari Polda Metro Jaya melakukan penyelidikan dan olah tempat kejadian perkara (TKP) yang mengarah kepada pelaku pembegalan tersebut. Polisi kemudian menangkap tiga tersangka begal berinisial RHR (22), H (19) dan FA (24), di tempat berbeda. ""Perannya ada eksekutor, membacok korban menggunakan celurit, dan ada joki,"" kata Zulpan. Atas perbuatanya, para tersangka ini kini harus mendekam di Rumah Tahanan Polda Metro Jaya dan dijerat dengan Pasal 365 KUHP tentang perampokan dengan ancaman hukuman di atas lima tahun penjara. Baca juga: Polisi ringkus begal bersenjata dan penadah di Jakarta Barat Baca juga: Polisi kejar penjahat begal sepeda motor di Jakarta Selatan Pewarta: Fianda Sjofjan Rassat Editor: Riza Harahap Copyright © ANTARA 2021 Dilarang keras mengambil konten, melakukan crawling atau pengindeksan otomatis untuk AI di situs web ini tanpa izin tertulis dari Kantor Berita ANTARA. Kirim Komentar menjadi tanggung-jawab Anda sesuai UU ITE.",BEGAL
"Polisi tangkap komplotan perampok dengan pemerasan toko pakaian Jakarta (ANTARA) - Subdit 3 Resmob Dit Reskrimum Polda Metro Jaya berhasil menangkap komplotan perampok dengan pemerasan toko pakaian bernama Alva Store di Kota Tangerang dengan satu tersangka merupakan residivis serta satu tersangka perempuan di bawah umur. ""HP (25) dan D (32) berhasil ditangkap pada Senin 1 Juli. HP ditangkap di kontrakannya yang berada di Jakarta Barat dan D ditangkap di rumahnya di Depok,"" kata Kabid Humas Polda Metro Jaya, Kombes Pol Argo Yuwono di Polda Metro Jaya, Jakarta, Selasa. Saat ditangkap, kedua pelaku melakukan perlawanan sehingga polisi terpaksa menembak kaki kedua pelaku yang mengakibatkan tersangka D meninggal saat akan di tengah perjalanan ke rumah sakit. Dalam menjalankan aksinya, komplotan itu selalu berjumlah tiga orang dan membawa dua buah golok untuk menakut-nakuti korbannya. Baca juga: Polisi tembak pembobol toko di Tangerang Selatan Adapun salah satu tersangka, merupakan perempuan dan ternyata anak di bawah umur berinisial M (15) dan tidak ditampilkan oleh polisi dalam rilis kasus itu. ""Satu tersangka yang perempuan berinisial M (15) kita tidak tampilkan karena ada penanganan khusus terkait anak. Tersangka anak ini kita lakukan diversi,"" kata Argo. Aksi pencurian dengan kekerasan terjadi di Kota Tangerang itu, menurut keterangan korban bernama Budi Ramdhani (25), saat itu dirinya sedang menjaga sebuah toko pakaian dan didatangi oleh para tersangka. Kejadian itu terjadi pada Jumat tanggal 28 Juni 2019 sekitar pukul 22:00 WIB. Para tersangka mengincar toko-toko yang ingin tutup dan hanya dijaga oleh satu penjaga toko. Kepada pihak kepolisian, semua tersangka mengaku sudah beraksi lebih dari lima kali di TKP yang berbeda. ""Sementara tersangka D itu adalah residivis sudah melakukan pencurian dengan kekerasan pada sebuah toko, baik toko pakaian, kelontong dia lakukan dengan pemerasan. Mereka itu sudah lebih dari lima kali melakukan aksinya. Ada juga laporan polisi masuk ke Polda Metro di TKP Depok,"" ucap Argo. Karena tersangka D sudah meninggal dan satu tersangka lainnya masih di bawah umur, polisi fokus menginterogasi tersangka HP yang mengaku baru kali ini ikut melakukan aksi kejahatannya dan belum pernah melukai korbannya. ""Dia ngakunya baru ikut-ikutan saja satu kali dan golok digunakan untuk nakut-nakuti. Untuk tersangka HP dia belum ngaku sudah ada korban atau tidak,"" kata Argo. Uang hasil kejahatan itu digunakan para tersangka untuk kebutuhan hidup sehari-hari. Polisi hingga kini masih menyelidiki kasus tersebut sebab, tersangka baru saja ditangkap oleh polisi. Dari tangan tersangka, polisi menyita satu unit sepeda motor, dua buah golok, uang tunai Rp1,5 juta rupiah dan 1 unit telepon genggam korban. Atas perbuatannya, tersangka dikenakan Pasal 365 KUHP dan atau 368 KUHP dengan ancaman sembilan tahun penjara. Pewarta: Ricky Prayoga Editor: Yuniardi Ferdinand Copyright © ANTARA 2019 Dilarang keras mengambil konten, melakukan crawling atau pengindeksan otomatis untuk AI di situs web ini tanpa izin tertulis dari Kantor Berita ANTARA. Kirim Komentar menjadi tanggung-jawab Anda sesuai UU ITE.",PENCURIAN
"Dini Hari yang Mencekam, Ibu dan Anak di Depok Bersimbah Darah Dibacok Usai Pergoki Maling Depok , VIVA – Seorang ibu dan anak di Depok, Jawa Barat, mengalami luka-luka setelah menjadi korban aksi perampokan yang berujung pembacokan . Pelaku yang aksinya dipergoki penghuni rumah diduga nekat menyerang korban menggunakan parang sebelum melarikan diri. Peristiwa itu terjadi di kawasan Sukamaju Baru, Depok, pada Senin dini hari, 8 Juni 2026, sekitar pukul 02.00 WIB. ADVERTISEMENT GULIR UNTUK LANJUT BACA Informasi yang dihimpun menyebutkan, pelaku diduga menyelinap masuk ke rumah korban saat penghuni sedang berada di dalam. Namun, aksinya untuk mencuri barang berharga tidak berjalan mulus karena diketahui oleh pemilik rumah. Kapolsek Cimanggis, Komisaris Polisi Jupriono membenarkan adanya kasus perampokan yang disertai kekerasan tersebut. ""Betul (ada perampokan melukai ibu dan anak),"" kata Jupriono saat kepada wartawan, Rabu, 10 Juni 2026. Dari hasil penyelidikan sementara, sasaran pelaku diduga adalah telepon genggam milik korban. Saat hendak membawa kabur barang tersebut, keberadaan pelaku diketahui oleh penghuni rumah. ""Saat masuk rumah mengambil handphone di rumah korban, ketahuan,"" tutur dia. Situasi kemudian berubah mencekam. Ibu dan anak yang memergoki pelaku disebut sempat berusaha mempertahankan diri dan menggagalkan aksi pencurian tersebut. Namun, pelaku diduga panik setelah aksinya terbongkar. Dalam kondisi itu, pelaku mengambil sebilah parang yang berada di dalam rumah korban. Senjata tajam yang sebelumnya dijadikan pajangan itu kemudian digunakan untuk menyerang pemilik rumah. ""Kemudian pelaku mengambil parang yang jadi pajangan di rumah tersebut dan membacok pemilik rumah. Ya (kedua korban sempat melawan),"" katanya. Akibat serangan tersebut, kedua korban mengalami luka pada sejumlah bagian tubuh. Mereka kemudian dievakuasi ke Rumah Sakit Husada Cibinong untuk mendapatkan perawatan medis. ADVERTISEMENT GULIR UNTUK LANJUT BACA ""Luka jari, kepala, dan muka. (Dirawat) di RS Husada Cibinong,"" ujar dia. Saat ini aparat kepolisian masih melakukan penyelidikan dan memburu pelaku yang kabur usai melakukan aksi brutal tersebut. Polisi juga tengah mengumpulkan sejumlah petunjuk untuk mengungkap identitas pelaku.",PEMBACOKAN
"Pembegal anggota Brimob di Jatisampurna terancam 12 tahun penjara Jakarta (ANTARA) - Lima pelaku perampokan dengan senjata tajam terhadap anggota Korps Brimob Polri di Jatisampurna, Kota Bekasi, terancam hukuman 12 tahun penjara. ""Akibat kejahatan ini para penyidik menetapkan lima orang sebagai tersangka dan dipersangkakan dengan Pasal 365 KUHP ayat 2 dengan ancaman hukuman 12 tahun penjara,"" kata Kabid Humas Polda Metro Jaya Kombes Pol Endra Zulpan di Jakarta, Rabu. Zulpan menjelaskan, kasus perampokan tersebut terjadi pada Selasa (15/2) dini hari sekitar pukul 02.00 WIB di Jalan Raya Kranggan, Jatisampurna, Kota Bekasi. Korban dalam hal ini seorang anggota polri pangkat Aipda ES (41) yang berdinas di Korps Brimob Polri di Kelapa Dua, Depok, Jawa Barat. Baca juga: Anggota Polri dibegal saat melintas di Jatisampurna Bekasi Korban kemudian melaporkan kejadian tersebut ke Polsek Jatisampurna yang langsung ditindaklanjuti dengan olah tempat kejadian perkara (TKP) dan penangkapan lima tersangka pada Selasa malam sekitar pukul 20.00 WIB. Tersangka pertama berinisial MH (17) yang berperan sebagai otak kejahatan itu dan mengajak tersangka lainnya untuk menentukan tentukan lokasi perampokan. Tersangka selanjutnya berinisial RMI (21) yang berperan menyerang korban dengan senjata tajam dan mengambil motor korban. Tersangka ketiga berinisial AM (16) yang perannya turut mengambil motor korban. Tersangka keempat adalah MAL (17) perannya menyediakan dan menyimpan senjata tajam yang digunakan untuk kejahatan. Baca juga: Polisi tangkap pembegal anggota Polri di Jatisampurna Tersangka kelima adalah RH (16) yang berperan menyimpan motor hasil kejahatan dan menjual motor tersebut secara daring. Adapun barang bukti kejahatan yang disita petugas, yakni dua buah celurit, satu unit motor milik korban dan satu unit motor yang digunakan pelaku dalam melakukan aksi kejahatan. Modus pelaku mereka adalah mencari lokasi sepi di jam tertentu dan mengincar pengendara yang melintas seorang diri. Polisi juga telah melakukan tes urine kepada kelima tersangka, namun hasil tes kelima tersangka negatif dari narkoba. Kelima tersangka telah ditahan oleh Polres Metro Bekasi Kota untuk menjalani proses hukum dan mempertanggungjawabkan perbuatannya. Pewarta: Fianda Sjofjan Rassat Editor: Sri Muryono Copyright © ANTARA 2022 Dilarang keras mengambil konten, melakukan crawling atau pengindeksan otomatis untuk AI di situs web ini tanpa izin tertulis dari Kantor Berita ANTARA. Kirim Komentar menjadi tanggung-jawab Anda sesuai UU ITE.",BEGAL
"Kriminal sepekan, Roy Kiyoshi narkoba hingga korban jambret tewas Jakarta (ANTARA) - Beragam aksi kriminalitas di Kota Metropolitan Jakarta dan sekitarnya telah diwartakan Kantor Berita Antara, berikut kami rangkum berita kriminalitas yang paling banyak menarik perhatian publik dalam sepekan sejak Senin (4/5) hingga Minggu (10/5). Roy Kiyoshi ditangkap diduga terkait narkoba Petugas Satuan Reserse Narkoba Polres Metro Jakarta Selatan menangkap paranormal Roy Kiyoshi karena diduga terlibat penyalahgunaan narkoba. Kapolres Metro Jakarta Selatan Kombes Polisi Budi Sartono saat dikonfirmasi di Jakarta, Kamis, membenarkan penangkapan selebritis yang memiliki kemampuan indera keenam tersebut. Roy pernah janji tidak akan gunakan narkoba Pengacara Henry Indraguna mengungkapkan sahabatnya yang merupakan paranormal Roy Kiyoshi pernah berjanji tidak akan mengonsumsi narkoba. Henry saat dikonfirmasi di Jakarta, Kamis, menyebutkan pernah satu mobil berdua dengan Roy Kiyoshi kemudian mengingatkan agar sang sahabat tidak terlibat narkoba. ""Roy janganlah nanti kaya' oknum artis lain yang memakai narkoba, saat itu Roy menjawab tidak akan pernah dan mengatakan tidak pernah pakai narkoba,"" kata Indra. Polda Metro turunkan tim khusus pantau travel gelap Polda Metro Jaya telah menurunkan tim khusus untuk memantau pergerakan travel gelap yang berupaya menyelundupkan pemudik keluar dari wilayah Jabodetabek dengan melanggar kebijakan larangan mudik yang dikeluarkan oleh pemerintah. Kepala Bidang Humas Polda Metro Jaya, Komisaris Besar Polisi Yusri Yunus mengatakan tim tersebut juga akan memantau media sosial yang banyak digunakan oleh bisnis travel gelap untuk memasarkan jasanya. ""Kalau travel itu kan menggunakan media sosial untuk memasarkan, mengantar pemudik sehingga kita ada tim khusus untuk memantau mereka semua saat melewati pos pemantau,"" kata Yusri di Polda Metro Jaya, Senin. Polisi: Wanita bersimbah darah di Tamansari korban penganiayaan Kapolsek Metro Tamansari AKBP Abdul Ghafur mengungkapkan wanita yang ditemukan bersimbah darah dalam kamar salah satu hotel di kawasan tersebut merupakan korban penganiayaan. ""Dia korban penganiayaan, sempat 'check in' dengan laki-laki yang berkenalan lewat aplikasi MiChat,"" ujar Ghafur di Jakarta, Senin. Perempuan korban jambret tewas dalam kecelakaan di Roa Malaka Seorang perempuan yang menjadi korban jambret tewas dalam kecelakaan lalu lintas di Jalan Roa Malaka Utara, Tambora, Jakarta Barat, Senin. Kasat Reskrim Polres Metro Jakarta Barat Kompol Teuku Arsya Khadafi membenarkan adanya peristiwa tersebut. ""Ya benar kami telah menerima adanya laporan seorang yang meninggal setelah mengalami kecelakaan akibat korban terjatuh setelah mengalami aksi penjambretan"" ujar Arsya di Jakarta, Senin. ​​​​​ Polisi memburu empat perampok modus pecah kaca di Depok Jabar Penyidik kepolisian kini tengah memburu empat pelaku perampokan dengan modus pecah kaca yang berupaya merampok seorang pengusaha wanita berinisial IR (49), di Jalan Raya Muchtar, Bojongsari, Kota Depok, Jawa Barat, Selasa pagi. ""Pelaku masih dilakukan pengejaran,"" kata Kabid Humas Polda Metro Jaya Kombes Yusri Yunus dalam keterangan tertulis, Selasa. Yusri menjelaskan peristiwa perampokan yang viral di media sosial itu, berawal ketika korban baru mengambil uang sejumlah Rp80 juta di salah satu bank di Bojongsari Pewarta: Fianda Sjofjan Rassat Editor: Ganet Dirgantara Copyright © ANTARA 2020 Dilarang keras mengambil konten, melakukan crawling atau pengindeksan otomatis untuk AI di situs web ini tanpa izin tertulis dari Kantor Berita ANTARA. Kirim Komentar menjadi tanggung-jawab Anda sesuai UU ITE.",KECELAKAAN
